year,month,country_1_iso3,country_2_iso3,avg_tone,article_count,goldstein_scale_avg
2025,11,VEN,ESP,-2.250196820666168,21,2.204761904761905
2025,11,GMB,ITA,-5.12820512820513,2,0.0
2025,11,HRV,UKR,3.125,3,3.6666666666666665
2025,11,NZL,WSM,-1.28205128205128,1,2.8
2025,11,ISR,EGY,-2.6535848703503837,13,2.1076923076923073
2025,11,UGA,USA,1.84049079754601,1,7.0
2025,11,DZA,USA,-3.6729338818185746,7,2.914285714285714
2025,11,DJI,DZA,-2.05784204671857,3,1.0
2025,11,MUS,ARM,2.4896265560166,6,2.3499999999999996
2025,11,THA,POL,3.7725177645477204,4,0.4
2025,11,TWN,DEU,0.0,2,0.0
2025,11,BRA,KEN,1.39784946236559,2,7.0
2025,11,MRT,SEN,1.76991150442478,2,1.9
2025,11,AUS,NGA,4.35684647302905,1,1.0
2025,11,PER,UKR,-1.27041742286751,1,-10.0
2025,11,AUS,ZWE,7.76196636481242,1,3.4
2025,11,MDV,FRA,-4.4262780387247425,5,-6.52
2025,11,KOR,KOR,0.47828421276868593,110,1.9318181818181819
2025,11,MEX,MEX,-4.140346775149876,64,0.1390625
2025,11,USA,POL,-0.9181137358537739,13,-2.5384615384615374
2025,11,SAU,SDN,1.7248683585969542,5,1.4
2025,11,USA,CZE,-2.419387941807866,5,-0.8999999999999999
2025,11,AUS,KIR,0.0,4,2.3499999999999996
2025,11,BEL,TUR,2.677419798126231,23,2.586956521739131
2025,11,GRC,MDV,-8.098360655737704,2,-5.0
2025,11,NZL,SGP,5.47945205479452,2,2.8
2025,11,PSE,ISR,-4.346286024969245,522,-0.6116858237547894
2025,11,EGY,PSE,-1.524497108458223,16,1.9374999999999998
2025,11,AFR,ZMB,3.50194552529183,2,2.8
2025,11,BGD,EGY,0.0,2,0.0
2025,11,NOR,ISR,-3.507712983051629,10,0.56
2025,11,GNB,CPV,-2.7431421446384,2,1.9
2025,11,PER,GBR,4.278571101224186,8,2.725
2025,11,SEN,NGA,3.416974541693507,3,0.0
2025,11,RUS,KOR,0.6972676827490236,11,3.4181818181818184
2025,11,FRA,EST,-0.359342915811085,4,4.0
2025,11,LBR,WAF,3.76344086021505,5,2.7199999999999998
2025,11,LBR,LBN,-6.0120240480962,1,-5.0
2025,11,MAR,MAR,-1.0702178844332326,11,3.0363636363636357
2025,11,ARG,MEX,-1.8036173540033316,7,-3.5285714285714294
2025,11,LVA,USA,6.94266987027528,3,0.9333333333333332
2025,11,EGY,JOR,1.65290131012179,7,2.6285714285714286
2025,11,SAU,SGP,2.4608000618056924,4,2.825
2025,11,GBR,ECU,-5.38461538461539,2,-5.0
2025,11,KEN,GBR,6.80628272251309,3,8.0
2025,11,SVK,POL,9.30232558139535,2,8.0
2025,11,RUS,PAN,-3.6734693877551,2,7.0
2025,11,MEA,PAK,-6.36704119850187,1,-5.0
2025,11,NAM,AFR,5.17464424320828,3,2.9
2025,11,JPN,CHE,0.652176995165385,2,5.2
2025,11,ITA,ARG,2.49689633767846,2,2.65
2025,11,IRL,IRL,-2.054552837860254,104,0.6788461538461539
2025,11,DNK,LTU,-2.4078624078624102,5,0.20000000000000018
2025,11,BLR,PAK,-4.73251028806584,2,2.8
2025,11,ARE,SAU,1.2287094528752438,16,3.3000000000000003
2025,11,PAK,TJK,4.140157510970493,9,3.222222222222222
2025,11,MMR,VNM,-5.35123042505593,4,4.0
2025,11,BEL,HUN,-1.85185185185185,1,3.0
2025,11,FIN,AFR,1.5574209515366448,2,2.3499999999999996
2025,11,TUR,URY,-1.97361667179961,3,1.0
2025,11,CAN,ZAF,0.62370062370063,4,2.3499999999999996
2025,11,FRA,MEX,-0.3074319454852925,13,1.8307692307692307
2025,11,TUR,AFG,-1.6004750165781159,5,5.2
2025,11,PSE,BRA,-1.0733610062753667,3,1.3000000000000003
2025,11,TWN,KOR,1.87793427230047,2,7.0
2025,11,ARG,BEL,1.96078431372549,2,1.9
2025,11,IRL,ZAF,3.95778364116095,1,2.8
2025,11,KOR,UKR,1.86915887850467,2,-10.0
2025,11,BRA,BRA,-2.2055119688880325,173,0.8236994219653179
2025,11,SGP,ARE,-2.7049303547843953,18,2.6833333333333327
2025,11,TUR,IND,-7.186366082645239,6,-1.8666666666666665
2025,11,EST,CZE,-4.50450450450451,2,8.0
2025,11,NIC,VEN,-4.0,2,-4.0
2025,11,GBR,TTO,2.7415301931302443,5,2.6599999999999997
2025,11,ESP,FRA,-1.4934069966403531,24,1.7666666666666666
2025,11,NLD,BRA,3.3625184533718637,8,-0.29999999999999993
2025,11,LBN,FRA,1.1726299162869918,17,-0.2411764705882351
2025,11,AUS,BRA,-3.2890649483594574,13,1.2615384615384613
2025,11,ISL,USA,-2.2990162373723977,4,1.4249999999999998
2025,11,PHL,ESP,-1.9833104171375453,4,4.35
2025,11,KOR,CUB,0.84594367381253,4,4.75
2025,11,EGY,MAR,0.869565217391307,1,5.2
2025,11,AZE,ARE,-0.4762200165425975,4,-0.5
2025,11,SWE,ESP,-1.0490557581224766,9,3.211111111111111
2025,11,JPN,BWA,-1.20481927710843,3,1.9
2025,11,TCD,SDN,-6.769573472802231,7,4.3428571428571425
2025,11,MDA,UKR,-1.2856644922385694,16,3.025
2025,11,MDA,NLD,4.72103004291845,1,6.0
2025,11,IRN,FRA,-0.5868494324266469,6,2.9333333333333336
2025,11,AUS,MYS,-0.5251755172320272,7,3.4285714285714284
2025,11,COL,KEN,-2.589677011636373,3,4.0
2025,11,CAN,RUS,-4.148784662256717,26,-2.861538461538461
2025,11,KEN,TZA,-5.079421614087147,4,-0.875
2025,11,EUR,IND,4.58937198067633,1,8.0
2025,11,KIR,KIR,0.0,6,0.39999999999999997
2025,11,LBN,USA,-0.42976622430033357,14,1.2000000000000002
2025,11,PSE,TUR,-1.3823332703676674,18,-1.2444444444444442
2025,11,GBR,VAT,2.408050682860438,7,2.8
2025,11,URY,TUR,-2.4213681538787437,11,2.781818181818182
2025,11,IRN,PAK,-3.357766768036821,8,1.4500000000000002
2025,11,USA,MMR,-5.4172245044302905,2,-7.6
2025,11,BRA,ESP,2.13523131672598,1,1.9
2025,11,EGY,IRQ,7.31292517006803,1,0.0
2025,11,DEU,EST,0.22421524663677,4,1.5
2025,11,BEL,MDA,-6.37450199203188,1,7.0
2025,11,CMR,GBR,4.79386385426654,1,-5.0
2025,11,KEN,AFR,-3.197093491226005,6,2.3499999999999996
2025,11,KNA,TWN,6.26959247648903,4,4.25
2025,11,ITA,AUT,2.5849983899663975,4,4.5
2025,11,EUR,EGY,-3.0864635010630828,4,4.0
2025,11,CIV,FRA,0.12004801920769,1,0.0
2025,11,DOM,ESP,3.15955766192733,1,7.0
2025,11,DZA,MAR,-2.77777777777777,2,8.0
2025,11,LKA,SAS,9.27357032457496,2,0.6999999999999997
2025,11,BEL,CYP,-2.19298245614035,1,1.0
2025,11,QAT,SAU,1.148645604208797,10,-0.7999999999999998
2025,11,MAR,GBR,0.540540540540541,2,6.4
2025,11,HUN,UKR,-1.1798383378431212,47,2.68936170212766
2025,11,AZE,UZB,3.1118826644944786,22,3.336363636363636
2025,11,UGA,ZWE,0.69204152249135,2,2.8
2025,11,ITA,MRT,3.73831775700935,1,2.8
2025,11,AFR,FIN,2.1053117612293155,5,1.88
2025,11,DNK,AZE,0.3424174895124091,11,2.090909090909091
2025,11,ZAF,DEU,1.81818181818181,1,7.4
2025,11,SWE,AFR,2.382725655847045,2,-5.0
2025,11,YEM,ARE,9.26090828138914,1,0.0
2025,11,IND,AGO,2.176545729026693,6,1.9
2025,11,AUS,GMB,-1.36570561456753,2,4.0
2025,11,LTU,BEL,-0.84507042253521,2,1.9
2025,11,FRA,JPN,9.6,3,3.4
2025,11,BEL,LTU,-0.84507042253521,2,2.8
2025,11,MLT,DEU,-9.50570342205323,2,-2.0
2025,11,SYR,AFR,-1.34048257372654,2,1.9
2025,11,IRQ,USA,-2.425798213115968,43,-0.2441860465116279
2025,11,NIC,USA,-3.5139489457780027,11,-0.0181818181818183
2025,11,GTM,PAK,4.46601941747573,4,3.0999999999999996
2025,11,USA,BLZ,-4.978351817613381,14,-3.3071428571428574
2025,11,ZAF,NGA,-7.689305704736896,3,-0.7
2025,11,BGR,TUR,-3.31884630580798,6,2.3499999999999996
2025,11,FJI,JPN,5.464184772283886,8,4.1125
2025,11,SEA,SGP,-0.29980857292996244,4,-1.025
2025,11,RUS,KGZ,-6.102531102531104,3,-4.666666666666666
2025,11,COG,MAR,2.68817204301075,1,3.5
2025,11,PER,RUS,-1.27041742286751,3,-10.0
2025,11,USA,UZB,3.05343511450382,1,2.8
2025,11,AZE,USA,-0.9055042943206127,30,2.783333333333333
2025,11,DEU,BEL,-5.08857198353048,3,-0.13333333333333375
2025,11,PAK,RUS,-0.1812565557655558,12,1.3333333333333333
2025,11,EUR,SVK,-0.08569088274210657,3,4.199999999999999
2025,11,AGO,AGO,0.5505673555858239,12,2.408333333333333
2025,11,JOR,NGA,-1.2732024261435038,5,1.46
2025,11,CAN,MEX,-0.9061998255357986,8,-1.2624999999999997
2025,11,RUS,MDV,-1.6649420532214034,6,-3.8333333333333335
2025,11,JOR,TUR,1.0285085338578657,16,3.0124999999999997
2025,11,MCO,BHS,-2.76243093922652,3,-4.0
2025,11,DOM,DOM,1.6158587372980198,3,1.5666666666666664
2025,11,ISR,AUT,-5.851062584757355,2,5.0
2025,11,PER,PAN,1.67949615115466,2,0.0
2025,11,AUS,TON,-3.0212806707932005,3,-0.16666666666666652
2025,11,AGO,AFR,2.66272189349112,1,4.0
2025,11,UKR,TUR,-1.33689839572193,3,4.0
2025,11,QAT,UKR,-8.81612090680104,1,-2.0
2025,11,USA,DEU,-3.118053261651902,77,0.8142857142857141
2025,11,USA,JPN,-0.5815179442776479,94,1.2202127659574467
2025,11,THA,KOR,0.0,3,5.2
2025,11,GBR,YEM,2.442499368113884,7,-1.5714285714285712
2025,11,EUR,GBR,-1.1324005219794668,31,3.9000000000000004
2025,11,PAK,JOR,3.6741743790470935,26,3.1307692307692307
2025,11,USA,BHS,0.3443085755454349,16,0.6437499999999998
2025,11,TZA,KEN,3.5585579169305395,15,-1.4
2025,11,CUB,MEX,-2.00720535254761,3,1.0
2025,11,AFR,RUS,-3.335401231823245,10,2.99
2025,11,JOR,EGY,3.1615322107459196,4,3.0
2025,11,HRV,AUT,0.83102493074792,2,-5.0
2025,11,RUS,SVK,-5.07462686567164,4,1.0
2025,11,BFA,BFA,-4.95182997082833,4,2.575
2025,11,CHL,CHN,3.41463414634146,1,2.8
2025,11,GHA,CAN,6.16856943011938,4,0.5
2025,11,THA,MMR,-5.289397512413192,5,-2.4000000000000004
2025,11,MEX,BRA,-1.039453314016437,16,2.89375
2025,11,RUS,FIN,-5.271925578261477,23,0.3434782608695648
2025,11,VNM,PHL,5.09259259259259,2,2.8
2025,11,AUS,NPL,4.225008862105633,12,4.283333333333334
2025,11,TUR,BRA,0.394292880622925,8,2.6249999999999996
2025,11,CUB,HTI,-0.08624062022120249,7,1.1428571428571432
2025,11,GBR,PSE,-3.1537794929040657,28,-1.9428571428571426
2025,11,KHM,KOR,0.0,3,5.2
2025,11,FRA,ZAF,-2.66075388026608,1,6.0
2025,11,THA,MYS,-0.531406253378405,23,3.7130434782608694
2025,11,MYS,MYS,-0.9078327523774152,43,0.6232558139534884
2025,11,QAT,PAK,-1.039342363074241,9,1.4444444444444446
2025,11,CIV,MLI,-3.24324324324325,2,-4.4
2025,11,CAN,CHL,-0.18861303047438138,7,3.4
2025,11,FRA,SWE,2.60416666666667,1,3.4
2025,11,NOR,IDN,3.9303515077802222,11,6.890909090909091
2025,11,POL,CHE,0.0,1,7.4
2025,11,POL,LTU,-2.9501714521696587,16,2.8
2025,11,CHE,RUS,-2.823149828594475,2,-0.050000000000000044
2025,11,AFG,DEU,-3.5432855694894396,2,-0.050000000000000044
2025,11,USA,THA,-2.1713842470339726,14,2.0357142857142856
2025,11,AFR,SEA,-3.4726000448053203,6,1.9
2025,11,SAU,DJI,5.47550432276657,2,7.0
2025,11,SRB,AZE,-3.53741496598639,2,6.4
2025,11,GRC,BEL,-0.8189963483040321,5,0.4
2025,11,DZA,CAN,7.06713780918728,2,1.9
2025,11,DEU,COD,3.66197183098592,2,4.0
2025,11,FIN,GBR,4.120597870597872,4,2.05
2025,11,VEN,PSE,-6.89655172413794,2,-5.0
2025,11,PRT,ITA,2.224784376775607,3,7.0
2025,11,LTU,LVA,2.60047281323877,2,1.0
2025,11,FRA,EGY,4.16666666666667,1,3.4
2025,11,EGY,MKD,2.527024329026555,4,3.5
2025,11,BRA,PAK,7.65864332603938,1,2.8
2025,11,SRB,SRB,-4.8647854203409695,3,3.6666666666666665
2025,11,AFR,MCO,-4.48143405889885,1,-5.0
2025,11,SYR,BGD,-2.82971197574532,1,1.9
2025,11,IRL,CZE,-10.02054686265214,3,3.666666666666667
2025,11,TWN,TWN,-1.4658412714921412,32,0.321875
2025,11,USA,NIC,-3.0535547332647957,13,-0.8461538461538464
2025,11,CHE,GBR,3.66492146596859,1,8.0
2025,11,MDA,EUR,1.6357764578635723,6,4.800000000000001
2025,11,SVK,HRV,-0.02920110192837022,4,1.45
2025,11,UKR,TWN,3.752181912534795,6,1.7500000000000002
2025,11,AFR,MAR,4.42477876106195,1,1.9
2025,11,KEN,HTI,-5.26315789473684,3,-10.0
2025,11,ITA,AFG,3.0116008755459154,4,0.0
2025,11,MDV,SVK,-5.16431924882629,1,-10.0
2025,11,HUN,AZE,1.45985401459854,4,4.5
2025,11,AUT,CZE,-5.155425667388494,3,-7.333333333333334
2025,11,VEN,ISR,-6.89655172413794,2,-5.0
2025,11,MYS,USA,1.1545683441830652,15,2.2466666666666666
2025,11,GHA,CHN,-4.369453921965144,2,4.9
2025,11,CHN,PRK,-6.2485441416259,9,0.44444444444444464
2025,11,MDV,ITA,-0.535651067359622,5,-2.36
2025,11,BHS,CUB,0.51724137931034,1,0.4
2025,11,EGY,GBR,-2.5241682532614433,21,-0.16666666666666696
2025,11,GBR,BHS,-5.26315789473684,1,-2.0
2025,11,BTN,USA,-6.45161290322581,2,3.0
2025,11,NZL,CZE,-4.1343669250646,1,-2.0
2025,11,HUN,POL,-3.5321085733200617,9,2.6666666666666665
2025,11,NGA,JPN,2.3142271667620666,3,-3.2
2025,11,DNK,EST,-2.543288340727225,4,4.0
2025,11,CZE,POL,-1.2486170380907273,3,6.266666666666667
2025,11,BRA,CAN,-2.6034048407907022,8,5.225
2025,11,CHN,AFR,0.617909212989956,29,2.586206896551724
2025,11,DEU,AFG,-3.63084709607754,3,5.866666666666667
2025,11,AZE,DNK,0.4123244525111139,13,1.9230769230769231
2025,11,CHL,SUR,6.9364161849711,3,3.3333333333333335
2025,11,NGA,CAN,0.42253521126761,4,-7.0
2025,11,USA,BGR,-0.6329303332127276,21,2.052380952380952
2025,11,CUB,CHL,-2.80146163215591,1,1.9
2025,11,TUN,AUS,-2.785946238499005,2,-3.1000000000000005
2025,11,THA,IND,0.0,2,0.3999999999999999
2025,11,USA,BGD,-13.9534883720931,1,-10.0
2025,11,FRA,BLR,1.353525106876315,4,3.0
2025,11,RUS,CZE,-5.54875560995512,4,-2.0
2025,11,NOR,DOM,5.92105263157895,3,8.0
2025,11,KOR,EGY,2.28758169934641,2,2.95
2025,11,ISR,IRL,-2.01909532008139,2,1.0
2025,11,SYR,PSE,1.1059380569235133,6,0.25
2025,11,ESP,PLW,5.48780487804878,1,2.8
2025,11,SWE,SGP,6.2645011600928,4,4.0
2025,11,SWE,AUS,-3.05250305250305,1,-5.0
2025,11,NPL,FIN,-5.03597122302158,2,1.9
2025,11,FRA,GRC,-0.0049275583284551505,10,3.02
2025,11,TUR,AUS,-0.08754664830958031,33,0.5696969696969698
2025,11,EST,LTU,-2.1694181797897,8,4.25
2025,11,GRC,CAN,0.48805977268686496,4,1.825
2025,11,SEA,FRA,-6.401732273225704,9,0.16666666666666657
2025,11,SGP,PHL,-2.807663172389733,11,4.718181818181819
2025,11,AUT,ITA,4.3010752688172,1,3.4
2025,11,EUR,VNM,-2.27272727272728,1,7.0
2025,11,AUT,HUN,-3.48837209302326,1,-10.0
2025,11,UKR,SDN,-0.22724358517716503,4,-7.1
2025,11,PSE,CZE,-7.710823226212604,3,-2.066666666666667
2025,11,TWN,JAM,1.00361300682457,1,-4.4
2025,11,RUS,MAR,2.26628895184137,2,8.0
2025,11,PRY,EUR,4.71976401179941,1,1.0
2025,11,TJK,UZB,0.0,1,1.0
2025,11,SVK,IRL,2.20588235294117,2,3.4
2025,11,UZB,USA,3.05343511450382,1,1.9
2025,11,BLR,BLR,-0.29668835443375663,10,2.0999999999999996
2025,11,OMN,ESP,4.6448087431694,2,1.9
2025,11,MAR,BEL,2.26628895184137,1,3.5
2025,11,UKR,BGR,-6.98924731182796,1,-2.0
2025,11,CMR,AFR,1.06870229007633,1,3.4
2025,11,CZE,VNM,3.8549429264626522,5,1.9
2025,11,FIN,LTU,2.37190861705667,4,2.8
2025,11,KWT,SSD,5.58035714285714,1,0.0
2025,11,TUN,AFR,0.41666666666667,1,7.0
2025,11,ESP,IRL,-3.70370370370371,1,2.8
2025,11,VNM,GBR,3.09423347398031,2,3.45
2025,11,HND,NIC,-1.2186535232627451,2,-3.1000000000000005
2025,11,ISR,THA,1.39275766016713,1,-5.0
2025,11,ARE,SAS,4.85436893203884,2,3.4
2025,11,SGP,AGO,2.4896265560166,6,2.3499999999999996
2025,11,GRC,DNK,-4.59183673469388,2,-4.0
2025,11,GEO,UKR,-8.94941634241245,2,3.0
2025,11,ISR,GHA,1.16772823779193,1,6.0
2025,11,FRA,VUT,8.4375,3,0.0
2025,11,AUS,AUS,-2.0845054660265294,143,0.7139860139860138
2025,11,SWE,UKR,-0.6949316266579766,12,4.45
2025,11,ARE,AZE,-1.192494481236202,5,-1.4000000000000004
2025,11,VCT,AUS,-1.85528756957329,1,3.4
2025,11,IRL,EUR,-1.7333771951637424,8,0.04999999999999982
2025,11,PSE,CAN,-1.78875638841567,1,7.0
2025,11,NGA,USA,-3.1714338488585594,33,0.9636363636363634
2025,11,POL,AFG,-1.64319248826291,2,0.0
2025,11,JPN,ISR,2.047829547224003,7,1.6857142857142857
2025,11,SYR,IRN,-2.429069064577845,4,-5.200000000000001
2025,11,EGY,TUN,-0.62597809076682,3,-5.0
2025,11,RWA,DJI,4.958360727591495,8,5.9375
2025,11,IRQ,GBR,-4.956345468003494,7,-3.4285714285714284
2025,11,NZL,SLB,0.0,1,2.8
2025,11,SLV,SLV,4.20711974110032,1,3.4
2025,11,SVK,VAT,2.67639902676399,2,1.9
2025,11,VNM,SGP,2.60135135135135,4,4.0
2025,11,DEU,CYP,0.42499905258431214,37,2.616216216216216
2025,11,PAN,USA,-0.5698413375346827,12,4.625
2025,11,LVA,EST,1.982346059381217,17,2.7529411764705882
2025,11,ISR,MAR,-1.67741935483871,13,2.276923076923077
2025,11,RUS,FRA,-0.7163753523647727,45,1.357777777777778
2025,11,SDN,USA,-5.0494026329625035,13,-1.6384615384615384
2025,11,MMR,LAO,-5.35123042505593,4,4.0
2025,11,WST,BEL,-1.3832601598559,3,1.9
2025,11,IRL,FRA,-2.2445645833070422,13,0.29230769230769216
2025,11,GRC,GBR,1.5261395223503782,5,-1.3400000000000003
2025,11,CAN,MYS,-2.071548619447778,5,4.0
2025,11,EGY,PAK,-0.35860655737705,3,1.0
2025,11,MMR,IND,-2.78035217794254,2,-9.0
2025,11,RUS,AZE,-2.831673510381563,70,-3.067142857142858
2025,11,DEU,LTU,-1.8937305529234933,3,-7.2
2025,11,USA,VAT,0.24142471648815067,12,1.975
2025,11,SWE,ITA,-2.75862068965518,1,1.9
2025,11,IND,KOR,-3.1039896793236963,5,2.92
2025,11,JOR,NER,-7.78443113772455,1,2.8
2025,11,DEU,ESP,-3.407135378966364,6,-0.033333333333333215
2025,11,UKR,EST,-2.3869281045751634,3,3.5999999999999996
2025,11,AUT,CHE,0.35751593449402125,8,-0.5000000000000001
2025,11,RUS,ARE,1.514818603124094,10,5.48
2025,11,JPN,FJI,4.86634796660382,4,4.375
2025,11,ITA,GRC,-3.9620083130575843,8,-4.050000000000001
2025,11,IDN,KOR,0.13718400101500305,4,4.7
2025,11,EUR,CYP,-2.6431718061674,1,1.0
2025,11,USA,GRC,-0.6545401503386001,124,-0.6451612903225805
2025,11,KEN,USA,-0.8258298433883462,8,4.475
2025,11,EUR,BEL,-0.7216082699284931,28,0.3321428571428571
2025,11,PRK,KOR,-3.913881371202251,39,0.002564102564102555
2025,11,IND,NOR,-2.76559865092749,2,-0.5
2025,11,USA,HND,-5.634388208075551,16,-3.4875
2025,11,ITA,COD,3.66197183098592,2,4.0
2025,11,BHR,QAT,4.38448566610455,1,3.4
2025,11,KEN,RWA,3.7892131544599867,3,2.6
2025,11,WAF,GHA,4.28082191780822,2,1.0
2025,11,PSE,NOR,-7.28476821192053,2,7.4
2025,11,CHE,CHE,0.3930877475120127,58,1.5948275862068964
2025,11,HRV,HUN,-0.026787086558854784,23,3.0217391304347823
2025,11,FRA,ITA,1.214154556271812,27,3.22962962962963
2025,11,AFR,UKR,-4.974924783532979,6,3.4333333333333336
2025,11,CMR,HTI,-2.24719101123596,2,2.3499999999999996
2025,11,DOM,CHE,-4.65116279069768,1,1.9
2025,11,NZL,BLR,-7.60318609703115,3,4.0
2025,11,CHN,SLE,7.31132075471698,4,1.45
2025,11,EUR,MDV,-11.0091743119266,1,-5.0
2025,11,JOR,SYR,0.1630396242888216,12,3.716666666666667
2025,11,MMR,SEA,2.35294117647059,1,2.8
2025,11,BGD,RUS,-2.11267605633803,1,2.8
2025,11,EUR,BGR,-1.699087302338198,4,4.9
2025,11,LBN,PSE,1.2639891321424344,2,-3.5500000000000003
2025,11,IND,ESP,-0.26126714565644,3,4.0
2025,11,GBR,NMR,1.314173083975065,4,-0.40000000000000036
2025,11,ALB,BEL,2.490303515360465,4,3.4
2025,11,BGD,USA,-8.69156683110174,3,-3.4666666666666672
2025,11,JPN,PRT,2.20588235294117,1,3.4
2025,11,NGA,LBR,-4.86842105263158,2,6.5
2025,11,IRN,DZA,-0.75757575757576,1,-5.0
2025,11,ARG,PER,-5.82959641255605,1,3.4
2025,11,ISR,PRT,-8.96860986547089,1,-5.0
2025,11,ARG,VEN,-2.0168900186097805,5,0.6799999999999997
2025,11,MYS,TWN,-1.9047619047619,1,0.0
2025,11,SGP,SGP,-0.518525046020983,17,3.594117647058823
2025,11,VNM,MMR,-5.35123042505593,4,4.0
2025,11,PER,ECU,-6.81198910081744,1,2.8
2025,11,QAT,SYR,-1.370722685115465,6,3.833333333333333
2025,11,CZE,USA,2.9771928049919936,6,2.7333333333333334
2025,11,GTM,SLV,3.297253460025032,7,6.742857142857143
2025,11,MYS,CHE,-4.172240803422333,3,-5.0
2025,11,DEU,NGA,2.94530154277699,3,0.0
2025,11,GBR,TGO,2.44755244755245,2,1.9
2025,11,TWN,CHN,-2.7966012120132246,128,-0.7523437499999999
2025,11,CHN,GBR,-3.7351632524443317,44,-0.3772727272727274
2025,11,USA,LBN,-3.6644126899873477,23,-1.7173913043478262
2025,11,YEM,ISR,-1.7894592111068723,4,-5.15
2025,11,ISR,ZAF,-3.549623480349483,4,-4.0
2025,11,GBR,BGR,-3.092710628243937,4,4.25
2025,11,ETH,USA,-5.141151336201468,10,-4.0200000000000005
2025,11,BHS,GBR,-3.48258706467661,1,-0.4
2025,11,ESP,MOZ,-2.00720535254761,1,-4.4
2025,11,BOL,BOL,0.45652930883114795,5,1.8799999999999997
2025,11,FIN,THA,4.27480916030534,4,5.2
2025,11,VUT,FJI,1.14678899082569,1,0.0
2025,11,COL,HTI,0.49019607843137,2,1.0
2025,11,PHL,IDN,2.024110901048857,4,2.8500000000000005
2025,11,AFR,IDN,1.08108108108108,1,7.0
2025,11,ISR,AFG,-6.103108932243431,4,-7.75
2025,11,CHN,KOR,0.09322688715515659,110,0.6654545454545454
2025,11,UKR,BEL,-3.314443694898594,19,1.4631578947368424
2025,11,GBR,ZAF,-1.2722754102064455,2,4.4
2025,11,DNK,MDA,3.99991056656083,2,3.4
2025,11,ISL,UKR,1.1469305245238863,5,3.7600000000000002
2025,11,KEN,ZAF,-1.8312344755904202,4,4.4
2025,11,KHM,MMR,-5.35123042505593,4,4.0
2025,11,IDN,USA,-0.7093359164853354,15,3.413333333333334
2025,11,USA,CUB,-0.7813693220756989,41,0.24878048780487805
2025,11,KHM,USA,-5.394155023167826,10,1.7
2025,11,LBY,KAZ,-3.48258706467662,3,2.8
2025,11,RUS,NLD,-8.273326183545223,3,-4.333333333333334
2025,11,GRC,UKR,0.37394321304299716,20,2.84
2025,11,EUR,SDN,-4.0,2,-0.5
2025,11,SAU,FRA,2.75229357798165,1,2.8
2025,11,NAM,AGO,-4.51792024230187,3,1.0
2025,11,MYS,ECU,-0.014016677754486687,3,5.2
2025,11,PSE,MEX,2.40641711229946,3,2.6666666666666665
2025,11,KOR,EUR,-0.6830984636758766,6,1.833333333333334
2025,11,LBY,LBN,-6.51340996168583,3,7.0
2025,11,USA,KEN,1.1504638136950927,8,4.1875
2025,11,COL,ECU,2.8345535136211932,3,3.5
2025,11,CPV,GNB,-2.7431421446384,2,1.45
2025,11,DNK,EUR,2.1948561270291904,3,6.133333333333334
2025,11,JOR,QAT,5.094476744186047,4,4.0
2025,11,AGO,MUS,2.4896265560166,6,2.3499999999999996
2025,11,NPL,VEN,2.4896265560166,3,1.9
2025,11,HUN,ARM,-2.56410256410257,3,2.666666666666667
2025,11,NPL,CHN,-0.425594679396065,4,-0.5
2025,11,CUB,NIC,-3.6734693877551,4,2.3499999999999996
2025,11,SAU,KWT,2.1978021978022,1,0.0
2025,11,BLZ,PNG,9.18367346938776,2,3.4
2025,11,ARG,EUR,2.58620689655173,2,5.2
2025,11,KOR,CHN,-0.44395800928761364,58,2.3241379310344823
2025,11,EUR,FRA,1.0656633792943566,36,2.7944444444444447
2025,11,CHL,BOL,-2.52022730763324,5,3.1999999999999997
2025,11,MLT,GBR,4.36363636363636,1,3.4
2025,11,CAN,IDN,5.88281128253078,6,4.633333333333334
2025,11,CAN,HND,-3.65344467640919,2,4.0
2025,11,UKR,IRL,-1.454068241469815,2,-2.5500000000000003
2025,11,ECU,KHM,0.1669449081803,2,5.2
2025,11,IRQ,EGY,10.594315245478,3,3.4
2025,11,OMN,OMN,4.34782608695652,2,1.0
2025,11,BEL,PAK,-2.00573065902579,1,7.0
2025,11,SRB,GRC,11.0335195530726,1,0.0
2025,11,KHM,PHL,-6.52173913043478,1,1.9
2025,11,PHL,ISR,-1.953125,2,1.9
2025,11,OMN,SAU,5.76923076923078,1,3.4
2025,11,PSE,SDN,-0.22724358517716503,2,-7.1
2025,11,GBR,AFG,-4.346489630227175,4,0.5
2025,11,IND,AUS,2.909526365776107,3,4.199999999999999
2025,11,DEU,EGY,1.071951356829186,5,2.92
2025,11,GBR,JPN,0.6658548756328098,16,0.30624999999999947
2025,11,ESP,ITA,0.9371907883338343,26,2.35
2025,11,EUR,QAT,1.63934426229508,1,3.4
2025,11,SWE,BGD,-0.37383177570094,1,-10.0
2025,11,HTI,STP,-6.32256718927957,2,-4.050000000000001
2025,11,GRC,NLD,-3.659526172254423,4,1.1749999999999998
2025,11,POL,SWE,2.68948655256724,4,4.45
2025,11,SEA,JPN,-1.45560407569142,1,1.9
2025,11,CYM,POL,-0.57971014492754,1,0.0
2025,11,BGR,DEU,-1.71428571428572,1,6.0
2025,11,JPN,CHN,-4.3805114412714445,220,-1.1595454545454547
2025,11,TCD,AFR,-7.89699570815451,1,2.8
2025,11,DZA,CHN,1.74389403738027,6,3.25
2025,11,TUN,MDV,5.51378446115288,1,2.8
2025,11,PSE,UKR,-9.01060070671378,2,-9.0
2025,11,OMN,KIR,3.73514431239389,4,-2.0
2025,11,HRV,DNK,2.20588235294117,1,3.4
2025,11,KWT,RUS,-1.65289256198347,5,-2.0
2025,11,YEM,IRN,1.31004366812227,1,-2.0
2025,11,IRN,EGY,2.72108843537415,2,1.0
2025,11,EGY,USA,-2.4631144164793435,69,1.1449275362318843
2025,11,MEX,VNM,-5.63961485557084,2,3.0
2025,11,VEN,PRT,-3.208429453207787,3,1.0
2025,11,USA,NGA,-5.103152789882227,28,0.2928571428571429
2025,11,SRB,CHN,-0.6339774481822849,2,1.7
2025,11,KAZ,BRA,1.95417789757412,2,1.0
2025,11,GBR,THA,-2.9434504086591566,6,1.733333333333333
2025,11,BRA,SAU,0.014456601848174988,6,6.0
2025,11,ESP,COD,2.90697674418605,1,1.9
2025,11,ISR,KAZ,3.9501039501039497,2,4.5
2025,11,ECU,MYS,-0.014016677754486687,3,5.2
2025,11,HUN,DEU,-7.936722532675464,7,-3.142857142857143
2025,11,MEX,EUR,-2.036310411051822,4,5.050000000000001
2025,11,MWI,NAM,-4.51792024230187,3,1.0
2025,11,VAT,GBR,4.90196078431372,2,1.9
2025,11,DNK,ESP,-4.517990409079516,3,0.6333333333333333
2025,11,EGY,TUR,1.1549604310624528,29,3.596551724137931
2025,11,BGD,IND,-1.4712598688467233,15,3.0533333333333332
2025,11,MEX,ARG,-1.0583509362821952,4,-0.3999999999999986
2025,11,GRC,CHN,2.829624597336933,13,1.476923076923077
2025,11,MEX,AFR,2.85220397579948,1,5.0
2025,11,AFG,TUR,-3.1904422038732507,7,4.571428571428572
2025,11,KEN,AGO,-4.51792024230187,3,1.0
2025,11,LTU,HUN,-2.66120777891505,2,1.0
2025,11,JOR,CHN,-0.39908779931585,1,-10.0
2025,11,ITA,KEN,2.910105951648985,6,7.4
2025,11,SAS,PAK,4.06386066763425,1,6.0
2025,11,CHN,TUR,2.0128087831656,1,8.0
2025,11,CHN,TWN,-2.997446480198055,164,-2.171951219512195
2025,11,CHE,FRA,0.09598195516243724,5,2.8400000000000003
2025,11,IRN,UKR,-4.80847595762021,3,-9.0
2025,11,VEN,USA,-3.819193178812687,147,-1.758503401360544
2025,11,FRA,UKR,0.32071881887137854,149,3.414093959731543
2025,11,EUR,CHE,2.31660825077632,8,2.55
2025,11,PSE,USA,-2.7034155233827035,60,1.7266666666666668
2025,11,PAK,OMN,2.063396226415096,5,1.6
2025,11,USA,MLT,-0.36754711852120514,4,0.0
2025,11,EUR,BGD,0.78592814371257,2,5.2
2025,11,IRN,ISR,-3.784346754675798,49,-1.6551020408163264
2025,11,EGY,ETH,-3.736524454824632,5,0.1599999999999997
2025,11,IRN,MHL,-4.924767136374497,3,-2.4000000000000004
2025,11,EGY,AFG,8.78220140515218,1,6.4
2025,11,ARE,BRB,5.88928150765607,3,8.0
2025,11,SUR,BHS,7.53012048192771,1,2.8
2025,11,AFG,RWA,4.35424354243543,1,3.4
2025,11,COD,JOR,0.761421319796958,1,1.9
2025,11,POL,ITA,-1.2550355473358725,9,-2.066666666666667
2025,11,SSD,SSD,-1.890350386493994,10,1.7999999999999998
2025,11,USA,KAZ,1.2564567715049633,6,5.666666666666667
2025,11,TJK,USA,2.98507462686567,4,3.025
2025,11,JOR,PAK,3.580385049490142,44,3.340909090909091
2025,11,GBR,TJK,4.03225806451612,2,1.0
2025,11,USA,EST,-0.6015037593985,1,1.9
2025,11,PHL,VAT,0.55467511885895,1,2.8
2025,11,ARM,VEN,2.4896265560166,6,2.3499999999999996
2025,11,SGP,LKA,4.7486033519553,3,8.0
2025,11,IND,GRC,2.71226415094339,3,3.4
2025,11,SGP,ISR,2.87356321839081,2,2.8
2025,11,LTU,SVK,9.30232558139535,2,8.0
2025,11,PAK,AFG,-6.433333155656642,150,-2.4566666666666666
2025,11,FRA,AFR,-1.5713377376720057,12,2.5833333333333335
2025,11,PRT,SDN,-9.7560975609756,2,-0.3
2025,11,AFG,USA,-1.5918446056638835,12,-4.366666666666666
2025,11,TUR,ARG,-3.54609929078014,2,2.8
2025,11,LAO,AUS,3.83480825958702,1,1.9
2025,11,LKA,MDV,-1.1011011011011,6,3.95
2025,11,CHN,SDN,0.31645569620253,2,-4.0
2025,11,NAM,KEN,-4.51792024230187,2,1.0
2025,11,AFR,QAT,-0.48411620823099,3,0.4
2025,11,MEX,AFG,-3.41614906832298,1,0.0
2025,11,TWN,RUS,2.8735632183908,1,8.3
2025,11,LVA,UKR,2.0746887966805,4,3.7
2025,11,NER,BFA,0.7530459442427175,8,4.6
2025,11,BRA,DZA,1.276731567188,1,0.0
2025,11,MAR,MRT,0.77519379844961,2,-5.0
2025,11,AUS,JPN,-0.4850082063545166,129,-1.4612403100775198
2025,11,FRA,CHN,-0.5622179540919254,13,0.4923076923076919
2025,11,CHN,ZAF,0.03709365591607128,12,2.8833333333333333
2025,11,TUR,ARE,1.51057401812689,3,8.0
2025,11,ARG,JPN,2.22984562607204,2,7.0
2025,11,BGD,NLD,-8.10810810810807,1,-2.0
2025,11,FJI,SLB,4.32525951557094,1,3.0
2025,11,PRT,BRA,-5.03778337531486,2,-10.0
2025,11,NLD,DEU,-2.074219489605448,5,1.8
2025,11,RWA,GAB,4.35424354243543,2,0.0
2025,11,FRA,LUX,-0.28735632183908,1,1.0
2025,11,SEN,MRT,1.7699115044247802,4,2.8
2025,11,BEL,FRA,-2.723374287059049,15,-3.913333333333334
2025,11,SYR,SYR,-3.218991794455538,96,-0.0635416666666665
2025,11,USA,NMR,0.2200528379120693,27,1.8370370370370368
2025,11,CZE,SWE,-2.62421512421513,3,8.0
2025,11,IND,RUS,2.8738568015160277,4,6.5
2025,11,TWN,UKR,3.7812544227956812,8,1.2
2025,11,CHN,GHA,0.8680222459278386,5,2.54
2025,11,SRB,RUS,-2.682569375646938,18,0.22777777777777758
2025,11,IRN,QAT,-1.132956152758126,5,0.0
2025,11,POL,NGA,8.05687203791469,3,7.0
2025,11,EGY,NLD,-1.30208333333333,1,2.8
2025,11,AUS,TMP,1.16279069767442,5,2.74
2025,11,ITA,IRL,1.4493672005328802,2,1.5
2025,11,VUT,CHN,1.41025641025641,5,1.0
2025,11,CHE,KOR,1.47420147420148,3,0.4
2025,11,IRL,JAM,-7.56823821339951,1,-0.4
2025,11,PAK,ISR,-0.338206299888701,30,1.956666666666667
2025,11,ESP,TUR,4.43925233644859,1,0.0
2025,11,UKR,SVK,-3.019911689387424,9,-1.2222222222222223
2025,11,NAM,BWA,3.90243902439025,1,1.9
2025,11,NOR,RUS,-4.300466297527773,13,0.7076923076923078
2025,11,USA,MYS,1.1365528072733242,20,2.16
2025,11,PHL,THA,-2.265079859808033,6,-1.2333333333333334
2025,11,FRA,POL,-5.993589262665688,5,2.88
2025,11,ESP,PHL,-2.05680705190989,1,7.0
2025,11,BGD,ISR,6.97674418604652,1,2.8
2025,11,AGO,VEN,2.4896265560166,3,1.9
2025,11,PAK,BEL,-2.00573065902579,1,7.0
2025,11,GBR,ETH,0.8449279028585899,4,3.0999999999999996
2025,11,EGY,EGY,1.2772831108998788,54,1.5203703703703706
2025,11,ESP,DEU,-1.8641991954875399,3,3.266666666666667
2025,11,TUR,GRC,-2.209590251441067,14,-2.8142857142857145
2025,11,IRL,USA,-0.94015740075333,38,1.0789473684210527
2025,11,DEU,USA,-1.9987227864469441,80,1.21625
2025,11,FRA,MAR,-2.9828966897932414,8,2.125
2025,11,UGA,SOM,-7.54966887417218,2,-9.5
2025,11,AFR,GHA,-2.554775543355787,7,3.928571428571429
2025,11,BEL,WST,-1.3832601598559,3,1.9
2025,11,ISR,SDN,-2.0661411278174584,7,-5.6000000000000005
2025,11,SAU,BRA,0.35149384885764,3,8.0
2025,11,PRK,EUR,-0.46875,1,3.4
2025,11,DEU,MEX,3.2069970845481,2,2.8
2025,11,MHL,IRN,-4.3926886792452855,2,-2.65
2025,11,JPN,NAM,5.43735224586289,2,1.9
2025,11,BEN,UGA,-2.90806754221388,4,3.0
2025,11,IND,BGD,1.3888571386336444,7,-0.8571428571428572
2025,11,MEX,USA,-1.89228014317758,104,0.9221153846153848
2025,11,ITA,CZE,1.00176782557454,1,1.9
2025,11,POL,ESP,0.5224317835815199,6,-2.0
2025,11,CHL,CAN,-0.08827342126832446,9,4.166666666666666
2025,11,PAK,GBR,-1.7201876795236786,26,1.0653846153846154
2025,11,BHR,ARE,1.05820105820106,2,-2.0
2025,11,GRD,BRB,5.88928150765607,3,3.5
2025,11,MCO,FRA,11.1731843575419,3,2.2666666666666666
2025,11,LBY,NGA,-9.30232558139533,3,4.266666666666667
2025,11,ITA,MLT,3.15934065934066,1,2.8
2025,11,TWN,THA,-9.23076923076918,1,-5.0
2025,11,TZA,UGA,3.85964912280702,2,1.9
2025,11,AFR,VNM,0.91383812010443,2,2.8
2025,11,QAT,YEM,-1.628664495114,1,-10.0
2025,11,AFR,TGO,2.89855072463768,1,1.0
2025,11,THA,PRK,-3.07692307692307,2,5.0
2025,11,CHL,USA,-1.3996394414157862,14,2.4214285714285717
2025,11,GBR,AUT,5.41125541125541,2,3.4
2025,11,JAM,GRD,4.14937759336099,1,-4.4
2025,11,NLD,AFG,-5.73951434878588,1,-10.0
2025,11,OMN,USA,3.6997736276174296,6,-0.16666666666666674
2025,11,ALB,SRB,-7.36677115987461,1,-2.0
2025,11,ISR,PSE,-5.371779441667136,531,-1.8094161958568742
2025,11,JPN,USA,0.9891703165837031,84,1.971428571428571
2025,11,DOM,IDN,-2.14592274678112,1,1.9
2025,11,KOR,CAN,-1.2816405681184528,7,-0.2857142857142858
2025,11,SWE,EUR,1.6146916146916146,2,3.5
2025,11,GHA,RUS,1.9855031664525802,14,4.485714285714285
2025,11,TUR,JOR,0.666689105997709,10,3.22
2025,11,SWE,LVA,-1.17581187010078,1,1.9
2025,11,IND,AFG,-5.077539891239629,5,-0.3999999999999999
2025,11,ITA,VAT,3.1899581987459653,4,2.3499999999999996
2025,11,IND,UZB,0.0,1,8.0
2025,11,MLI,FRA,-5.2236652236652255,5,-2.0
2025,11,CAN,DZA,7.06713780918728,3,2.8
2025,11,COG,SDN,1.4760147601476,2,-5.0
2025,11,HUN,LTU,-2.66120777891505,1,1.0
2025,11,LBR,LBR,0.009727774408601342,17,1.011764705882353
2025,11,PAK,FRA,-2.53164556962025,1,2.8
2025,11,TTO,VEN,-2.4395462124322678,6,-1.1666666666666665
2025,11,LBN,SAU,0.49987176051208837,30,1.89
2025,11,MDV,UKR,-3.65583191164586,2,3.9
2025,11,SLB,SLB,-0.0869565217391299,1,0.0
2025,11,EUR,HRV,4.93827160493828,1,1.0
2025,11,USA,NER,-4.51792024230187,1,-0.4
2025,11,JPN,NZL,-0.41208791208791257,4,-0.30000000000000004
2025,11,IDN,PHL,-1.14285714285715,1,3.4
2025,11,AFR,TWN,6.26959247648903,2,1.9
2025,11,FRA,NZL,-0.5413905442031598,4,-6.0
2025,11,EUR,SEA,-3.04506699147382,4,2.3499999999999996
2025,11,UKR,GRC,-0.7115242525331835,35,2.5571428571428574
2025,11,LCA,USA,0.4377236694946842,5,-7.08
2025,11,HTI,HTI,-3.7339996894605028,15,0.47333333333333394
2025,11,ARE,DEU,-3.646863548864361,7,-4.0
2025,11,GRC,RUS,0.5518206631497385,7,1.9142857142857144
2025,11,KOR,CYP,4.44785276073619,1,3.0
2025,11,ETH,SLV,0.51413881748072,1,0.0
2025,11,QAT,AFR,5.06329113924051,1,-5.0
2025,11,UZB,TJK,0.0,2,-0.5
2025,11,USA,TUR,0.5993062621184886,101,2.3683168316831686
2025,11,AFR,PSE,-1.7614251172718496,78,1.9102564102564101
2025,11,NOR,EUR,0.30473966422595145,6,5.966666666666667
2025,11,USA,IND,-2.0236037218978393,41,1.1414634146341462
2025,11,NOR,VEN,5.90551181102362,4,4.9
2025,11,CHN,SAU,2.52536565590366,12,0.2666666666666665
2025,11,MAR,NMR,-0.62597809076682,2,1.9
2025,11,JAM,MUS,0.3724258084723233,3,1.6333333333333333
2025,11,GBR,ARM,-6.1111111111111,1,3.0
2025,11,ARM,CAN,-0.43541364296081,2,7.0
2025,11,PRT,FRA,4.31778929188255,2,4.0
2025,11,ISR,MEX,2.40641711229946,5,2.4
2025,11,IDN,ISR,1.6365840102678142,24,3.5666666666666664
2025,11,ITA,CHN,0.595300488541246,29,1.1655172413793102
2025,11,SWE,EST,-2.1510451079717683,5,3.2
2025,11,SAU,LBN,-1.1855805276217053,35,1.2742857142857145
2025,11,USA,MDA,-0.69269521410579,2,1.9
2025,11,IRL,AUS,0.6679051666830641,46,0.43695652173913035
2025,11,FIN,AUT,-0.7258316350009857,7,1.5714285714285716
2025,11,AFR,ZWE,0.24380611026093746,14,4.128571428571428
2025,11,NZL,EUR,2.809688567989813,12,3.5
2025,11,VEN,ITA,-2.85714285714286,1,-10.0
2025,11,ECU,USA,-1.6493108936014118,17,1.888235294117647
2025,11,AFG,AUS,-10.431654676259,1,-2.0
2025,11,IRN,CAN,-4.544349046130959,7,-1.4000000000000001
2025,11,CHN,COK,1.2944022246347866,3,8.0
2025,11,USA,CYP,0.724553883581512,10,1.9
2025,11,SAU,IND,1.9278551890444078,4,4.0
2025,11,MUS,JAM,0.21141649048626,1,2.8
2025,11,VNM,KWT,2.850868640054188,9,5.022222222222222
2025,11,LBR,USA,0.20661157024794,1,1.9
2025,11,LBY,SDN,2.54777070063694,4,4.5
2025,11,KOR,VNM,1.6080802242684713,7,2.0142857142857147
2025,11,COD,ZMB,1.16772823779193,1,1.9
2025,11,ARE,USA,3.146431577559189,29,2.996551724137931
2025,11,USA,ISL,-0.897717345548525,4,1.4
2025,11,MOZ,MOZ,-2.6578722781513466,6,-0.03333333333333366
2025,11,NLD,MDA,4.72103004291845,1,6.0
2025,11,POL,GBR,-0.41198844600897,7,0.45714285714285696
2025,11,SWE,VEN,0.235849056603775,2,1.9
2025,11,JOR,BRB,5.88928150765607,3,8.0
2025,11,CRI,BOL,-3.6697247706422,2,-2.0
2025,11,BLR,MLI,1.435897435897434,5,3.94
2025,11,LVA,LTU,3.15322619647069,3,2.3333333333333335
2025,11,FRA,FIN,-0.9690990133720601,2,-1.5999999999999996
2025,11,BHR,SAU,-3.39506172839506,1,1.0
2025,11,AUS,RUS,-6.89655172413793,1,-5.0
2025,11,AUS,USA,-1.0506587210556124,99,1.986868686868687
2025,11,ISR,ISR,-5.1190374875493045,353,-1.5980169971671394
2025,11,EGY,SAU,0.7449750757699729,24,3.354166666666666
2025,11,RUS,TUR,-1.8192243260307093,14,-0.9785714285714282
2025,11,UKR,GBR,-1.0982467124328574,35,1.4885714285714287
2025,11,LAO,THA,-5.35123042505593,4,4.0
2025,11,IND,NZL,2.3747731083448897,3,3.6666666666666665
2025,11,OMN,EUR,2.6786603696141333,9,3.5
2025,11,LBY,SYR,-2.3728813559322,3,-2.0
2025,11,MLI,EUR,-9.98552821997106,2,0.0
2025,11,MLI,EGY,-3.74832663989291,2,-10.0
2025,11,NLD,EGY,-1.30208333333333,1,1.9
2025,11,CHE,BGD,4.04040404040404,2,-2.0
2025,11,BRA,ISR,-5.8354846687924145,7,4.342857142857143
2025,11,FIN,SWE,-1.4915784461512733,6,5.6000000000000005
2025,11,GBR,QAT,6.91759918616481,1,-6.5
2025,11,QAT,PSE,-2.4931725464762033,20,1.9400000000000004
2025,11,FRA,ISR,-1.5877362726813722,14,-0.6000000000000001
2025,11,EUR,PSE,-2.6386729871194996,12,0.7750000000000002
2025,11,FIN,ZAF,-1.18203309692671,2,1.9
2025,11,AFR,NLD,3.125,1,-9.5
2025,11,AUT,TCD,4.84496124031008,4,2.65
2025,11,RUS,SDN,-1.804117170401418,5,3.4
2025,11,CHN,CHE,4.989524566784038,7,0.44285714285714306
2025,11,CHN,HRV,-5.97014925373134,1,-9.5
2025,11,TUR,POL,3.48258706467662,1,3.4
2025,11,ARE,SGP,-1.0446459507818633,20,2.8449999999999998
2025,11,IRL,EST,-4.50450450450451,2,8.0
2025,11,CIV,USA,3.71819960861057,3,7.0
2025,11,DNK,ISR,-2.6544549679908767,3,-1.0
2025,11,BFA,NER,0.88652482269504,3,1.0
2025,11,PER,CAN,-9.752342704149925,2,-2.5
2025,11,LUX,DEU,0.7578903654485052,4,-0.5
2025,11,BRA,CUB,-3.96542958820539,3,-10.0
2025,11,CMR,NGA,-2.24719101123596,2,2.3499999999999996
2025,11,JPN,ITA,3.843160546418985,2,2.95
2025,11,TUN,BRA,0.0,2,-5.0
2025,11,UKR,UKR,-4.444885103818607,384,-1.1648437499999997
2025,11,UKR,DEU,-2.3242809146506,116,2.679310344827586
2025,11,USA,AZE,1.5265897515905853,18,3.0000000000000004
2025,11,KAZ,AZE,0.1152158319012957,7,5.814285714285713
2025,11,ARM,FRA,-0.7112600828495557,9,2.6555555555555554
2025,11,QAT,JOR,2.757441043516149,7,2.7142857142857144
2025,11,SAU,CHN,4.094039691971362,9,2.6
2025,11,CAN,BEL,-2.26244343891403,1,7.4
2025,11,POL,COL,-1.2920428926196732,3,-10.0
2025,11,PHL,KHM,-6.52173913043478,1,2.8
2025,11,MWI,MWI,1.2581901092315566,6,4.466666666666667
2025,11,TUR,GMB,6.68523676880223,3,3.4
2025,11,EUR,LBR,7.02947845804989,1,0.4
2025,11,SWE,NOR,-0.16210068645707976,7,3.9285714285714284
2025,11,BRA,DOM,0.0,1,1.9
2025,11,GBR,BMU,1.06366199404586,2,3.4
2025,11,LUX,BEL,5.30853054777611,2,1.9
2025,11,SLV,VEN,-7.00787401574804,3,-5.0
2025,11,RUS,EST,-1.687274511385827,13,-0.638461538461538
2025,11,RUS,BGR,-3.5731578375280435,3,-0.8333333333333334
2025,11,NLD,POL,2.1805252109840176,4,2.125
2025,11,DEU,JPN,-2.295809023162638,4,-0.40000000000000036
2025,11,IRL,GRC,6.09756097560976,1,7.0
2025,11,POL,ISR,-2.79329608938548,2,1.9
2025,11,ZAF,LSO,-9.38967136150232,1,1.0
2025,11,EST,IRL,-4.50450450450451,2,8.0
2025,11,NIC,ARG,-4.902967321898084,3,4.6
2025,11,JOR,IND,0.9372459751645734,3,4.0
2025,11,TUN,DOM,-11.6858237547893,1,-6.5
2025,11,MEX,COL,-2.858866208521881,10,0.2
2025,11,SOM,PGS,2.66990291262136,3,1.9
2025,11,RWA,JPN,9.85915492957746,1,2.8
2025,11,ARG,GRC,-6.14035087719298,1,-2.0
2025,11,LKA,SGP,4.7486033519553,4,8.0
2025,11,PAK,TUN,-5.06607929515419,1,-9.0
2025,11,GUY,GBR,1.9180470793374,1,2.8
2025,11,IND,GBR,2.046019982710642,14,0.6285714285714286
2025,11,BGR,MLT,0.9685230024213,1,-2.0
2025,11,JAM,JAM,1.1461993901268475,19,2.9947368421052634
2025,11,VEN,PAN,-4.105022982286527,17,1.9
2025,11,MEX,DEU,0.6474685482864599,6,0.2999999999999998
2025,11,FJI,FJI,0.17721409084969775,24,2.0958333333333337
2025,11,MKD,AUS,9.87124463519313,1,0.0
2025,11,GBR,NOR,-3.866476960802258,4,3.55
2025,11,MWI,AFR,3.23529411764706,2,2.0
2025,11,PNG,SLB,2.9535864978903,4,3.6
2025,11,BRA,VAT,-2.92887029288703,1,0.0
2025,11,BRB,SAU,5.88928150765607,3,3.5
2025,11,SGP,OMN,-1.45348837209302,2,2.8
2025,11,CUB,UKR,-5.91133004926108,2,0.0
2025,11,TUR,USA,0.3123731858775898,69,1.8376811594202898
2025,11,ARG,BOL,0.04087208469665013,3,2.6666666666666665
2025,11,TCD,USA,-3.807372844401029,9,2.155555555555556
2025,11,MYS,KHM,-0.6981149201165682,21,2.0476190476190474
2025,11,UKR,CHN,0.4173042018253508,6,-0.7666666666666668
2025,11,BGR,FRA,-1.3188939903813401,10,1.75
2025,11,GHA,ESP,-0.51921079958463,1,1.9
2025,11,KOR,RUS,-0.5309675275355178,9,-6.7444444444444445
2025,11,LBY,EGY,-3.74832663989291,2,1.0
2025,11,SLV,HND,-8.31600831600831,1,-2.0
2025,11,BHS,MEX,4.01146131805157,2,2.8
2025,11,GRD,GRD,3.36623470994307,4,3.3999999999999995
2025,11,DEU,NPL,2.08333333333333,1,1.0
2025,11,ESP,IDN,-4.27046263345196,1,2.8
2025,11,AFR,ISR,-2.0822203899709346,56,1.2607142857142857
2025,11,USA,FRA,-0.6806388872308334,96,0.8635416666666664
2025,11,ZMB,ITA,0.42735042735043,4,-4.050000000000001
2025,11,SDN,UGA,-7.54966887417218,1,0.0
2025,11,SVK,EUR,-0.7576360384117942,7,2.9714285714285715
2025,11,EGY,AGO,5.21008403361344,2,7.0
2025,11,PSE,KEN,-2.166166190577254,5,1.9
2025,11,LTU,UKR,-0.9649814885086916,15,3.52
2025,11,USA,VCT,2.46376811594203,1,0.0
2025,11,ARE,NLD,4.16428978893326,4,7.0
2025,11,ISR,FRA,-0.9962945270929404,18,-0.5166666666666675
2025,11,DNK,NZL,-0.38387715930902,2,1.7000000000000002
2025,11,GBR,JOR,1.1322859082533228,7,1.2428571428571427
2025,11,PHL,BRA,-2.09059233449477,2,2.3499999999999996
2025,11,AZE,DEU,5.98086124401914,3,3.4
2025,11,GTM,CHL,1.15276663993585,2,7.0
2025,11,SWE,CZE,-2.62421512421513,3,8.0
2025,11,ITA,ESP,-0.43296577980738027,27,3.174074074074074
2025,11,HND,VEN,-4.0,3,-4.0
2025,11,ESP,SAU,-0.94339622641509,1,3.0
2025,11,SDN,TUR,-6.18556701030931,1,4.0
2025,11,USA,HTI,0.23465569467657055,3,2.933333333333333
2025,11,VAT,PRT,-3.37078651685393,1,7.0
2025,11,CAN,SWE,2.6495801270056614,10,3.9
2025,11,PSE,NLD,0.67796610169491,1,1.9
2025,11,KEN,NLD,-7.86516853932585,2,7.0
2025,11,ITA,CHE,-1.846609239834076,7,-0.057142857142857384
2025,11,DZA,ISR,-0.87336244541485,1,3.5
2025,11,ALB,SYR,-6.17577197149644,1,-10.0
2025,11,SGP,NPL,2.4896265560166,6,2.3499999999999996
2025,11,IRQ,KWT,1.11731843575419,1,2.8
2025,11,EUR,NGA,-0.7350746268656705,2,0.95
2025,11,NZL,GRC,7.6530612244898,2,3.7
2025,11,BLR,EUR,-3.1323068839520545,14,-3.4214285714285717
2025,11,AUS,IND,3.296805267111485,2,2.45
2025,11,CHE,EUR,1.4258152337309742,24,2.6041666666666665
2025,11,NZL,TWN,0.40816326530613,1,0.4
2025,11,AFR,EUR,-0.019506690026069196,13,2.269230769230769
2025,11,SRB,DEU,-2.453126487103836,5,2.08
2025,11,PAN,VEN,-3.3432308011997116,36,-0.09999999999999964
2025,11,COL,USA,-3.1234803393512736,58,-0.44827586206896575
2025,11,BEL,BRA,-0.8796819122906049,4,-0.9250000000000003
2025,11,SEN,TUR,3.726170992128435,2,2.8
2025,11,CUB,USA,-2.8766997039836024,23,-1.4695652173913043
2025,11,USA,GTM,-3.2349274171018916,52,0.6942307692307694
2025,11,ETH,ETH,-4.801878504960536,5,4.02
2025,11,FRA,IDN,-1.140656271518025,4,0.3999999999999999
2025,11,BRA,KHM,-0.8239477654233325,4,0.0
2025,11,CUB,KOR,1.28205128205128,1,4.0
2025,11,AUS,MEX,-6.6760223634915565,8,-3.7875000000000005
2025,11,PLW,PLW,2.15163147792707,3,-0.10000000000000009
2025,11,SOM,USA,-2.135249539154775,6,-1.5666666666666664
2025,11,IRL,ITA,-4.78632478632478,2,-9.0
2025,11,IND,USA,-1.5520493990031636,33,1.5060606060606063
2025,11,GBR,IND,2.0431431048984217,12,2.2083333333333335
2025,11,FRA,GBR,-1.0161223161148145,41,2.236585365853659
2025,11,CHN,VNM,-1.3739031923435383,24,0.833333333333333
2025,11,LAO,VNM,-5.35123042505593,4,4.0
2025,11,AUS,CAN,1.023657309264353,38,3.163157894736842
2025,11,ARE,NOR,-2.85714285714286,5,1.2199999999999998
2025,11,LBY,EUR,-4.77815699658703,5,4.720000000000001
2025,11,VAT,PHL,0.55467511885895,1,1.9
2025,11,USA,TWN,-0.515260781130946,62,3.2387096774193544
2025,11,USA,SLV,-3.3879116328507917,42,0.2500000000000002
2025,11,JOR,ISR,-4.479320153365977,22,0.49545454545454604
2025,11,TTO,GBR,0.769040699587054,4,-0.3250000000000004
2025,11,NOR,USA,-1.3181119061373738,11,2.8
2025,11,BEL,CHE,7.59803921568627,3,8.0
2025,11,SYR,DOM,-4.69314079422383,1,-10.0
2025,11,CAN,DEU,-0.83135638691194,3,2.2666666666666666
2025,11,COL,GHA,1.53340635268347,3,1.9
2025,11,SGP,AFR,1.7065747918461065,3,2.4999999999999996
2025,11,SGP,FRA,-3.05602716468591,1,1.9
2025,11,SDN,SDN,-5.871785061157661,73,-2.008219178082192
2025,11,CAN,MDV,-3.7130786262939766,3,-2.333333333333333
2025,11,CUB,CUB,-4.844052749167352,38,-0.6842105263157893
2025,11,NGA,NLD,-1.2807881773399,3,2.8
2025,11,TUR,EUR,1.461938422591385,10,2.9399999999999995
2025,11,AZE,KAZ,-0.024149883735496758,6,6.266666666666667
2025,11,KEN,COL,-2.56872604377035,6,4.0
2025,11,ARM,DNK,-0.921760818078086,11,2.090909090909091
2025,11,COD,USA,-3.241410017709681,2,1.15
2025,11,GRD,ARE,3.89972144846796,3,6.0
2025,11,MKD,EUR,-0.43103448275862,4,1.5
2025,11,ETH,ERI,-3.02197802197802,2,0.0
2025,11,EGY,IRN,2.72108843537415,2,1.0
2025,11,SVK,ITA,-6.004374142081284,7,4.428571428571429
2025,11,BGR,ESP,-6.47482014388489,1,1.0
2025,11,USA,PER,-5.067696614567689,7,-0.4571428571428573
2025,11,UKR,NLD,-2.946815924086292,7,3.2285714285714286
2025,11,JPN,EUR,0.583484055353205,12,3.4833333333333334
2025,11,AUS,DEU,0.75431034482759,2,2.8
2025,11,KHM,ISR,1.22448979591836,1,0.0
2025,11,DNK,MDV,-2.68817204301075,1,1.9
2025,11,SAU,EUR,1.64654226125137,1,-2.0
2025,11,USA,MEX,-3.659021054345674,126,-0.6246031746031748
2025,11,JPN,RUS,-3.555099267141925,14,-1.3428571428571434
2025,11,GHA,MEX,8.71097683786505,1,0.0
2025,11,NGA,GBR,-1.75037343000607,5,-0.3200000000000001
2025,11,TZA,JOR,-8.246375927272158,8,-0.4249999999999998
2025,11,KEN,ZMB,-1.8286793320102765,3,-1.166666666666666
2025,11,TUR,SEN,3.0992074416413367,3,1.2666666666666666
2025,11,ARM,ITA,1.1563011792444,2,2.5
2025,11,COD,ESP,2.90697674418605,2,2.8
2025,11,GTM,PAN,2.1081506013012867,3,2.0
2025,11,AUS,WSM,-1.14537444933921,1,1.0
2025,11,KAZ,AFG,2.70270270270271,1,7.0
2025,11,JPN,BHR,8.13008130081301,3,3.4
2025,11,KOR,LAO,3.3112582781457,1,1.0
2025,11,VAT,SVK,2.67639902676399,2,2.8
2025,11,CAN,SGP,0.08902077151335,1,1.0
2025,11,SAU,ISR,-1.1615753253794265,77,2.0662337662337666
2025,11,EGY,DEU,-1.200724734110612,11,-0.0363636363636366
2025,11,EUR,GRC,0.17726485074767462,13,1.2384615384615387
2025,11,TUR,DEU,-3.2450806871990436,15,-0.706666666666667
2025,11,GBR,AFR,0.6637547220775342,19,3.1157894736842104
2025,11,MLI,RUS,-2.1633943640493847,9,0.9555555555555553
2025,11,KHM,LAO,-5.35123042505593,4,4.0
2025,11,PAK,USA,-0.18153161307894972,34,1.4911764705882353
2025,11,BOL,USA,0.09658524706440019,5,2.62
2025,11,PAK,TUR,-0.24964335477257127,7,3.8857142857142852
2025,11,SYR,LBY,-2.3728813559322,8,0.75
2025,11,SGP,MYS,-1.0791337918306683,12,-0.6500000000000004
2025,11,BEL,ISR,-3.30440587449933,2,-3.0500000000000003
2025,11,ZAF,CHN,0.484349297089192,5,3.52
2025,11,QAT,DEU,-1.53846153846154,1,-4.0
2025,11,JOR,FRA,-1.00066711140761,2,0.0
2025,11,SYR,PAK,-4.3115438108484,2,-10.0
2025,11,RUS,UZB,2.62008733624454,2,8.0
2025,11,RUS,WST,-4.057790234522642,37,-2.924324324324324
2025,11,BEN,TGO,-5.04731861198738,2,-10.0
2025,11,FRA,CAF,-0.3968253968254,1,-2.0
2025,11,RUS,PAK,-0.1553627620847621,14,-0.3857142857142856
2025,11,TUN,THA,-3.2719836400818,1,-9.0
2025,11,NOR,GBR,2.2993827160493834,3,-6.533333333333333
2025,11,EGY,AFR,4.96229382586603,3,4.8
2025,11,CHN,UKR,3.1026851680034104,3,0.8
2025,11,BEL,USA,-1.5934908564876558,19,0.09999999999999992
2025,11,ISR,AUS,-3.4657398212512374,4,-2.35
2025,11,IRL,BGD,5.57717250324254,2,3.0999999999999996
2025,11,ARE,IDN,-0.35860655737705,3,1.0
2025,11,ESP,MCO,-3.2171581769437,1,3.0
2025,11,EUR,SRB,-1.3275613275613267,3,0.5999999999999999
2025,11,DEU,SYR,-5.131964809384165,2,-7.0
2025,11,IND,LKA,0.87144010379209,13,3.030769230769231
2025,11,COK,NZL,1.184059285802456,19,3.531578947368421
2025,11,IRN,SWE,-5.326106629910734,3,0.7333333333333333
2025,11,AFG,IRQ,1.69230769230769,3,1.9
2025,11,MAR,MLI,-6.49546827794562,1,3.4
2025,11,THA,SWE,-4.65116279069767,1,0.0
2025,11,TMP,SEA,7.17131474103586,1,3.4
2025,11,IND,EUR,4.58937198067633,1,8.0
2025,11,EUR,USA,-1.2887010307013744,76,1.7947368421052627
2025,11,CHE,PSE,-8.813275493887595,5,-3.720000000000001
2025,11,ETH,CZE,0.44052863436123,4,2.3499999999999996
2025,11,ITA,DEU,-0.8810277358961309,12,0.041666666666666706
2025,11,VEN,IRQ,-5.12820512820513,2,-2.0
2025,11,UZB,EGY,3.07692307692307,3,5.0
2025,11,PRT,AGO,-1.22249388753057,1,1.9
2025,11,GRC,LBY,-4.77815699658703,3,2.8
2025,11,VNM,MEX,2.21483942414175,1,-10.0
2025,11,BEL,ECU,-5.62770562770563,2,-2.0
2025,11,COD,RWA,3.66197183098592,2,-4.4
2025,11,SGP,SWE,6.2645011600928,4,4.0
2025,11,SGP,CAN,0.08902077151335,2,1.0
2025,11,EUR,KEN,2.7419012824600912,7,6.742857142857143
2025,11,CHE,DEU,0.47775310651360203,10,2.1100000000000003
2025,11,KAZ,BLR,-0.39116428900138,9,4.666666666666667
2025,11,TJK,GBR,4.03225806451612,1,1.0
2025,11,JOR,CAN,-2.7216493845833183,5,-1.6400000000000001
2025,11,SLV,ARG,1.7269246299685233,7,5.542857142857144
2025,11,ZAF,IRL,3.95778364116095,1,1.9
2025,11,FIN,LVA,1.5748031496063,2,2.8
2025,11,ISR,JPN,1.1055658722789659,5,2.9799999999999995
2025,11,MEX,MUS,1.14678899082569,1,0.0
2025,11,JPN,SEA,-1.45560407569142,1,2.8
2025,11,MYS,NLD,-3.93081761006289,1,-5.0
2025,11,MDV,SWE,-9.0,1,-0.4
2025,11,NPL,GBR,2.1320662768031156,2,0.5
2025,11,CYP,EUR,-4.722567913238924,4,0.5
2025,11,AUS,CUB,-6.423418297817323,5,-0.1999999999999993
2025,11,USA,PRY,0.15751383567475008,2,6.0
2025,11,MAR,USA,0.4315250513565101,6,0.3666666666666667
2025,11,ESP,CHN,1.76474107193088,26,3.1423076923076922
2025,11,ZAF,ZWE,-3.10880829015544,2,6.0
2025,11,CUB,JPN,6.44329896907216,1,7.0
2025,11,ISR,EST,-0.58479532163743,1,3.4
2025,11,HTI,COL,0.49019607843137,2,1.0
2025,11,USA,LVA,8.41750841750842,1,1.9
2025,11,WST,POL,-3.7244747137221728,4,2.75
2025,11,EUR,PRY,4.71976401179941,1,1.0
2025,11,LTU,LTU,-1.7821916599330176,16,1.44375
2025,11,RUS,IRN,-2.071336569048774,15,1.3733333333333324
2025,11,IDN,EUR,-4.30107526881721,1,3.4
2025,11,TUR,KOR,6.66666666666666,1,5.2
2025,11,IND,AFR,3.495586570088744,7,3.0857142857142854
2025,11,FRA,URY,-5.38764783180026,1,-5.0
2025,11,ARM,NPL,2.2503461838885386,7,2.5142857142857142
2025,11,TUN,LBY,0.56410256410257,2,1.9
2025,11,ARG,AGO,5.26315789473684,1,3.0
2025,11,SEN,CAN,2.63929618768328,1,2.8
2025,11,CHN,MNG,-4.90196078431373,1,1.9
2025,11,MDV,ETH,-10.9263657957245,1,5.0
2025,11,SAU,TKM,6.12244897959184,3,5.8
2025,11,SOM,UKR,-5.91133004926108,2,0.0
2025,11,RUS,MDA,-0.24307104069078994,25,4.271999999999999
2025,11,KHM,IDN,-1.80648703187133,4,4.15
2025,11,CHE,UKR,0.18214936247723,3,7.0
2025,11,PSE,DEU,-6.35423774234867,3,-5.533333333333333
2025,11,USA,RWA,-0.70546737213403,2,8.0
2025,11,EUR,CHL,2.0007810448128396,14,3.2714285714285714
2025,11,LVA,EUR,0.6203734420018383,6,0.24999999999999956
2025,11,FRA,PSE,-1.869663505725672,10,-2.92
2025,11,TUR,KWT,-2.165282392026574,8,-0.5750000000000002
2025,11,VEN,SWE,-3.0415824590336786,8,1.575
2025,11,USA,DZA,1.7703625965941479,5,0.5199999999999998
2025,11,AGO,BDI,-6.5359477124183,1,3.0
2025,11,FRA,MCO,-0.15723270440252,1,0.4
2025,11,IRN,NGA,-10.5169340463458,2,-8.25
2025,11,ARE,KOR,3.73134328358209,1,2.8
2025,11,TUR,NZL,-5.6789217579362,4,2.8
2025,11,ESP,THA,5.59006211180124,2,5.7
2025,11,FRA,ALB,-4.8312480809565015,5,-4.4399999999999995
2025,11,BEL,ALB,1.1045535720439519,10,3.4000000000000004
2025,11,KEN,PSE,-2.3441894682079036,3,2.8
2025,11,ARG,TUR,-3.54609929078014,1,1.9
2025,11,NGA,BRA,-1.5704730682960002,5,4.18
2025,11,GRD,DEU,1.90476190476191,1,-6.5
2025,11,LBY,TUR,-4.62962962962963,1,3.0
2025,11,ITA,DNK,1.63398692810458,1,2.8
2025,11,TZA,AGO,-4.51792024230187,3,1.0
2025,11,KGZ,ISR,-4.98281786941581,3,8.3
2025,11,IRL,LTU,-7.48717948717948,4,-8.375
2025,11,WAF,LBR,3.76344086021505,1,3.4
2025,11,TWN,POL,3.86847195357834,3,1.0
2025,11,QAT,COD,3.35195530726257,1,8.0
2025,11,EUR,UZB,9.38511326860841,1,3.4
2025,11,SAU,EGY,0.2567605425666405,23,2.660869565217391
2025,11,ESP,MDA,0.41946308724832,3,-9.2
2025,11,RUS,ISR,-3.0793888428299465,41,0.42195121951219516
2025,11,RUS,YEM,-1.95026816187226,2,3.4
2025,11,WST,SWE,-0.7054871220604679,5,3.4
2025,11,CHN,POL,-6.23501199040767,1,0.0
2025,11,NLD,EST,-0.016906466431919953,4,6.0
2025,11,BGD,MYS,0.18761726078799,2,7.0
2025,11,AUS,KWT,-2.8957528957529,2,2.25
2025,11,AFR,KAZ,-0.81833060556464,1,-0.4
2025,11,RUS,CMR,-5.35117056856188,1,-5.0
2025,11,BRA,COL,0.05060448225578962,18,3.7777777777777777
2025,11,IRQ,IRN,2.22734026849143,12,-2.2666666666666666
2025,11,EUR,WST,-2.1006820680534233,3,0.6333333333333333
2025,11,CPV,USA,-4.18552036199096,1,2.8
2025,11,MYS,JPN,-0.4708057254953525,8,3.425
2025,11,CYM,USA,4.9962178517397895,2,1.4
2025,11,SAU,KHM,5.21739130434783,4,2.1999999999999997
2025,11,GUY,SOM,1.23809523809524,2,3.4
2025,11,GBR,HRV,-4.89510489510489,2,4.0
2025,11,FRA,SGP,-3.05602716468591,1,2.8
2025,11,OMN,ARE,-2.85714285714285,1,-4.0
2025,11,SOM,SWE,-5.1948051948052,1,0.0
2025,11,UKR,MDV,-2.16216216216216,1,1.9
2025,11,NLD,ESP,-2.05479452054794,1,1.0
2025,11,IDN,GRD,-2.1505376344086,1,2.8
2025,11,USA,COL,-2.7874860337131393,32,0.2906249999999999
2025,11,DEU,AUS,0.8805022729792681,5,1.3599999999999994
2025,11,FRA,ARG,2.10526315789473,1,2.8
2025,11,MEX,SWE,-2.9716198487420926,4,3.3
2025,11,CHN,LBY,2.51396648044693,2,3.5
2025,11,UKR,ISR,-4.053396419551571,30,-1.1566666666666667
2025,11,COL,EUR,-1.1314774103377983,7,3.2
2025,11,UKR,ISL,-2.56410256410257,1,4.0
2025,11,ISR,EUR,-2.038478530378184,10,-2.13
2025,11,TTO,TTO,-2.6780362790651875,9,0.04444444444444429
2025,11,TUR,SYR,0.27314052755257157,6,2.4833333333333334
2025,11,UKR,CUB,-5.78512396694215,3,7.0
2025,11,UKR,CHL,-2.39520958083832,2,3.4
2025,11,ITA,AUS,-4.59183673469388,1,-10.0
2025,11,CHN,SLV,0.0,2,3.5
2025,11,BHR,JPN,8.13008130081301,1,3.4
2025,11,SLV,CHN,0.0,2,3.5
2025,11,HUN,CZE,-0.6924303944315549,2,2.7
2025,11,GTM,HND,2.1978021978022,1,2.8
2025,11,SLB,NZL,0.0,1,1.9
2025,11,HTI,CUB,0.036636892708478364,12,3.4000000000000004
2025,11,PAK,PAK,-0.3515221928124111,132,0.7492424242424242
2025,11,LKA,USA,4.622884195507905,4,8.0
2025,11,IRN,IRQ,3.1916122314133855,28,1.342857142857143
2025,11,MMR,KHM,-5.35123042505593,4,4.0
2025,11,IRL,GRD,-8.127964476738313,5,-0.6000000000000002
2025,11,ESP,EUR,-0.6480215745250656,23,0.8565217391304348
2025,11,IRL,UKR,-2.87877732097646,3,-2.0666666666666664
2025,11,CZE,CZE,-2.2806597272550864,12,1.375
2025,11,AUT,FIN,-0.39116428900138,5,3.8
2025,11,ESP,GHA,-0.51921079958463,1,2.8
2025,11,CIV,ISR,-3.75072129255626,3,2.666666666666667
2025,11,DEU,ISR,-5.4701970276833025,18,4.094444444444444
2025,11,MAR,SWE,-2.67639902676399,1,0.0
2025,11,LBR,GHA,10.01268949512166,7,2.971428571428571
2025,11,AUS,ARE,-1.70212765957447,1,7.0
2025,11,DEU,AFR,2.30326295585413,1,7.0
2025,11,GHA,GBR,-2.6590856808503625,7,4.942857142857143
2025,11,BGR,ARM,-3.31884630580798,6,2.3499999999999996
2025,11,FRA,BGR,-2.83429145876507,9,2.011111111111111
2025,11,UKR,CYP,-1.36986301369863,1,1.0
2025,11,PRT,DEU,-1.1625505842032433,3,0.26666666666666666
2025,11,QAT,GHA,7.1917808219178,2,4.0
2025,11,PRT,SAU,0.0,1,1.9
2025,11,PRT,EUR,0.10326817041025216,5,2.94
2025,11,ARE,JOR,2.8929788029848873,8,2.05
2025,11,DEU,CZE,1.262134754080839,11,3.0181818181818176
2025,11,ISR,SWE,0.77519379844961,1,6.0
2025,11,BLZ,BLZ,3.3300607412234156,7,2.814285714285714
2025,11,BGD,MMR,-5.73152337858225,1,1.9
2025,11,COD,COG,-7.925654036509792,9,-3.144444444444445
2025,11,SEA,RUS,-0.8781558726674,1,0.4
2025,11,IDN,PNG,0.76335877862595,3,1.9
2025,11,ARG,CHN,0.6849315068493134,3,5.0
2025,11,FRA,SOM,1.84544405997694,4,3.4
2025,11,CHE,IND,-8.97755610972564,2,-2.0
2025,11,KGZ,KGZ,-9.31677018633542,1,0.0
2025,11,SAU,PRT,0.0,2,2.8
2025,11,BLR,POL,-2.121358839965173,20,2.3099999999999996
2025,11,CAN,JPN,-2.2009783811031998,12,2.166666666666667
2025,11,GBR,CHE,5.015854288031858,5,1.3599999999999994
2025,11,ISL,EUR,-0.37523452157599,2,6.4
2025,11,EUR,NLD,-0.2190822966014898,3,5.800000000000001
2025,11,ARE,COL,0.35149384885764,3,8.0
2025,11,ISR,JAM,0.931677018633541,2,7.4
2025,11,EAF,RWA,-1.05062082139446,1,0.0
2025,11,AGO,KEN,-4.51792024230187,3,1.0
2025,11,CAN,PHL,1.8072043369599542,10,4.949999999999999
2025,11,AFG,TKM,2.976930628272255,2,4.0
2025,11,LKA,AUS,0.31968576961894346,6,2.3499999999999996
2025,11,WST,RUS,-2.288816488479938,31,0.6903225806451614
2025,11,WST,USA,-1.2493144796715434,6,0.9500000000000002
2025,11,BRA,AUS,-1.7883810303364323,13,1.4153846153846152
2025,11,STP,HTI,-6.32256718927957,2,-3.6000000000000005
2025,11,IDN,FRA,-6.456218971046965,4,-4.05
2025,11,NZL,CAF,-4.31266846361186,1,7.4
2025,11,GBR,MYS,-10.6666666666667,2,7.4
2025,11,TJK,AZE,1.85185185185185,2,3.4
2025,11,BWA,IND,3.1616153191149508,10,2.4399999999999995
2025,11,FRA,SEN,-4.34782608695652,1,-5.0
2025,11,POL,VEN,-1.76678445229682,1,1.0
2025,11,POL,RUS,-3.0237654688221287,19,-3.8736842105263154
2025,11,USA,GAB,2.57611241217799,1,3.4
2025,11,PER,USA,-2.552653838448357,11,-2.0272727272727273
2025,11,KAZ,DEU,0.81967213114754,1,7.0
2025,11,VEN,FRA,0.03461658080132679,6,3.4333333333333336
2025,11,CHN,GIN,2.3239006611775253,4,5.95
2025,11,BOL,MUS,0.843881856540086,1,0.0
2025,11,AUS,BHS,2.75229357798165,1,7.0
2025,11,CAF,COD,-4.31266846361186,1,7.4
2025,11,AFR,TZA,2.6484602102594352,2,0.95
2025,11,CZE,CHN,0.0,3,7.0
2025,11,WST,FIN,-0.6766741852687304,2,3.4
2025,11,LUX,EUR,4.37788018433179,1,0.0
2025,11,IDN,NGA,-6.51340996168582,1,-5.0
2025,11,HUN,WST,-4.49152342968741,2,-2.2
2025,11,AUS,IDN,-0.7188418742549991,19,4.605263157894736
2025,11,RWA,DZA,4.10509031198686,2,3.4
2025,11,LBY,MLT,-4.77815699658703,4,1.9
2025,11,CAN,AFG,4.686176854735695,2,2.8
2025,11,ZAF,KEN,-2.0107081901288235,3,1.9
2025,11,ETH,SDN,-6.86985970004838,2,-10.0
2025,11,PHL,PER,-2.60285474391268,2,3.0
2025,11,CHE,ISR,-8.896510940888966,29,-1.7034482758620688
2025,11,IRL,DEU,-0.2911660899504569,3,3.2666666666666666
2025,11,LKA,PAK,4.1874013836630715,7,1.028571428571429
2025,11,MUS,USA,8.69565217391304,1,1.9
2025,11,VEN,MUS,2.4896265560166,3,2.8
2025,11,TZA,MWI,-4.51792024230187,3,1.0
2025,11,NPL,AUS,5.58312655086849,2,5.2
2025,11,CYP,USA,0.724553883581512,10,1.99
2025,11,IRL,KOR,-0.92807424593967,2,1.0
2025,11,CRB,NZL,-1.48026315789474,1,2.8
2025,11,IRQ,RUS,-2.38663484486874,1,1.0
2025,11,TWN,CHE,2.48041775456919,1,7.0
2025,11,TGO,UKR,-5.91133004926108,2,0.0
2025,11,CHN,BRA,0.1074198338267563,14,2.6285714285714286
2025,11,KHM,SEA,3.3595215583869833,6,3.8
2025,11,ARE,CHN,2.641080919967229,5,4.88
2025,11,BEL,PSE,-2.8681506849315053,2,2.8
2025,11,USA,LAO,-3.80434782608695,1,-10.0
2025,11,TON,AUS,-4.38678312520286,2,-2.1000000000000005
2025,11,DEU,PRT,-1.53504906281215,2,-1.0
2025,11,UGA,TZA,3.1107338238068305,3,3.0
2025,11,PHL,VNM,5.09259259259259,2,1.9
2025,11,PHL,ITA,0.09162808641975251,4,4.6
2025,11,VEN,AFG,-5.04854368932039,3,0.7999999999999998
2025,11,NGA,GAB,2.92056473349847,1,0.0
2025,11,MEX,UKR,-4.11421553576911,2,3.4
2025,11,COD,QAT,3.35195530726257,1,8.0
2025,11,IND,TZA,0.0,1,-9.5
2025,11,MCO,NLD,-1.24378109452736,1,3.5
2025,11,IDN,KHM,-2.4152575122135773,7,0.34285714285714275
2025,11,SGP,JOR,3.698317549273457,3,4.1
2025,11,THA,VNM,-7.504939286410302,46,-0.13260869565217348
2025,11,BEL,GRC,-2.4458559457593227,7,0.7714285714285714
2025,11,NGA,NER,-5.30582166543847,1,1.0
2025,11,VNM,FRA,-1.7897448063873704,17,-0.7941176470588237
2025,11,GHA,NOR,-6.273047096450753,6,3.4
2025,11,USA,GIN,-7.043703579720517,8,-4.0
2025,11,IND,ISR,-1.92837465564738,1,1.0
2025,11,AFG,RUS,-1.92232247940369,3,1.9
2025,11,CZE,SVK,1.197983527828598,6,5.316666666666666
2025,11,HRV,FRA,3.64963503649635,1,3.4
2025,11,MAR,POL,1.46627565982405,1,0.0
2025,11,AFG,PAK,-5.280381216314727,101,-0.7752475247524753
2025,11,NOR,SWE,-3.5430582413532408,10,5.67
2025,11,GBR,DEU,-2.202530267028087,44,1.1409090909090909
2025,11,SWE,DNK,-1.3728758942974626,12,-0.5500000000000007
2025,11,ESP,ISR,-4.767606623654027,4,2.5
2025,11,FIN,EUR,-0.8124578429842884,6,3.266666666666667
2025,11,ITA,PHL,1.5625,4,1.9
2025,11,ZAF,AUS,3.26975476839237,4,5.7
2025,11,CHL,BEL,7.93650793650794,1,-2.0
2025,11,LKA,IND,1.5592857698842582,14,2.4
2025,11,LKA,IDN,-1.34003350083752,2,2.3499999999999996
2025,11,EGY,FRA,3.04949683443889,4,0.0
2025,11,PHL,USA,0.6305906744885996,22,-0.5818181818181815
2025,11,EUR,CHN,-0.8601583026994011,34,0.41764705882352954
2025,11,EUR,ITA,2.140811035683845,18,2.9555555555555557
2025,11,DEU,KAZ,0.81967213114754,1,7.0
2025,11,IDN,SAU,2.8360784658486087,20,3.07
2025,11,FRA,AZE,-1.72009382329945,1,-2.0
2025,11,EUR,VEN,2.12765957446809,1,2.8
2025,11,AGO,PRT,-1.22249388753057,2,2.8
2025,11,BRA,KOR,3.21428571428571,2,6.4
2025,11,DNK,ITA,1.63398692810458,1,1.9
2025,11,ARE,AGO,-3.50194552529183,1,1.0
2025,11,CHN,COM,7.62942779291554,2,6.0
2025,11,LBN,IRN,-4.632318457816415,6,2.0
2025,11,LUX,FRA,-0.28735632183908,2,1.0
2025,11,MAR,UKR,-10.4838709677419,1,-10.0
2025,11,NLD,NLD,-2.4063527700199834,28,-0.2785714285714287
2025,11,FRA,AUS,1.4932524195158727,19,-0.42105263157894757
2025,11,KAZ,EUR,0.81967213114754,2,3.4
2025,11,LVA,RUS,-5.028328393364998,4,1.0
2025,11,TZA,TZA,-5.65703489885111,9,-2.1333333333333333
2025,11,NPL,NPL,-1.9123538974629417,18,0.3944444444444444
2025,11,GRD,BRA,-3.67261280167891,1,-2.0
2025,11,IRL,JPN,1.0610309491489887,7,1.8571428571428572
2025,11,ISR,IDN,2.678807170307912,15,3.4799999999999995
2025,11,TCD,EGY,-0.32258064516129,3,2.8
2025,11,KEN,MWI,-4.51792024230187,3,1.0
2025,11,NZL,JPN,-0.43956043956044,5,-1.02
2025,11,AFR,MYS,-4.32766615146832,2,1.0
2025,11,UKR,SRB,-1.7899543378995433,3,1.0
2025,11,GBR,CAN,0.21995214205049413,61,3.1540983606557376
2025,11,UKR,JPN,-8.695782590437346,2,-5.0
2025,11,PER,FRA,2.63454944306008,2,2.3499999999999996
2025,11,CHN,ARE,2.2280091891388056,9,3.5444444444444447
2025,11,AFR,AUS,0.663842733218857,11,-1.2818181818181817
2025,11,SEA,EUR,-1.4279647485578066,6,3.6999999999999997
2025,11,USA,LIE,1.0228747349850709,9,5.2
2025,11,SDN,EUR,-3.7393578643578618,6,0.0
2025,11,GBR,GHA,-1.66993710015591,6,5.199999999999999
2025,11,AUT,BEL,1.17096018735363,2,3.4
2025,11,MDG,FRA,-5.61797752808988,1,3.0
2025,11,TUN,TUR,1.97628458498023,2,7.0
2025,11,IRN,SDN,-6.258695396262782,4,0.5000000000000001
2025,11,MYS,GBR,6.50020773859783,2,2.0
2025,11,USA,SVK,-0.9350998694637714,7,1.1142857142857143
2025,11,UGA,SDN,0.32679738562092,1,-9.0
2025,11,CHE,DOM,-4.65116279069768,1,2.8
2025,11,UKR,LKA,-5.91133004926108,4,-5.0
2025,11,CUB,FRA,1.53340635268347,4,1.0
2025,11,SVK,LTU,9.30232558139535,2,8.0
2025,11,LTU,KAZ,-3.44086021505376,2,-6.5
2025,11,SEA,VNM,2.68741159830269,2,3.55
2025,11,PSE,SWE,-1.42857142857143,1,0.0
2025,11,NGA,NGA,-1.2940510411646156,258,0.4802325581395351
2025,11,RUS,GRC,-2.78059139286165,12,4.075
2025,11,IRL,GBR,-0.22504366029975725,71,0.9267605633802816
2025,11,MAR,ISR,-1.14900943885489,5,1.76
2025,11,SYR,RUS,-2.3132133032570934,9,0.04444444444444429
2025,11,AFR,MLI,-1.2406517165817799,2,-2.2
2025,11,DOM,FJI,1.01010101010101,3,2.8
2025,11,VEN,MAR,-1.31868131868132,1,6.4
2025,11,GHA,EUR,-5.539020152104544,5,3.4
2025,11,CAS,CHN,-1.7167381974249,2,1.45
2025,11,SDN,IRN,2.72108843537415,1,1.0
2025,11,KEN,FRA,2.85285285285286,1,0.4
2025,11,NZL,KIR,0.0,12,6.25
2025,11,DOM,NOR,5.92105263157895,3,8.0
2025,11,SRB,USA,0.5579539508110924,8,0.0
2025,11,UKR,AZE,-3.432916112671053,68,-1.7676470588235293
2025,11,NZL,ITA,2.46913580246914,4,-0.75
2025,11,KHM,MYS,-0.13855917619915736,20,1.8699999999999999
2025,11,PHL,FRA,-3.6745406824147,2,1.15
2025,11,RUS,AFR,-0.3675337767110977,17,1.6470588235294117
2025,11,BHS,KAZ,-3.48258706467662,3,2.8
2025,11,BGR,DNK,3.40715502555366,1,3.4
2025,11,MDV,ESP,-8.03571428571428,1,-5.0
2025,11,BEL,AZE,5.93607305936073,3,2.4
2025,11,MEX,IND,-4.25,3,4.0
2025,11,NOR,ITA,7.8125,2,4.0
2025,11,BEL,NLD,-9.629007356280066,2,-5.0
2025,11,SEN,UKR,-7.20496894409938,4,1.0
2025,11,AFR,SDN,0.71090047393365,1,2.8
2025,11,GBR,PER,3.5456040292033575,9,2.3
2025,11,DEU,GBR,-0.9723025825411025,47,2.0999999999999996
2025,11,CHN,THA,1.68308522551403,112,1.5776785714285715
2025,11,EST,POL,-4.50450450450451,2,8.0
2025,11,ITA,UKR,-4.663488572299384,71,0.8464788732394366
2025,11,WST,EUR,-0.46344121222694723,7,3.5999999999999996
2025,11,PSE,EUR,-2.0994874593797026,4,0.9249999999999999
2025,11,CHE,BEL,7.59803921568627,3,8.0
2025,11,PAN,PAN,-3.7212966975318262,5,-0.7999999999999999
2025,11,EUR,SEN,3.44827586206897,1,3.4
2025,11,NGA,SEN,7.02875399361022,2,0.0
2025,11,RUS,ZAF,-0.22584829225950243,7,-1.3714285714285714
2025,11,PHL,BRN,2.637335032376442,4,6.0
2025,11,BHS,CAN,2.404896842358964,5,-0.8600000000000003
2025,11,FIN,CAN,-1.5625,1,-4.0
2025,11,IRL,JOR,-0.27932960893854,2,2.3499999999999996
2025,11,TON,FJI,1.00502512562814,2,2.3499999999999996
2025,11,NGA,AUS,4.35684647302905,1,1.0
2025,11,DOM,BRA,0.0,1,2.8
2025,11,LBN,ISR,-5.00021287306372,69,-1.6246376811594203
2025,11,TUR,ARM,-0.005920500496063463,16,2.86875
2025,11,ZAF,USA,-2.2782327029772516,8,2.05
2025,11,NLD,UKR,-3.3179137828771874,10,0.7799999999999997
2025,11,TZA,DOM,-8.81801125703569,2,-2.0
2025,11,BRA,MEX,-1.387832184072514,5,3.26
2025,11,BEL,BLR,-7.65027322404372,1,0.0
2025,11,SAU,ARG,-0.93023255813954,1,2.8
2025,11,ESP,DZA,-3.87323943661972,1,-5.0
2025,11,HRV,AZE,0.80971659919029,2,1.0
2025,11,GMB,TUR,6.68523676880223,3,3.4
2025,11,MOZ,EUR,0.86956521739131,1,1.0
2025,11,ITA,RUS,-3.40633423180593,4,1.5
2025,11,CAN,AFR,3.85185185185185,1,2.8
2025,11,USA,KOR,0.6903165971806088,179,2.354748603351956
2025,11,DOM,USA,3.4173003372988457,16,3.4875
2025,11,SGP,IRN,-4.1751630990024085,6,-0.09999999999999987
2025,11,COD,TCD,-7.89699570815451,2,-0.2
2025,11,LTU,EST,-1.7365056335606746,11,2.3636363636363633
2025,11,NPL,USA,-2.7129872851398518,6,0.0
2025,11,AFR,ESP,-1.2012012012012,1,7.4
2025,11,MMR,THA,-6.409017004682093,3,-0.6666666666666661
2025,11,FRA,SRB,-0.6618293044273993,17,3.458823529411765
2025,11,TUR,GBR,-2.38155524825168,10,3.92
2025,11,CYP,CYP,-3.476622341114113,4,2.125
2025,11,NOR,CHE,-5.22979397781299,2,6.0
2025,11,IRL,ESP,-2.009195370497787,4,1.325
2025,11,THA,FRA,5.59006211180124,2,8.0
2025,11,GRC,YEM,0.0,3,5.0
2025,11,BEL,MDV,0.37313432835821,1,3.4
2025,11,ITA,PRY,0.597014925373138,3,2.8
2025,11,USA,USA,-2.3412280398122753,4315,0.4500115874855155
2025,11,QAT,ISR,0.8191552413336162,22,-0.5272727272727273
2025,11,ARE,IRN,-4.913065376184754,8,-0.42500000000000027
2025,11,JOR,PSE,2.0925573024647317,12,2.1333333333333333
2025,11,VEN,GUY,-3.823928435997143,4,-0.40000000000000013
2025,11,MRT,DZA,-1.77304964539007,3,7.333333333333333
2025,11,GHA,AGO,6.30472854640981,8,2.15
2025,11,ATG,BRB,5.88928150765607,3,3.5
2025,11,PHL,KOR,7.40740740740741,1,3.4
2025,11,AUS,LAO,3.83480825958702,2,4.9
2025,11,SAU,UZB,4.44444444444444,2,1.0
2025,11,TJK,TJK,3.215117619313434,23,1.7695652173913041
2025,11,USA,NOR,1.3517707775969565,14,2.5428571428571427
2025,11,MDV,BHS,-0.33613445378151,1,-9.0
2025,11,CHN,DEU,2.3994985610224533,18,-0.12222222222222179
2025,11,IND,THA,0.0,1,1.9
2025,11,ITA,LBN,-1.26050420168067,2,7.0
2025,11,IRN,AZE,2.4545647566156057,9,4.800000000000001
2025,11,ARM,AGO,2.4896265560166,6,2.3499999999999996
2025,11,BHR,PAK,-10.0,5,1.2399999999999998
2025,11,ECU,KOR,0.1669449081803,2,5.2
2025,11,JPN,GHA,3.204786676899216,13,0.36923076923076953
2025,11,BGR,SRB,-0.7102026675905,2,-9.0
2025,11,TUR,ITA,-1.4931563666528467,3,2.8
2025,11,BEL,SYR,-13.998034619488788,4,-3.275
2025,11,BRA,THA,-1.6,3,7.4
2025,11,ISR,AFR,-1.9998477154668235,24,-0.24999999999999992
2025,11,DEU,IRL,-1.3727560718057,2,3.0
2025,11,MAR,KEN,2.29591836734694,1,3.4
2025,11,GHA,KOR,-6.56934306569343,3,1.0
2025,11,SLV,ECU,1.4637067163370294,14,4.257142857142858
2025,11,FRA,IND,0.76923076923077,1,2.8
2025,11,TUR,UKR,-1.09643513001218,8,4.125
2025,11,SWE,AFG,-0.81190482852532,1,0.0
2025,11,ZWE,ZWE,1.1703460595223685,15,1.073333333333333
2025,11,UKR,ITA,-4.41318536792458,16,-0.18125000000000036
2025,11,ZMB,ZMB,2.41313241157889,4,2.25
2025,11,DNK,SWE,-1.5692314715463,11,3.2272727272727275
2025,11,YEM,PSE,-2.8114450859764233,3,-5.533333333333333
2025,11,MYS,PAK,-7.45856353591161,2,-2.0
2025,11,KIR,AUS,0.0,4,2.3499999999999996
2025,11,NOR,MEX,4.60405156537753,3,4.0
2025,11,CYP,NLD,-10.0257069408741,1,0.0
2025,11,UKR,BLR,-2.921278190887934,17,1.117647058823529
2025,11,FIN,FIN,-2.644930025988179,25,2.0679999999999996
2025,11,USA,AFR,-0.6905727450188563,67,-0.10447761194029853
2025,11,GBR,CHN,-2.607443014088741,56,-0.07857142857142874
2025,11,SYR,IRQ,-1.5147603546974953,8,1.75
2025,11,KAZ,RUS,-2.779324044692412,33,0.8121212121212121
2025,11,SWE,CAN,0.1398150447778692,14,2.6285714285714286
2025,11,TUN,SGP,-3.3966139636603283,12,-0.4333333333333331
2025,11,AZE,PAK,-0.06474361761157654,3,1.7333333333333334
2025,11,ECU,ECU,-4.5193640087317135,6,-0.26666666666666705
2025,11,NGA,ZWE,0.53929359622912,4,3.55
2025,11,MDV,TUN,5.51378446115288,1,1.9
2025,11,CHN,AFG,-0.94683175528041,2,3.5
2025,11,DEU,ARE,-5.19031141868512,2,-10.0
2025,11,CMR,USA,-9.22330097087378,1,0.0
2025,11,VNM,CZE,3.7257948177328966,3,2.8
2025,11,FJI,SEA,4.80769230769231,2,7.0
2025,11,TWN,FRA,1.08271887448089,3,1.1333333333333333
2025,11,IRQ,AFG,1.69230769230769,2,2.8
2025,11,MAR,MCO,1.42348754448399,1,4.0
2025,11,KGZ,TUR,1.66666666666666,1,3.4
2025,11,GBR,JAM,-4.156821573657943,4,2.5
2025,11,AUT,SYR,-11.131455382258336,6,-3.6666666666666665
2025,11,MEX,VEN,-4.0,3,-4.0
2025,11,IDN,JPN,0.8976534047787272,17,3.0294117647058822
2025,11,LTU,RUS,-2.8716989251908522,16,-2.1625
2025,11,PHL,SEA,-2.000472506395293,8,4.199999999999999
2025,11,CIV,WAF,2.67260579064588,2,6.0
2025,11,LTU,POL,-2.610050808995621,9,2.666666666666667
2025,11,NLD,SVK,2.0690031662845296,4,5.5
2025,11,MUS,VEN,2.4896265560166,3,1.9
2025,11,KIR,FSM,0.0,6,3.4
2025,11,CHL,ESP,0.97640358014646,3,0.0
2025,11,AFR,USA,-0.9446037446176411,54,1.111111111111111
2025,11,KWT,SDN,0.69444444444444,3,0.0
2025,11,BOL,CHL,-4.260075576963624,3,3.466666666666667
2025,11,JPN,PSE,2.1152328689872615,10,1.8099999999999996
2025,11,EUR,ARG,-2.85714285714285,1,0.0
2025,11,NPL,MMR,0.956937799043062,1,-5.0
2025,11,GRD,NIC,-3.6734693877551,2,2.8
2025,11,CUB,AFR,-12.0954003407155,2,7.4
2025,11,SGP,SEA,1.0130533736745897,5,-0.44000000000000006
2025,11,PRK,LAO,3.3112582781457,1,7.0
2025,11,USA,OMN,3.62903225806451,2,3.5
2025,11,VEN,POL,-1.76678445229682,1,1.0
2025,11,BEL,TKM,2.8125,2,1.0
2025,11,GBR,GUY,1.9180470793374,1,1.9
2025,11,USA,GUY,-2.083234835762885,13,2.2615384615384624
2025,11,GBR,MNG,-0.5288815305371566,3,3.666666666666667
2025,11,EGY,QAT,2.757441043516149,7,2.7142857142857144
2025,11,CHN,ISR,-2.959787120139934,15,1.0400000000000005
2025,11,COD,FRA,-11.3899613899613,2,-6.5
2025,11,BTN,PAK,0.0,1,0.0
2025,11,GRC,ALB,-7.6900910801850815,6,-3.6666666666666665
2025,11,AGO,USA,4.81099656357388,1,0.0
2025,11,LTU,IRL,-7.48717948717948,1,-5.0
2025,11,UGA,KEN,-3.1990542840092977,15,-1.606666666666667
2025,11,NZL,CRB,-1.48026315789474,1,1.9
2025,11,BLR,RUS,1.1990349515702325,30,1.8899999999999997
2025,11,AFG,ITA,1.8450184501845,2,0.0
2025,11,UKR,FRA,0.8632376552660719,111,3.161261261261261
2025,11,VNM,THA,-6.675135438603884,20,3.925
2025,11,GRC,TUR,-2.916507676632885,12,2.166666666666667
2025,11,VNM,USA,-0.1568695074458084,46,0.1673913043478259
2025,11,USA,NZL,1.2361383368173846,12,0.9500000000000002
2025,11,SAU,COL,0.35149384885764,3,8.0
2025,11,TKM,AFG,3.0943810770381512,7,5.714285714285714
2025,11,PAK,CAN,7.35294117647059,6,1.8000000000000003
2025,11,JPN,COD,3.66197183098592,2,4.0
2025,11,CHN,IDN,-10.361044432469502,6,1.9
2025,11,HND,ISR,-5.65610859728507,2,-5.0
2025,11,IDN,RUS,-6.254894568145929,6,-6.333333333333333
2025,11,LTU,ITA,-3.1941031941032,5,-1.0
2025,11,HUN,ITA,-4.08309455587392,3,7.0
2025,11,KOR,SEA,2.2804463852498804,3,1.1333333333333333
2025,11,CZE,EUR,-3.70774263904035,2,3.0
2025,11,POL,POL,-1.0559566083255703,48,2.5458333333333334
2025,11,HUN,HRV,-1.244167405630872,14,3.914285714285714
2025,11,BMU,GBR,1.06366199404586,2,2.95
2025,11,GBR,EUR,-1.5147201917664566,30,2.3033333333333337
2025,11,DEU,ITA,-2.5652475446195733,11,1.2545454545454544
2025,11,USA,CPV,-4.18552036199096,1,1.9
2025,11,SWE,POL,0.12632436837815986,3,2.4
2025,11,GBR,GRC,-0.08931196779960995,3,-3.0666666666666664
2025,11,KOR,ARE,4.1218579591127344,2,-0.050000000000000044
2025,11,LBY,DZA,1.34529147982063,3,1.0
2025,11,DOM,DNK,5.92105263157895,3,6.5
2025,11,DNK,FRA,-0.6358941680937753,2,5.2
2025,11,DEU,MCO,4.06937958639093,2,-2.0
2025,11,GUY,EUR,-1.84331797235023,1,5.0
2025,11,HTI,EUR,0.49019607843137,1,3.0
2025,11,CZE,HUN,-4.215561224489795,2,2.7
2025,11,CHE,KAZ,-8.19964349376112,1,-5.0
2025,11,FRA,NOR,0.56338028169014,1,3.4
2025,11,CHE,CAN,2.92682926829268,1,5.0
2025,11,UKR,EUR,-2.2891693907664656,89,1.8303370786516857
2025,11,DNK,LVA,-4.50450450450451,2,8.0
2025,11,AGO,JPN,-4.04984423676013,2,2.8
2025,11,LIE,CHE,3.499938219731057,13,3.8846153846153846
2025,11,BRA,ARE,0.35149384885764,3,8.0
2025,11,PGS,SOM,2.66990291262136,3,2.8
2025,11,GBR,IRQ,-4.386235233692863,3,-0.4666666666666668
2025,11,ZAF,MDV,-9.16479011490271,4,-5.0
2025,11,GRC,COL,1.38888888888889,1,-2.0
2025,11,UKR,LTU,-3.25962439569863,9,0.9333333333333332
2025,11,AFR,LBR,4.729879116042462,4,3.0500000000000003
2025,11,QAT,ZAF,5.06329113924051,1,-5.0
2025,11,EUR,TUR,-1.1731744130886,9,4.2
2025,11,SEA,SLV,2.80373831775701,3,3.4
2025,11,AFR,PRT,-2.926241330935965,2,7.0
2025,11,DZA,FRA,-1.257715917426337,24,1.6958333333333329
2025,11,PAN,SUR,2.21774193548387,2,-10.0
2025,11,CRI,ECU,-10.4387291981846,1,-5.0
2025,11,EUR,PRT,-1.7935412990988848,4,1.2
2025,11,MDV,BGD,-7.37864077669903,1,-5.0
2025,11,PAK,BRA,7.65864332603938,1,1.9
2025,11,MEX,CZE,3.2069970845481,4,2.3499999999999996
2025,11,AFG,NLD,-5.73951434878588,1,-10.0
2025,11,DEU,FRA,-1.392132108948107,42,-1.226190476190476
2025,11,USA,CAN,-0.33020701367993854,159,0.2144654088050314
2025,11,NGA,BEN,0.40559979085667974,12,1.0499999999999998
2025,11,EST,SWE,-3.60728272603609,5,7.4
2025,11,GBR,ITA,-1.0863749018254094,12,-0.4916666666666667
2025,11,GBR,EGY,-5.251182680966139,13,-1.9230769230769242
2025,11,MLI,AFR,-2.659254052623046,3,2.6333333333333333
2025,11,COL,SDN,0.05271481286242,3,0.0
2025,11,ARE,PAK,-0.35860655737705,3,1.0
2025,11,BEL,CHN,0.17812396220148674,3,-1.666666666666667
2025,11,BRA,NGA,-1.427070752179605,2,5.4
2025,11,SAU,CAN,3.33876221498371,1,1.0
2025,11,HUN,SYR,0.0,2,3.8
2025,11,AUS,EUR,2.998303921541003,7,1.342857142857143
2025,11,QAT,FRA,-1.53846153846154,1,-4.0
2025,11,TUR,CHE,-4.65971796443899,1,2.8
2025,11,DEU,NLD,-2.83822777643992,3,0.6666666666666666
2025,11,RUS,CHE,-2.438369258880004,11,1.1636363636363634
2025,11,MYS,THA,-1.9136485452881926,27,2.788888888888889
2025,11,MEX,GRC,-0.5167478842918545,9,2.1333333333333333
2025,11,GBR,IRN,-4.900058063845627,37,-0.39189189189189205
2025,11,GBR,TUR,-1.029634888818027,9,1.2888888888888888
2025,11,USA,ETH,-7.288031516077812,7,2.6714285714285713
2025,11,UGA,SEN,0.884955752212389,1,1.0
2025,11,CHL,ITA,-4.174588086185045,2,-5.0
2025,11,AGO,IND,2.7502115164485157,5,2.8
2025,11,IRL,VEN,-3.70370370370371,2,1.9
2025,11,TKM,TKM,6.12244897959184,4,7.0
2025,11,CHE,ZMB,0.65359477124183,2,2.8
2025,11,RUS,UKR,-4.927664327398556,1047,-3.41365807067813
2025,11,RUS,RUS,-2.780321376703556,538,-0.716171003717472
2025,11,PRT,AFR,-3.73831775700935,1,7.0
2025,11,IDN,TMP,2.716431244718097,6,-2.1666666666666665
2025,11,BRA,VEN,-4.0,2,-4.0
2025,11,LTU,EUR,-3.27411134560971,13,1.8000000000000007
2025,11,FRA,IRL,-2.032958426880671,12,2.6083333333333334
2025,11,HKG,THA,-3.08788598574822,2,-5.0
2025,11,SAU,ARE,0.1877472288668538,23,4.021739130434782
2025,11,GTM,USA,-1.3134735776489184,26,2.984615384615385
2025,11,NPL,ARM,2.2503461838885386,7,2.5142857142857142
2025,11,BGR,GRC,-5.118238905618977,3,1.1333333333333333
2025,11,LBY,VEN,-3.69127516778523,3,-2.0
2025,11,GBR,FJI,2.97645463510848,4,2.8
2025,11,BEL,AND,1.17302052785924,1,3.0
2025,11,LTU,SWE,-3.00913487372381,3,7.0
2025,11,EUR,BLR,-3.27361270928931,9,-0.40000000000000036
2025,11,LVA,DNK,-4.50450450450451,2,8.0
2025,11,MKD,GRC,1.657923582837455,2,6.1
2025,11,KAZ,MNG,-3.48258706467662,2,1.9
2025,11,IDN,PAK,-0.35860655737705,3,1.0
2025,11,SAU,KOR,3.21428571428571,2,6.4
2025,11,USA,BWA,5.32859680284192,2,2.8
2025,11,COD,SOM,-1.1180875912133938,3,-2.3333333333333335
2025,11,GHA,QAT,8.025541157595967,5,-0.5799999999999996
2025,11,AFG,IND,-13.4615384615385,1,4.0
2025,11,MEX,ISR,2.40641711229946,2,1.0
2025,11,MAR,MEX,3.30708661417323,3,3.4
2025,11,SGP,NZL,5.47945205479452,2,1.9
2025,11,BLR,IRL,-3.96039603960396,2,0.0
2025,11,AFG,PSE,-3.00207039337474,1,-10.0
2025,11,IND,TUR,-7.004938249865307,4,-1.1749999999999998
2025,11,TUN,BEL,1.8779596319703264,3,0.5999999999999996
2025,11,SWE,NMR,-4.2363886789971446,2,2.8
2025,11,DEU,BRA,-1.01540358185433,7,-0.34285714285714264
2025,11,LTU,AUT,4.36507936507937,4,-2.1500000000000004
2025,11,AUS,VUT,0.843154189767739,11,2.690909090909091
2025,11,IRN,VEN,-10.5395985323214,6,-7.083333333333333
2025,11,SYR,SAU,1.995258448149495,12,2.9666666666666663
2025,11,PRT,MDA,3.22580645161291,1,3.4
2025,11,RUS,MYS,0.694444444444444,6,4.0
2025,11,LTU,DNK,-4.50450450450451,2,8.0
2025,11,IDN,DOM,-2.14592274678112,1,2.8
2025,11,HRV,HRV,0.20126675196416333,9,4.188888888888888
2025,11,IDN,SGP,-0.17862235181597264,6,1.6
2025,11,EGY,ISR,-1.9147917509310803,27,1.7185185185185188
2025,11,USA,WSM,1.72064777327935,4,3.4
2025,11,PSE,FRA,-3.3095401664022788,6,3.166666666666667
2025,11,KOR,BGD,6.97674418604651,1,3.4
2025,11,KOR,ECU,0.1669449081803,2,5.2
2025,11,AFG,AFG,-5.344446173683726,54,0.0962962962962961
2025,11,POL,DEU,-2.8436888689157818,14,0.13571428571428568
2025,11,CZE,EST,-4.50450450450451,2,8.0
2025,11,TWN,JPN,-3.4176479556194006,21,-1.8190476190476195
2025,11,ARE,AFR,-1.18203309692671,2,2.8
2025,11,BGD,CYM,5.0464496909979,4,5.25
2025,11,PAK,IND,-5.2633207017292625,11,-0.4
2025,11,ITA,ISR,-2.2661717261487473,7,-3.857142857142857
2025,11,BGD,CHN,0.2457404106445209,11,2.909090909090909
2025,11,BEL,DNK,-5.07462686567164,1,2.8
2025,11,FSM,KIR,0.0,2,1.9
2025,11,TKM,AFR,10.6194690265487,3,6.4
2025,11,VEN,IRL,-3.70370370370371,2,2.8
2025,11,THA,BGD,0.48076923076923,1,7.0
2025,11,ZWE,ZMB,1.9072140756234526,32,3.134375
2025,11,DEU,EUR,-2.1588730940103815,62,0.6806451612903226
2025,11,COD,SDN,-7.89699570815451,2,-0.2
2025,11,CAF,FRA,-0.9702406036160776,4,4.25
2025,11,JOR,VNM,7.75510204081633,1,1.9
2025,11,EUR,ESP,-0.6066626489193058,20,2.75
2025,11,BLZ,USA,-3.3176722021415874,8,0.050000000000000266
2025,11,MEX,ITA,3.4007668173344,3,1.9
2025,11,SAU,BGD,2.6510599458983974,7,4.328571428571428
2025,11,ARE,SDN,-1.680106797466316,5,2.84
2025,11,BOL,ARG,0.25316455696203,1,8.0
2025,11,DNK,AUS,2.6984791071478433,3,2.9
2025,11,KAZ,KOR,0.54151624548736,2,1.0
2025,11,CHL,BRA,-1.08695652173913,1,0.0
2025,11,MEX,URY,4.0,3,4.0
2025,11,BFA,NGA,-3.87634936211973,3,-4.4
2025,11,BGD,MDG,-4.28571428571428,1,-9.5
2025,11,BGD,SYR,-2.82971197574532,1,2.8
2025,11,CHE,TWN,2.48041775456919,1,7.0
2025,11,DEU,WST,-1.893112930817611,13,-2.092307692307692
2025,11,CHN,MAR,0.9140880736211501,2,1.0
2025,11,SAU,VNM,7.75510204081633,1,1.9
2025,11,GBR,TUN,-1.833574188523,3,1.8666666666666667
2025,11,IDN,VNM,3.99875021635031,7,3.4714285714285715
2025,11,BRA,PRT,-4.412500286122636,5,-5.800000000000001
2025,11,KEN,NGA,-8.396505707754944,14,-5.0
2025,11,EGY,TCD,-0.32258064516129,3,1.9
2025,11,AGO,ARE,-3.50194552529183,2,1.0
2025,11,CZE,PSE,-6.80895328592085,4,-3.5999999999999996
2025,11,JPN,EGY,2.08816705336427,2,0.0
2025,11,MCO,MYS,-5.20446096654275,1,2.8
2025,11,UKR,THA,1.5079543349844968,3,2.4999999999999996
2025,11,AFR,CHN,1.1181533921813829,10,4.35
2025,11,PER,EGY,5.21008403361344,1,3.5
2025,11,PSE,CHN,7.180300482303516,3,8.0
2025,11,JAM,CUB,-0.36978302189502255,8,6.075
2025,11,TUR,IRL,-4.31641084922827,2,2.8
2025,11,BGD,ARE,0.18761726078799,2,7.0
2025,11,SAU,YEM,-2.2467579370980633,3,5.333333333333333
2025,11,NOR,SDN,-12.2807017543859,1,-7.0
2025,11,EUR,TUN,-1.93661971830986,1,2.8
2025,11,CAN,VNM,-7.49568486208288,2,7.0
2025,11,RUS,AFG,-1.642111285101184,10,4.16
2025,11,USA,JOR,-0.31394486573529734,21,1.414285714285714
2025,11,RUS,GHA,1.3774604093926541,9,4.166666666666666
2025,11,MYS,DEU,5.323344141951926,3,3.6
2025,11,CMR,TCD,-2.05784204671857,2,-9.5
2025,11,SOM,COD,0.761421319796958,1,1.0
2025,11,NLD,IDN,0.08633941528133982,12,3.2083333333333335
2025,11,KHM,CHN,-2.9968133285945053,24,0.40833333333333344
2025,11,ISR,SAU,0.4598667257041141,32,2.5
2025,11,RUS,BEL,-4.485886957612243,15,-0.5066666666666668
2025,11,SVK,RUS,-3.973052386868585,12,0.25
2025,11,BFA,ITA,0.88652482269504,3,1.0
2025,11,FRA,LBN,3.545335713327987,27,2.9962962962962965
2025,11,SWE,ISR,0.77519379844961,1,6.0
2025,11,MEX,CUB,-2.6722615801725085,6,0.55
2025,11,GBR,BGD,-2.278521199881517,29,3.5
2025,11,CYP,UKR,-1.36986301369863,1,1.0
2025,11,RUS,AGO,2.9126213592233,2,6.0
2025,11,CHN,KWT,4.37828371278458,4,3.5
2025,11,SGP,IND,-2.096195010442227,7,-0.2142857142857144
2025,11,SGP,SYR,0.6752055660974033,3,3.4
2025,11,AFR,TUN,-9.05091137649278,1,7.0
2025,11,UGA,AFR,7.286554742430755,2,2.45
2025,11,POL,FRA,-3.3501912673525505,6,1.3833333333333333
2025,11,NOR,UKR,0.06536393666409257,12,4.800000000000001
2025,11,RUS,IND,0.6396183563650566,6,5.0
2025,11,CHE,SDN,-6.759188548104713,34,0.18529411764705883
2025,11,ISR,GBR,-2.9792180385101656,22,-0.15000000000000008
2025,11,DEU,CHE,-0.8600671788878002,17,2.241176470588235
2025,11,BWA,AFR,2.5955765622744975,5,4.96
2025,11,EUR,CZE,-4.60610986926776,3,1.0
2025,11,LBN,GBR,0.3929107414783315,6,3.1
2025,11,COL,FRA,-0.1597621951377337,6,2.8000000000000003
2025,11,GUY,GUY,-1.0430721571782842,9,1.7666666666666668
2025,11,DEU,SVK,8.531299491539553,3,6.666666666666666
2025,11,EGY,AUS,-1.448872043679295,2,-3.5999999999999996
2025,11,BHS,AUS,2.75229357798165,1,7.0
2025,11,LBY,TUN,-0.32845792704947246,4,-3.0500000000000003
2025,11,AGO,BWA,2.6142644961333907,11,2.636363636363636
2025,11,FRA,CUB,1.53340635268347,4,1.0
2025,11,WAF,NGA,1.05385833899072,3,0.5999999999999999
2025,11,RUS,IRQ,-2.38663484486874,2,1.0
2025,11,POL,BLR,-1.5070866704137786,111,3.204504504504505
2025,11,SWE,SWE,-4.863429763229368,24,-0.05833333333333332
2025,11,USA,PRT,-0.8701066784460503,5,0.43999999999999995
2025,11,MYS,BRA,-0.12411671951236736,7,1.7142857142857144
2025,11,USA,QAT,-2.056583702190539,22,1.5363636363636364
2025,11,SAU,QAT,3.439768682200089,12,2.933333333333333
2025,11,MDV,DEU,-2.5511690031911702,3,1.6
2025,11,BHR,MAR,-0.80515297906603,6,5.75
2025,11,EUR,POL,-1.20384275648888,13,1.715384615384615
2025,11,VEN,VEN,-4.174174130634898,70,-0.6900000000000002
2025,11,TWN,USA,0.4726610116407521,46,2.0282608695652176
2025,11,ETH,AFR,2.26261862277936,8,2.7375
2025,11,ZAF,GBR,-1.2722754102064455,2,3.95
2025,11,NLD,GRC,-1.8813919657610134,3,-1.7666666666666664
2025,11,CAN,ISR,-0.9922648040819302,8,1.6624999999999999
2025,11,SAU,BHS,0.0,1,7.4
2025,11,CYM,CYM,0.20533880903491,1,3.0
2025,11,KOR,GHA,-6.56934306569343,3,1.0
2025,11,PHL,SGP,3.714859437751,1,2.8
2025,11,ARG,SWE,1.2744870690607133,3,0.4666666666666668
2025,11,ARM,IRN,-1.86567164179105,2,6.4
2025,11,DEU,MDV,-5.553613053613075,2,-3.0
2025,11,ARG,ZAF,-1.91625266146203,2,-5.0
2025,11,NPL,SDN,-5.76036866359447,1,-10.0
2025,11,PNG,KIR,-2.67379679144385,2,7.0
2025,11,GBR,RUS,-2.544779767992738,55,-1.3000000000000003
2025,11,EST,EST,-1.9429996722481246,13,2.0
2025,11,MEX,MMR,-3.42252644679527,2,1.0
2025,11,USA,WST,-2.3233432896855692,14,2.242857142857143
2025,11,CHN,RUS,-1.3713220422893042,64,1.4671875
2025,11,GHA,VEN,0.7147313814280252,4,2.8
2025,11,TUR,LBN,-0.9173285305772625,4,-0.14999999999999858
2025,11,ITA,TUN,2.939166097060835,2,1.9
2025,11,JPN,ECU,0.1669449081803,2,5.2
2025,11,RUS,ETH,-2.47383444338725,2,-2.0
2025,11,ARE,ESP,-0.44247787610619,1,2.8
2025,11,HTI,DOM,-1.640129487317358,5,-4.76
2025,11,CAN,USA,-0.1598830761814472,165,1.2084848484848487
2025,11,IRQ,IRQ,0.4237256243924108,15,0.21999999999999975
2025,11,DNK,BRA,2.9071759936473454,6,3.4
2025,11,GBR,CYP,-1.85758513931888,1,0.0
2025,11,BGR,AUT,-2.00250312891113,1,-6.5
2025,11,MYS,BGD,-6.68036998972251,1,-2.0
2025,11,AUS,MCO,4.34782608695652,1,4.0
2025,11,COL,VEN,-3.4012170508717747,27,-0.8518518518518523
2025,11,DEU,DEU,-1.1225176623158641,221,1.2561085972850679
2025,11,COL,ITA,-15.6363636363636,1,-10.0
2025,11,CAN,IRN,-5.98287452792833,33,-2.933333333333333
2025,11,IRQ,ISR,-1.8479621774148351,8,-2.0
2025,11,MDV,LBN,0.7428663376957749,2,3.2
2025,11,MHL,ARE,-4.479166666666667,3,1.9
2025,11,KAZ,UZB,4.438090733488395,11,3.8909090909090907
2025,11,MUS,NPL,2.4896265560166,6,2.3499999999999996
2025,11,JOR,KEN,3.364195067443535,2,1.7
2025,11,IRN,EUR,-8.63039399624763,3,1.0
2025,11,ZWE,UGA,0.69204152249135,1,1.9
2025,11,PSE,AFR,-2.042786429842888,50,2.0279999999999996
2025,11,SLV,MEX,-10.9316770186336,2,-2.0
2025,11,IRN,SYR,-3.570830177062474,5,-8.08
2025,11,IRL,TUR,-4.31641084922827,2,1.9
2025,11,GRC,ARE,0.2851711026616,3,0.0
2025,11,AGO,NAM,-4.51792024230187,3,1.0
2025,11,THA,IDN,-2.70935960591133,1,1.9
2025,11,NLD,CHN,-4.375370244223161,40,1.83
2025,11,WAF,WAF,1.6072791354532356,10,3.22
2025,11,BRA,CHE,0.42105263157895,2,7.0
2025,11,EGY,IDN,0.06032267104847,6,4.0
2025,11,TUR,QAT,-2.050690500990717,12,4.45
2025,11,DJI,RWA,4.818954391603962,9,5.388888888888889
2025,11,SLB,PNG,2.9535864978903,2,7.4
2025,11,ECU,JPN,0.1669449081803,2,5.2
2025,11,AUT,KOR,-0.749063670411981,1,8.0
2025,11,TZA,NAM,-4.51792024230187,3,1.0
2025,11,YEM,SAU,-0.41608876560333,1,8.0
2025,11,KEN,KEN,-0.1897412309216686,73,1.4383561643835616
2025,11,PRT,VEN,0.53619302949062,2,1.0
2025,11,PRT,GBR,2.1302061713020635,3,-9.5
2025,11,LAO,MMR,-5.35123042505593,4,4.0
2025,11,NLD,GBR,-0.274666476421485,2,5.5
2025,11,USA,MAR,0.025956147244586614,6,1.5499999999999998
2025,11,BEL,ARG,1.96078431372549,1,2.8
2025,11,AUT,FRA,-1.85185185185186,3,1.0
2025,11,TON,BRA,1.41592920353982,3,3.433333333333333
2025,11,SEA,FJI,4.80769230769231,2,7.0
2025,11,MNG,FRA,1.68195718654434,5,8.0
2025,11,ESP,PER,-4.13943355119826,1,1.0
2025,11,QAT,TKM,7.16612377850163,2,1.0
2025,11,AFG,VNM,-2.32558139534884,1,1.9
2025,11,JPN,ZWE,-10.3174603174603,1,-10.0
2025,11,IRN,IRN,-4.0208331279658065,43,-0.9906976744186047
2025,11,ARE,IND,-1.7676620491252477,6,1.266666666666667
2025,11,THA,PHL,1.8533772652388774,4,3.1
2025,11,FIN,JOR,-2.27272727272727,1,-2.0
2025,11,GBR,COD,3.66197183098592,2,4.0
2025,11,SSD,CHN,-8.12641083521445,1,3.4
2025,11,SAU,JPN,-1.64880461665293,2,4.0
2025,11,VEN,QAT,-2.87610619469026,1,0.4
2025,11,USA,GBR,-0.5897331642915413,259,0.8583011583011582
2025,11,COL,BRA,0.7802636920477437,14,4.821428571428571
2025,11,LBY,IRQ,-2.97966101694915,4,-0.6500000000000008
2025,11,IND,SAS,-2.16172938350681,1,0.0
2025,11,TWN,AFR,6.26959247648903,2,2.8
2025,11,AGO,MOZ,-0.7447505896505335,3,2.333333333333333
2025,11,FRA,VNM,-2.9884862834641535,6,2.4499999999999997
2025,11,SAU,TUR,-0.18454423968751776,14,2.071428571428571
2025,11,NOR,SAU,-1.98019801980198,2,1.9
2025,11,ISR,DEU,-6.457688672118692,5,0.39999999999999947
2025,11,ALB,GBR,-3.01226431773888,3,1.5666666666666667
2025,11,ETH,SOM,-1.71489817792069,3,0.0
2025,11,KWT,USA,-2.8957528957529,2,2.25
2025,11,ISL,AFR,0.5736137667304,1,3.0
2025,11,VAT,ESP,-0.74074074074074,2,-5.0
2025,11,USA,UKR,-3.4023949721375515,149,0.9852348993288591
2025,11,JAM,GBR,-4.97612739817753,2,1.0
2025,11,JOR,IDN,2.9481962525887053,57,3.691228070175438
2025,11,MEX,ESP,0.39808229333450285,15,1.4733333333333334
2025,11,UZB,AZE,3.22158624069957,22,4.177272727272728
2025,11,GRC,CYP,0.427678725935154,33,2.415151515151515
2025,11,GBR,MUS,-0.28598665395615,5,-2.0
2025,11,LVA,SWE,-1.9615217287963644,7,4.6
2025,11,NAM,NAM,0.8505768539399317,12,2.0500000000000003
2025,11,UGA,IRL,2.55009107468124,2,2.8
2025,11,USA,AUT,2.205034712630977,3,3.933333333333333
2025,11,SGP,KHM,-11.3910186199342,1,-5.0
2025,11,DNK,PSE,-2.99727520435967,1,3.4
2025,11,TUR,LBY,1.6079028186598419,5,3.2800000000000002
2025,11,EUR,IRN,-1.59362549800796,1,0.0
2025,11,EUR,PRK,-3.26797385620915,1,-2.0
2025,11,VEN,TTO,-0.9676788825123713,4,0.3999999999999998
2025,11,NGA,AFR,2.6598912165107773,29,2.586206896551724
2025,11,BHS,USA,0.1544978217900943,21,-0.09523809523809512
2025,11,TTO,USA,-2.526895549103437,28,-1.8642857142857145
2025,11,SVK,GBR,-1.0044268963866978,5,4.199999999999999
2025,11,EST,WST,-2.30588235294118,1,0.0
2025,11,IRN,LBN,-5.128681957311825,4,1.75
2025,11,ISR,QAT,-1.648752008394568,19,-2.610526315789473
2025,11,JPN,OMN,4.73251028806585,3,1.1666666666666665
2025,11,GHA,AUS,0.66472760113688,2,4.15
2025,11,ESP,CAN,-0.6633953568363282,5,0.8799999999999999
2025,11,SAU,BRB,5.88928150765607,3,3.5
2025,11,FJI,COK,1.32450331125827,6,2.4
2025,11,EGY,MRT,4.41176470588235,3,2.6666666666666665
2025,11,CHN,KEN,2.06489675516224,2,1.45
2025,11,KOR,AFR,1.37931034482759,2,4.0
2025,11,MDV,MDV,2.41691842900302,1,-0.4
2025,11,ZMB,ZWE,1.601496084385921,36,1.5555555555555558
2025,11,BGD,LKA,-0.5321388359528593,20,2.12
2025,11,FRA,ESP,-1.9167935325453698,27,-0.16296296296296298
2025,11,MCO,GRC,-0.690087829360105,2,3.5
2025,11,DNK,MEX,6.69975186104219,1,3.4
2025,11,ARM,COL,-2.80898876404494,1,-10.0
2025,11,WSM,TON,-1.37931034482759,2,-5.0
2025,11,MYS,EUR,-2.8816460617055517,6,4.583333333333334
2025,11,QAT,AFG,-1.13765642775881,1,-4.0
2025,11,MAR,EGY,0.26595744680851,3,3.0
2025,11,EUR,FIN,-0.03776558701661492,4,2.975
2025,11,ISL,MAR,-3.83693045563549,2,1.9
2025,11,JPN,MEX,1.71606864274571,1,0.0
2025,11,GTM,SUR,3.18181818181818,1,4.0
2025,11,PNG,EUR,3.41880341880342,1,3.4
2025,11,AUS,ZMB,0.65359477124183,1,1.9
2025,11,BRA,EUR,-4.518839709860883,9,6.0888888888888895
2025,11,GBR,PAK,-3.74609023828672,19,0.03157894736842071
2025,11,FIN,USA,-1.4181671790367423,4,2.725
2025,11,LAO,CHN,-5.35123042505593,4,4.0
2025,11,PER,EUR,2.809688567989813,12,3.5
2025,11,MYS,CHN,1.3493276735360633,22,1.9681818181818178
2025,11,COL,AUS,1.02272727272727,4,3.0
2025,11,BRA,DEU,-1.3595974885374702,8,5.2250000000000005
2025,11,PAK,CHN,-2.3756011515539246,9,4.533333333333333
2025,11,USA,CYM,5.0,1,1.9
2025,11,EUR,MYS,-5.4519368723099,3,2.8
2025,11,AFG,CAN,4.686176854735695,2,1.9
2025,11,GRC,DEU,-5.982006357834455,2,1.5
2025,11,KHM,ECU,0.1669449081803,2,5.2
2025,11,FIN,WST,-3.67892976588629,1,1.9
2025,11,POL,IDN,6.05095541401274,4,1.9500000000000002
2025,11,PHL,SLV,1.10192837465564,1,1.9
2025,11,SDN,YEM,-0.70175438596491,1,1.0
2025,11,IRL,PSE,1.7319401587549144,7,3.5714285714285716
2025,11,DNK,CZE,-4.50450450450451,2,8.0
2025,11,MDA,MDA,-2.3108887584036046,10,2.44
2025,11,TUR,KAZ,-1.53846153846154,3,2.4999999999999996
2025,11,BEL,DEU,-2.3239113827349147,4,5.7
2025,11,HTI,NGA,-2.24719101123596,2,2.3499999999999996
2025,11,MNG,CHN,-4.90196078431373,1,2.8
2025,11,COL,DEU,5.0,2,1.9
2025,11,NPL,DEU,2.08333333333333,1,1.0
2025,11,FRA,ISL,-0.83449235048679,4,3.5
2025,11,SDN,SSD,-2.830553692144938,6,1.7
2025,11,GBR,USA,-1.171760634307448,304,1.451644736842105
2025,11,CZE,DNK,-4.50450450450451,2,8.0
2025,11,BGD,SSD,-1.61290322580645,1,4.0
2025,11,EGY,CHN,2.3035033134700935,3,3.1333333333333333
2025,11,BEL,GIN,2.58620689655173,1,-4.0
2025,11,CHE,AUT,0.38520801232666,1,8.0
2025,11,AND,EUR,4.98839907192575,1,6.0
2025,11,TUR,IDN,1.51057401812689,3,8.0
2025,11,EGY,CAN,-4.1522491349481,1,2.8
2025,11,AFG,UZB,-0.1915708812260533,3,6.4
2025,11,PRK,CHN,0.0,2,4.0
2025,11,PSE,EST,-0.58479532163743,2,3.4
2025,11,MYS,MCO,-5.20446096654275,2,-0.050000000000000044
2025,11,TTO,AUS,-1.84544405997693,1,0.0
2025,11,ISR,USA,-2.4881259801829216,184,0.705978260869565
2025,11,NZL,BEL,-0.77369439071567,1,3.4
2025,11,THA,SEA,1.7114320458444183,4,3.75
2025,11,VEN,EGY,5.904085969965616,6,4.0
2025,11,MEX,EGY,-3.82059800664452,2,0.0
2025,11,CHE,AZE,6.805691666186275,2,1.9
2025,11,VUT,AUS,0.71713147410359,4,2.8
2025,11,SDN,SAU,3.347460748687868,5,1.0
2025,11,BRA,JPN,-0.02133757949299009,5,1.5199999999999998
2025,11,PAK,SAU,3.9589184093415204,49,2.6755102040816325
2025,11,PSE,RUS,-1.844882097965336,10,2.1
2025,11,FRA,KOR,-2.24599382108648,2,-1.1
2025,11,AFR,JAM,5.36779324055666,1,3.4
2025,11,BHS,JAM,1.82724252491695,1,-5.0
2025,11,SAS,USA,-8.121608137913986,7,1.542857142857143
2025,11,GBR,MCO,-5.3477782010853865,3,-0.3999999999999999
2025,11,BGR,ISR,-2.64255910987483,2,2.8
2025,11,KHM,SAU,5.21739130434783,3,1.0
2025,11,KAZ,CHN,0.8560269816193965,6,0.6666666666666665
2025,11,CHN,USA,-1.3688521225299106,283,0.9876325088339222
2025,11,ZAF,KGZ,-4.31858515390735,2,-2.0
2025,11,CZE,IRL,-4.50450450450451,2,8.0
2025,11,THA,KHM,-1.7777725057104856,132,-1.1333333333333333
2025,11,LKA,VAT,5.999228395061728,4,2.875
2025,11,USA,KHM,-4.872994249518648,9,0.3666666666666665
2025,11,MDV,IDN,-10.6666666666667,1,-2.0
2025,11,CAN,ARM,-0.43541364296081,1,3.4
2025,11,FJI,TON,1.00502512562814,2,2.3499999999999996
2025,11,ALB,ALB,0.002867009150556543,18,0.9166666666666666
2025,11,LBN,LBY,-6.51340996168583,3,1.0
2025,11,DNK,BEL,-4.09981343283582,2,2.65
2025,11,DNK,UKR,0.7499697305544699,11,5.318181818181818
2025,11,BGD,IRL,0.46434403884335307,5,0.78
2025,11,ZWE,ITA,-1.06007067137809,1,-6.5
2025,11,SWE,GBR,-3.66750208855471,2,-3.8
2025,11,BRA,TUR,0.2838158938870444,9,2.3333333333333335
2025,11,UKR,CAN,2.6719687937833703,3,-1.7333333333333334
2025,11,PSE,JPN,1.67130919220056,5,2.56
2025,11,NIC,PAN,-3.6734693877551,1,7.0
2025,11,AUS,PNG,16.2790697674419,2,7.0
2025,11,FRA,THA,5.59006211180124,4,5.7
2025,11,LUX,MAR,-6.16715793477227,2,-4.0
2025,11,BGR,RUS,-2.9428321110197047,15,-2.9466666666666663
2025,11,VEN,ARG,3.051851851851853,3,2.9
2025,11,ISR,PAK,0.08264538134140476,10,1.0999999999999992
2025,11,JAM,USA,-3.4865894341963366,20,-0.07500000000000018
2025,11,SRB,GBR,0.1056784556855046,2,0.75
2025,11,COL,CUB,2.1304703536543568,7,0.14285714285714274
2025,11,CHN,MEX,-0.27555834729201556,9,3.2555555555555555
2025,11,TZA,USA,7.85123966942148,2,7.0
2025,11,FRA,AUT,-1.85185185185186,2,1.0
2025,11,FRA,CHL,-0.614440773949975,1,-10.0
2025,11,FIN,NPL,-5.03597122302158,2,2.8
2025,11,CHN,ZMB,4.908080571341494,6,1.8
2025,11,ESP,SWE,-0.5240363654864469,17,1.8941176470588235
2025,11,CZE,ETH,0.44052863436123,4,2.3499999999999996
2025,11,IRQ,UKR,-3.3678540863562048,6,-8.333333333333334
2025,11,LVA,BLR,-0.13552133600065286,8,-1.65
2025,11,DNK,DOM,5.92105263157895,3,6.5
2025,11,CHE,ECU,1.71730515191546,1,1.0
2025,11,CZE,PHL,4.60358056265985,2,0.0
2025,11,NIC,GRD,-3.6734693877551,2,1.9
2025,11,ARG,GTM,2.4258656050186933,6,5.333333333333333
2025,11,SAU,PRK,-6.29370629370629,2,-2.0
2025,11,SGP,VNM,2.60135135135135,4,4.0
2025,11,EST,FIN,-1.3492020538584901,5,4.34
2025,11,THA,ARG,-1.6,4,7.4
2025,11,AZE,BEL,5.93607305936073,2,2.8
2025,11,GBR,DNK,-2.1822786810855996,4,3.7
2025,11,HTI,MCO,0.49019607843137,1,1.0
2025,11,ESP,PSE,-10.4761904761905,5,-2.0
2025,11,BRA,ITA,2.547472575043873,7,2.757142857142857
2025,11,PSE,AFG,-3.00207039337474,1,-10.0
2025,11,BEL,EUR,-0.16688296311344253,28,1.4214285714285715
2025,11,EUR,PER,2.809688567989813,12,3.5
2025,11,GRC,MCO,0.0,1,4.0
2025,11,JPN,DEU,-0.31900500431969,3,1.9
2025,11,MEX,SGP,4.07239819004525,1,3.4
2025,11,SRB,HUN,-4.59770114942529,2,0.0
2025,11,IND,CHN,-2.2427172772784623,4,0.04999999999999982
2025,11,JPN,AGO,-4.04984423676013,2,1.9
2025,11,VNM,SAU,7.75510204081633,1,2.8
2025,11,UKR,PRK,-4.003960706683612,11,3.9090909090909087
2025,11,KWT,SAU,-1.164505466564965,4,6.4
2025,11,SDN,CAN,-1.22448979591836,1,1.0
2025,11,IRL,POL,8.67768595041323,2,7.0
2025,11,BRA,RUS,-0.89485458612975,2,-5.0
2025,11,ITA,COL,-6.79306534051667,2,-10.0
2025,11,SRB,FRA,1.1046553220691315,46,3.169565217391304
2025,11,DZA,DEU,4.79041916167665,2,-5.0
2025,11,GRC,DZA,9.0566037735849,1,0.0
2025,11,FRA,FRA,-1.8459774594569187,201,-0.17562189054726368
2025,11,USA,PAN,-3.1147245912559534,22,-1.2681818181818176
2025,11,USA,ARG,0.3978418971018665,58,2.220689655172414
2025,11,TCD,TCD,4.43213296398891,1,3.4
2025,11,NLD,CAN,0.05855324322391753,4,-1.0499999999999998
2025,11,ITA,USA,-0.45550926890023596,73,1.2315068493150685
2025,11,PNG,AUS,-2.56644810022833,2,7.0
2025,11,AFR,IND,4.317995474012628,7,3.1000000000000005
2025,11,VEN,CHN,-2.35690235690236,2,-2.0
2025,11,NGA,THA,3.780805449809658,7,2.3285714285714283
2025,11,ZAF,MWI,-0.10471204188481,1,2.8
2025,11,NMR,FRA,2.25988700564972,2,2.8
2025,11,IDN,AZE,-1.4792899408284,1,7.0
2025,11,WST,LTU,-1.4792949439799963,11,2.5272727272727273
2025,11,SWE,TUR,-5.91397849462366,2,0.0
2025,11,ETH,EGY,-1.64473684210526,1,0.0
2025,11,UZB,SAU,4.44444444444444,1,1.0
2025,11,AZE,RUS,-4.178597145107419,116,-0.9637931034482758
2025,11,UKR,KEN,-5.171034899704857,11,-4.818181818181818
2025,11,TUR,AZE,-1.9331289152381603,18,0.7444444444444442
2025,11,EUR,CPV,-2.7431421446384,1,7.0
2025,11,BLZ,RUS,-3.17164179104477,2,2.8
2025,11,USA,BMU,6.81198910081744,1,1.9
2025,11,NMR,SWE,-3.9261874939870767,3,1.9
2025,11,SEN,UGA,0.884955752212389,1,1.0
2025,11,VUT,JPN,3.769074090796727,3,7.4
2025,11,EGY,SDN,-5.327132708608386,17,2.647058823529412
2025,11,LBY,ITA,-2.350133355498341,15,3.44
2025,11,JPN,AFR,1.04166666666667,1,1.0
2025,11,EUR,AUS,3.2663630340839305,6,1.2166666666666666
2025,11,IND,BTN,7.17821782178217,1,1.9
2025,11,ECU,CHN,0.0,2,3.5
2025,11,JOR,NOR,0.60422960725076,1,3.0
2025,11,EUR,WAF,4.5,1,3.4
2025,11,MHL,SGP,-5.240384099035315,12,1.9
2025,11,AFR,ITA,0.39665327367363995,4,3.125
2025,11,ITA,NER,0.88652482269504,2,1.0
2025,11,ARG,SAU,-0.93023255813954,1,1.9
2025,11,DOM,ITA,2.4554709696219152,2,0.0
2025,11,RUS,ITA,-3.86879712674464,11,0.16363636363636314
2025,11,CUB,RUS,-4.49073549945281,2,-6.0
2025,11,MWI,KEN,-4.51792024230187,3,1.0
2025,11,USA,LUX,-1.16492949110975,2,3.4
2025,11,GBR,MDA,3.45679012345679,4,1.7
2025,11,LUX,SVK,9.30232558139535,2,8.0
2025,11,TKM,EUR,3.07017543859649,1,1.0
2025,11,IRN,USA,-3.7514937973164177,45,0.5244444444444445
2025,11,UKR,FIN,-6.779671123816344,19,1.621052631578947
2025,11,USA,SWE,-0.6994075875436917,26,2.0576923076923075
2025,11,IDN,AUS,-1.7693128935220541,12,5.683333333333334
2025,11,BGD,GBR,-1.4570296149925046,13,2.8461538461538463
2025,11,GRC,PRT,-2.45059288537549,1,-10.0
2025,11,AZE,IRN,1.46177625220494,5,2.88
2025,11,BWA,BWA,3.118242485464703,17,2.5588235294117645
2025,11,DEU,HND,4.37235543018336,1,8.0
2025,11,TGO,GBR,2.44755244755245,1,2.8
2025,11,UKR,DOM,-8.29493087557603,1,-10.0
2025,11,NPL,IND,-2.8395969997807695,4,-1.8
2025,11,VEN,CUB,-1.4759269552069898,14,1.707142857142857
2025,11,ISR,GRC,-0.0640666499282414,29,2.4586206896551723
2025,11,USA,TCD,-3.827738145653841,15,2.033333333333333
2025,11,RUS,CAN,-6.090530521158611,15,-2.879999999999999
2025,11,KEN,DNK,0.19685039370079,2,4.0
2025,11,SDN,NLD,-7.33427362482366,1,3.0
2025,11,NGA,JOR,0.7246649023928267,3,1.8666666666666665
2025,11,CHN,DZA,1.13207547169811,3,3.5
2025,11,AFR,GAB,0.40160642570282,2,4.0
2025,11,BGR,AUS,2.64650283553875,1,3.4
2025,11,UGA,JPN,0.19047619047619,2,1.9
2025,11,PNG,IDN,0.76335877862595,2,2.8
2025,11,THA,ARE,-2.778807537843686,5,2.26
2025,11,ARM,MUS,2.4896265560166,6,2.3499999999999996
2025,11,DEU,HUN,-7.002047929805539,6,-2.0
2025,11,FRA,CYP,3.85756676557864,1,-5.0
2025,11,KWT,AUS,-2.8957528957529,2,2.25
2025,11,HUN,GBR,2.36220472440945,2,-0.4
2025,11,MCO,ITA,5.89199255121043,5,0.5200000000000014
2025,11,UKR,WST,-1.1505834783311633,3,2.8000000000000003
2025,11,CHL,EUR,0.8569215571462383,16,4.0
2025,11,SWE,MEX,-5.282668640894414,3,-7.333333333333333
2025,11,ISR,BGD,6.97674418604652,2,1.9
2025,11,MCO,GBR,-7.75648234162876,2,-1.1
2025,11,ASA,AZE,3.910826643106974,5,2.56
2025,11,RUS,BGD,-2.11267605633803,1,1.9
2025,11,NAM,TZA,-4.51792024230187,3,1.0
2025,11,GRC,IRL,6.09756097560976,1,7.0
2025,11,COK,KIR,4.88431876606684,2,2.8
2025,11,AUT,UKR,-5.40540540540541,1,-2.0
2025,11,EUR,ISR,-3.0127443586731806,20,0.5949999999999999
2025,11,PRK,USA,-1.1770460393322515,11,0.8000000000000003
2025,11,GHA,USA,1.2815760650256556,7,3.257142857142857
2025,11,CHE,CHN,-0.24268923647498764,8,1.025
2025,11,AFR,JPN,1.04166666666667,1,1.0
2025,11,ARE,ISR,1.8489019672397249,4,5.25
2025,11,BFA,GHA,5.88928150765607,1,2.8
2025,11,AUT,AFR,0.0,1,0.0
2025,11,PSE,SYR,-5.266094274373505,4,-0.9999999999999998
2025,11,TWN,ITA,3.23232323232324,3,0.0
2025,11,CAN,PGS,0.18761726078799,2,3.5
2025,11,CHN,IRL,5.1242695332227175,4,5.324999999999999
2025,11,AZE,BRA,3.1559139784946226,4,6.0
2025,11,SDN,AFR,0.161763502299636,5,1.22
2025,11,NER,JOR,-7.78443113772455,1,1.9
2025,11,IRL,MDV,-7.6692135201491896,3,-5.0
2025,11,KOR,IND,-4.08612443725073,10,-2.72
2025,11,IRL,NZL,0.6799552428026625,4,1.9
2025,11,FRA,NMR,2.25988700564972,2,1.9
2025,11,AFG,IRL,-2.5062656641604,1,0.4
2025,11,BRA,PHL,-2.09059233449477,2,2.3499999999999996
2025,11,ZMB,CHN,4.89396411092985,2,2.8
2025,11,OMN,SGP,-1.45348837209302,1,1.9
2025,11,PNG,PNG,2.348174738123727,3,7.666666666666667
2025,11,USA,IRN,-4.196922407830444,45,0.22888888888888914
2025,11,FRA,BRA,2.8908978906795904,7,3.414285714285714
2025,11,EUR,MDA,-0.8576839826839864,3,-0.20000000000000018
2025,11,VAT,ITA,2.522026439236294,5,2.48
2025,11,USA,CHL,-3.4542068797741106,13,2.4384615384615382
2025,11,BRA,ARG,-0.19347054526373153,13,3.784615384615385
2025,11,PAK,LKA,4.244941628119204,3,2.8
2025,11,PSE,YEM,-1.394485060767765,2,-5.05
2025,11,KEN,RUS,-6.126584346149953,26,1.2307692307692313
2025,11,ESP,POL,2.76243093922652,1,4.0
2025,11,NPL,SGP,2.4896265560166,6,2.3499999999999996
2025,11,HND,GTM,2.1978021978022,4,1.1749999999999998
2025,11,AFR,GIN,5.03875968992248,1,7.0
2025,11,NZL,PAK,-0.929368029739781,1,-4.0
2025,11,ZAF,UKR,-6.45994832041344,2,-2.0
2025,11,ZMB,CHE,0.65359477124183,1,1.9
2025,11,AUS,LKA,0.17893674476964883,7,2.2857142857142856
2025,11,IDN,JOR,3.800105899450573,80,3.02625
2025,11,EUR,AFR,0.253435757085966,12,2.2666666666666666
2025,11,DZA,DZA,-0.8297745199076036,24,-4.9
2025,11,AGO,RUS,1.7565068980230398,4,2.0
2025,11,USA,TTO,-3.8660150641677338,13,1.930769230769231
2025,11,JAM,GRC,3.15457413249211,1,3.4
2025,11,PSE,AUS,-6.48013761221308,2,-7.5
2025,11,JPN,SAU,-1.64880461665293,2,4.0
2025,11,DZA,SOM,1.23809523809524,2,3.4
2025,11,ISR,SGP,2.87356321839081,2,1.9
2025,11,UKR,MDA,-4.2449585437489965,7,6.571428571428571
2025,11,TZA,RWA,-4.375,2,7.0
2025,11,USA,DNK,-1.3343930645053435,20,-0.3799999999999999
2025,11,AFR,TCD,-7.89699570815451,1,1.9
2025,11,UKR,CHE,2.495219993438096,5,5.2
2025,11,CHE,CHL,-5.44871794871795,2,-10.0
2025,11,AUS,KEN,1.43027413587604,2,1.9
2025,11,MYS,CAN,-2.071548619447778,5,4.0
2025,11,AUS,VNM,-1.197908286403864,5,4.04
2025,11,CYP,GRC,1.025690037779797,21,1.738095238095238
2025,11,LBN,CAN,-1.54015401540154,1,1.9
2025,11,AFR,SYR,-1.34048257372654,2,2.8
2025,11,BRA,IND,-4.25,1,4.0
2025,11,BEL,UKR,-2.4700672121580576,31,3.367741935483871
2025,11,DNK,POL,-4.50450450450451,2,8.0
2025,11,ARE,ARE,4.345753714511215,12,1.875
2025,11,IRQ,TUR,-2.81995661605206,3,3.8333333333333335
2025,11,CUB,AUS,-10.0154083204931,2,-7.0
2025,11,SUR,CHL,6.9364161849711,3,3.3333333333333335
2025,11,EUR,ECU,3.7599430423254443,4,4.475
2025,11,GBR,ISL,0.571428571428573,2,4.0
2025,11,HUN,AFR,-1.34048257372654,1,-2.0
2025,11,HUN,SVK,-4.439103552454444,21,1.276190476190476
2025,11,AFR,FRA,0.0426633910773937,5,3.5200000000000005
2025,11,VEN,COL,-2.816324459891056,14,1.9214285714285713
2025,11,EUR,OMN,2.973557306004752,10,3.5
2025,11,IND,NPL,3.760959045471484,5,2.0
2025,11,WST,NOR,-4.545496686406276,3,-1.3333333333333333
2025,11,SUR,PAN,2.21774193548387,2,-10.0
2025,11,GBR,NLD,1.16822429906542,1,7.0
2025,11,AFG,ESP,-2.06185567010309,4,0.2
2025,11,SAU,BHR,-3.39506172839506,1,1.0
2025,11,BRB,BRB,0.41782729805014,1,0.0
2025,11,BTN,CHN,3.39943342776204,3,1.9
2025,11,AZE,ITA,-1.367019193106148,2,-1.0
2025,11,FRA,MNG,1.68195718654434,2,8.0
2025,11,DZA,MRT,-1.77304964539007,2,8.0
2025,11,MAR,COG,2.68817204301075,1,3.5
2025,11,SRB,UKR,-2.3424657534246576,4,1.0
2025,11,RUS,KHM,-3.44827586206896,1,-4.4
2025,11,TGO,WAF,1.53846153846154,1,2.8
2025,11,DOM,CUB,-4.958847736625527,5,-8.32
2025,11,SSD,GIN,-1.06382978723404,1,3.4
2025,11,ISR,RUS,-2.7954472723350543,9,0.44444444444444425
2025,11,UKR,ESP,-1.1492381218804315,27,1.6296296296296298
2025,11,BHS,BHS,-1.271179620326077,28,0.2928571428571429
2025,11,LIE,USA,3.150623175815966,7,3.314285714285714
2025,11,ZAF,CAN,0.62370062370063,4,2.3499999999999996
2025,11,ESP,CHL,-1.0618347490595201,3,3.466666666666667
2025,11,CHN,PAK,-1.8637474088613097,6,4.916666666666666
2025,11,USA,BOL,3.91935483870968,2,1.9
2025,11,ISR,BGR,-2.64255910987483,2,1.9
2025,11,MYS,FRA,-2.60444926749864,1,2.8
2025,11,KEN,YEM,2.2559933658340503,2,0.0
2025,11,OMN,VAT,-0.30181086519115,3,6.0
2025,11,KEN,NAM,-4.51792024230187,2,1.0
2025,11,TKM,SAU,6.12244897959184,2,7.0
2025,11,AFR,NGA,0.08093013164430485,23,2.617391304347826
2025,11,MCO,USA,-1.351100737413263,13,-0.8846153846153846
2025,11,SVK,HUN,0.023860068961967462,5,5.16
2025,11,DNK,RUS,-3.07328605200945,2,0.0
2025,11,CHN,NLD,-4.929499469125776,47,0.3595744680851064
2025,11,ITA,DOM,2.2927183513326432,3,2.3333333333333335
2025,11,AUT,DEU,0.7964914879047953,6,2.333333333333333
2025,11,CAN,EGY,-4.1522491349481,1,1.9
2025,11,PAN,MEX,5.13392857142857,1,3.4
2025,11,JPN,PHL,0.25303020423540756,4,0.25
2025,11,DEU,GRC,-8.55614973262032,1,-2.0
2025,11,GRC,VAT,-1.72166427546628,1,0.0
2025,11,COG,IDN,3.98009950248756,3,7.0
2025,11,ARE,KEN,3.6917005928148,2,4.0
2025,11,EUR,DEU,-1.6959432815313609,48,1.6541666666666668
2025,11,USA,AUS,0.14313570471214399,66,1.9833333333333352
2025,11,PRT,RUS,-5.49828178694158,3,-2.0
2025,11,LBN,ITA,2.3190334415975,4,3.1
2025,11,PLW,SLB,2.9535864978903,3,7.4
2025,11,MNG,MNG,1.2037392122350399,6,2.2666666666666666
2025,11,POL,ARM,-7.4074074074074,1,-4.0
2025,11,RUS,HUN,-1.5817967627428242,67,2.770149253731343
2025,11,ISR,SYR,-3.329626054281076,65,-2.0015384615384613
2025,11,ARG,ITA,1.11919313111619,4,2.65
2025,11,USA,CIV,3.71819960861057,3,7.0
2025,11,ARG,USA,0.7261343738751271,64,2.2609375000000003
2025,11,CHN,GRC,2.56929601488632,8,2.225
2025,11,ESP,COL,-1.8078406673027312,8,-0.24999999999999994
2025,11,SAS,AFG,-2.21238938053097,2,3.0
2025,11,PHL,GBR,-0.0691163164773273,7,-0.21428571428571463
2025,11,ITA,ALB,0.843304951041534,26,4.676923076923078
2025,11,NOR,IND,1.567053181910885,2,2.2
2025,11,IRN,TUR,-2.0398647364221403,15,0.2666666666666666
2025,11,SLV,PSE,-3.10734463276836,1,2.8
2025,11,RWA,USA,-0.7190340523673799,4,7.2
2025,11,TUR,ESP,-7.51445086705203,2,-6.0
2025,11,EGY,UZB,3.07692307692307,3,5.0
2025,11,IRL,AFR,2.470101170570736,5,3.6399999999999997
2025,11,MKD,MKD,1.08695652173913,1,0.0
2025,11,EGY,ITA,0.9846641032012966,3,0.9333333333333331
2025,11,LUX,GTM,0.17953321364452,1,3.4
2025,11,AUT,USA,2.205034712630977,6,2.933333333333333
2025,11,ESP,OMN,4.6448087431694,3,2.8
2025,11,USA,COG,3.49264705882353,1,0.0
2025,11,MEX,FRA,-0.089414384479234,5,-0.30000000000000004
2025,11,USA,LTU,-1.31578947368421,2,1.9
2025,11,KEN,PAK,-0.929368029739781,1,-2.0
2025,11,USA,SRB,-1.1627731041578449,4,3.5
2025,11,PAN,TTO,-3.3820993319970496,2,-7.2
2025,11,UKR,GRD,-8.33333333333334,1,-10.0
2025,11,ITA,FRA,0.8127965639173504,27,4.455555555555556
2025,11,CAN,CAN,-0.9089962784942067,282,0.8351063829787234
2025,11,IRN,SGP,-4.098205949738137,3,2.5
2025,11,VEN,SLV,-7.00787401574804,2,-2.0
2025,11,PRT,NLD,-5.4989816700611,1,1.0
2025,11,TUR,TUR,-2.2824610164662635,96,0.21145833333333325
2025,11,ITA,CAN,0.35145517965166917,10,-2.16
2025,11,CAN,ITA,1.3525538542458115,6,2.6
2025,11,ITA,LBY,-4.77815699658703,10,3.9299999999999997
2025,11,VEN,IRN,-2.3924131028908002,2,8.3
2025,11,NLD,AUT,-6.34376339477068,2,3.0
2025,11,JPN,BEL,3.36487907465826,1,0.0
2025,11,CHN,SGP,0.3229768457444395,5,2.16
2025,11,AFR,CMR,-13.469387755102,2,-0.3
2025,11,SLB,COK,3.66666666666666,1,7.0
2025,11,ITA,EUR,0.23724052946973273,31,2.764516129032258
2025,11,CUB,VEN,-1.4250137335673252,17,0.6117647058823528
2025,11,RWA,COD,-8.3798882681564,2,-9.5
2025,11,KAZ,LBY,-3.48258706467662,3,1.9
2025,11,USA,PHL,2.424842181526106,26,1.6423076923076925
2025,11,SEA,ESP,-2.05680705190989,2,3.4
2025,11,POL,IRL,8.67768595041323,1,7.0
2025,11,ESP,AZE,4.22535211267606,1,1.9
2025,11,CAN,IND,-7.3394495412844,1,-5.0
2025,11,SVK,LUX,9.30232558139535,2,8.0
2025,11,AFG,VEN,-1.65975103734439,2,0.2
2025,11,IND,ARE,0.032010360735629906,6,1.8333333333333335
2025,11,GBR,ALB,-1.8597155921016983,6,3.033333333333333
2025,11,AFR,MWI,-7.87589498806683,2,1.7000000000000002
2025,11,RUS,BLZ,-9.629587624189092,7,0.25714285714285723
2025,11,BLZ,ABW,-4.95238095238095,2,4.0
2025,11,EGY,MEX,-3.82059800664452,1,0.0
2025,11,SWE,FRA,-6.71140939597316,1,0.4
2025,11,MYS,PHL,-4.84323227980316,6,3.116666666666667
2025,11,HRV,RUS,-4.08921933085502,3,-0.5333333333333332
2025,11,VNM,SEA,3.8894604497424665,3,1.6
2025,11,AZE,ESP,4.22535211267606,1,2.8
2025,11,AUT,AUT,-3.0204157993638634,17,0.48235294117647065
2025,11,USA,DOM,2.501945788390361,10,1.8199999999999996
2025,11,JOR,USA,-3.690336408507206,36,-1.1472222222222221
2025,11,ARE,JPN,6.548197996898089,5,3.0999999999999996
2025,11,BRA,KAZ,1.95417789757412,3,0.6666666666666666
2025,11,SEA,PHL,-2.9810290032893123,5,5.859999999999999
2025,11,QAT,ARE,2.757441043516149,7,2.7142857142857144
2025,11,ISR,UZB,3.84615384615385,2,3.4
2025,11,AND,BRA,1.2040544332211,2,1.0
2025,11,KAZ,PSE,6.36363636363636,1,3.4
2025,11,EUR,SAU,5.47550432276657,2,0.0
2025,11,OMN,FJI,3.73514431239389,3,-2.0
2025,11,BRB,JOR,5.88928150765607,3,8.0
2025,11,KOR,SGP,-0.4534777916499114,7,2.6714285714285717
2025,11,GBR,MDV,-2.922369384289697,11,-1.0545454545454547
2025,11,BEL,BGD,6.68693009118541,2,2.8
2025,11,SYR,AUT,-12.041884816754,3,-7.666666666666667
2025,11,CHN,MDV,5.0,3,5.2
2025,11,NMR,SGP,2.90275761973875,2,6.4
2025,11,THA,USA,-3.7534495522271403,27,-0.16296296296296342
2025,11,USA,SEA,-0.8710469591289691,12,0.7583333333333333
2025,11,HND,USA,-7.706582497450395,4,-7.75
2025,11,SVK,DEU,7.385521243698903,3,6.333333333333333
2025,11,SDN,EGY,-3.487700204837652,5,-5.040000000000001
2025,11,IRL,CHN,4.402635171226787,6,5.033333333333333
2025,11,PAK,DZA,8.97435897435897,2,3.4
2025,11,CHN,AZE,0.0,1,7.0
2025,11,CZE,BEL,3.77207062600321,2,8.0
2025,11,SAU,GBR,1.7750118225710374,4,5.425000000000001
2025,11,ZMB,COD,2.566242973521515,2,1.4
2025,11,BLR,KAZ,-0.39116428900138,3,1.0
2025,11,VAT,EUR,-3.37078651685393,1,0.0
2025,11,IDN,QAT,-0.35860655737705,3,1.0
2025,11,DNK,THA,6.69975186104219,2,1.9
2025,11,SRB,EUR,-5.68713821734277,6,-4.9
2025,11,GRC,AZE,0.2851711026616,2,6.4
2025,11,MUS,AGO,2.4896265560166,6,2.3499999999999996
2025,11,CHN,BTN,3.39943342776204,3,2.8
2025,11,PLW,ESP,5.48780487804878,1,1.9
2025,11,SEN,AFR,-1.74871073605251,3,1.4333333333333331
2025,11,ARM,GBR,-5.723134214926275,4,-0.75
2025,11,BEL,RUS,-3.2868453727720888,22,-0.14545454545454523
2025,11,CHN,ESP,2.546522653595562,46,3.439130434782608
2025,11,TUR,TCD,0.48780487804878,4,5.75
2025,11,MAR,ARG,-2.52100840336134,1,-5.0
2025,11,GRC,MOZ,-2.00720535254761,3,1.0
2025,11,BRB,ATG,5.88928150765607,3,3.5
2025,11,AFG,IRN,-3.221502119090672,16,4.4625
2025,11,MWI,AGO,-4.51792024230187,3,1.0
2025,11,MCO,CAN,-5.63725490196078,1,-5.0
2025,11,ESP,DNK,-8.66336633663367,1,2.8
2025,11,AFR,CZE,-2.74809160305343,2,7.0
2025,11,MCO,HTI,0.49019607843137,1,1.0
2025,11,ESP,PRT,-0.38656054387928185,5,4.0
2025,11,BEL,BEL,-3.324384527355554,23,0.12173913043478268
2025,11,ESP,URY,1.1117264689703834,3,1.8333333333333335
2025,11,VNM,VNM,-1.7848147639608527,27,0.5666666666666664
2025,11,NER,ITA,0.88652482269504,2,1.0
2025,11,POL,NLD,2.1805252109840176,4,2.5749999999999997
2025,11,RUS,ESP,-1.6192903117205635,8,2.975
2025,11,VEN,NPL,2.4896265560166,3,2.8
2025,11,USA,COD,1.0738976341710398,5,3.12
2025,11,MLI,SEN,6.74846625766871,1,3.4
2025,11,BEL,SVK,9.30232558139535,1,8.0
2025,11,KOR,POL,2.52365930599369,3,8.3
2025,11,ARG,ISR,-4.65472337926493,3,-5.0
2025,11,JPN,TWN,-5.626882763545609,50,-2.4
2025,11,ESP,ARG,0.5753501545150841,14,3.1
2025,11,NLD,DNK,-2.0538148344839833,3,2.6333333333333333
2025,11,HTI,CMR,-2.24719101123596,5,1.54
2025,11,SGP,TWN,1.98300283286119,1,5.2
2025,11,CUB,COL,2.146768893756853,3,3.333333333333334
2025,11,UZB,KAZ,4.469721697322052,8,5.575
2025,11,ITA,BEL,1.90713101160863,2,6.0
2025,11,LTU,FIN,2.37190861705667,4,1.9
2025,11,LCA,GBR,-2.49569707401033,2,2.3499999999999996
2025,11,MEX,PSE,2.40641711229946,1,1.0
2025,11,ETH,POL,1.98412698412699,3,2.8
2025,11,EAF,TZA,-1.05062082139446,2,0.0
2025,11,GRC,ISR,-0.15474494720683646,43,2.0534883720930233
2025,11,FRA,TUR,-2.39297880642785,10,1.3299999999999996
2025,11,SWE,USA,-2.085837814259035,27,1.6703703703703705
2025,11,AZE,AZE,-3.5821003322097402,71,0.7999999999999998
2025,11,CHN,MMR,-4.6494339114162395,13,3.661538461538461
2025,11,ITA,MEX,1.410534780486527,6,0.7333333333333332
2025,11,EUR,DNK,1.8468751165158472,7,1.7142857142857142
2025,11,FIN,NOR,-0.8997494492334819,5,2.32
2025,11,AFR,MLT,-11.8709677419355,2,1.4
2025,11,SGP,ZAF,-2.58397932816538,1,1.9
2025,11,GRC,EUR,-0.9463926699742422,22,2.6454545454545455
2025,11,AFG,QAT,-3.00207039337474,2,3.5
2025,11,ARG,NIC,-7.36196319018405,2,2.45
2025,11,PSE,BGD,6.1739579552751325,4,2.3499999999999996
2025,11,KOR,ITA,0.0,4,2.8
2025,11,NLD,SDN,-1.46074803484282,3,-2.333333333333333
2025,11,SGP,AUS,-0.2210664762045616,17,0.6588235294117648
2025,11,PRT,USA,-2.3638448320030037,13,-0.384615384615385
2025,11,DEU,AUT,1.00068167260607,4,2.875
2025,11,DEU,COL,5.0,2,2.8
2025,11,MLT,USA,-2.44024120428615,2,1.5
2025,11,RUS,BLR,1.3320224535638385,34,1.5441176470588234
2025,11,CHE,GHA,6.75381263616558,1,3.4
2025,11,CHN,CAN,-0.4043682029118678,24,-0.3333333333333335
2025,11,IND,JPN,6.396197495382735,9,3.0444444444444443
2025,11,COL,MEX,-1.7679582896974206,9,3.033333333333333
2025,11,CHN,SEA,1.8792408506766352,10,5.140000000000001
2025,11,KOR,BEL,-0.5089058524173,2,3.5000000000000004
2025,11,ESP,BGR,-6.47482014388489,2,1.0
2025,11,BGD,IDN,-3.18021201413428,1,-10.0
2025,11,CHE,IDN,-2.30125523012553,1,-9.2
2025,11,SSD,SDN,-3.5370775714481644,10,0.68
2025,11,IRL,DNK,-4.50450450450451,2,8.0
2025,11,CZE,FIN,-4.50450450450451,2,8.0
2025,11,IRN,ARE,-5.11471002167621,6,0.8499999999999999
2025,11,UKR,PRT,0.24408260269133297,3,-0.5333333333333332
2025,11,CHN,FRA,-1.752149442520749,7,0.057142857142856496
2025,11,IDN,SEA,-0.17229842837270581,9,3.1777777777777776
2025,11,IDN,MYS,-1.0547435515149532,12,2.25
2025,11,CHE,SWE,-1.58730158730158,2,-5.0
2025,11,WSM,AUS,-1.14537444933921,2,1.0
2025,11,ZWE,GBR,3.2389372784172954,4,4.5
2025,11,THA,ECU,0.1669449081803,2,5.2
2025,11,MDA,FRA,1.746904511192254,7,3.4857142857142858
2025,11,SUR,GTM,3.18181818181818,1,4.0
2025,11,IRN,PGS,0.0,1,-5.0
2025,11,MRT,ITA,3.73831775700935,2,1.9
2025,11,IND,POL,2.8169014084507,1,-10.0
2025,11,AUS,THA,0.13227513227513,2,1.0
2025,11,TUN,TUN,-9.477311546342404,11,-3.9454545454545453
2025,11,SEA,MYS,-2.954220360450754,15,2.28
2025,11,MOZ,AGO,3.2520325203252,2,7.0
2025,11,CAN,SDN,-1.22448979591836,1,1.0
2025,11,IRL,UGA,2.55009107468124,3,1.9
2025,11,CIV,SYR,-14.3212199127672,4,1.9
2025,11,FJI,CHN,3.90625,5,3.12
2025,11,CHN,CAS,-1.7167381974249,1,2.8
2025,11,SWE,FIN,0.025977981421263174,3,3.6
2025,11,HTI,VAT,2.14285714285714,2,7.0
2025,11,RUS,LBN,-3.67892976588629,1,-7.0
2025,11,PRK,UKR,-4.006270396831285,11,-5.472727272727273
2025,11,JPN,BRA,0.2931987151915325,4,1.9
2025,11,GRC,USA,-1.0068620298970272,108,0.1712962962962965
2025,11,BEL,KAZ,-5.07246376811594,1,-2.0
2025,11,KHM,VNM,-2.2495297836451966,6,3.4499999999999997
2025,11,CHN,LAO,-3.827613297120157,12,4.966666666666667
2025,11,DNK,KEN,0.19685039370079,1,4.0
2025,11,IDN,TUR,0.2644536344575967,9,4.133333333333333
2025,11,MMR,SYR,1.61290322580645,4,3.45
2025,11,NPL,MYS,-3.65853658536585,1,3.0
2025,11,ESP,UKR,0.22521542835691635,14,2.628571428571429
2025,11,SVK,SVK,-1.220545773620273,24,0.675
2025,11,IRL,RUS,-2.53807106598985,1,-5.0
2025,11,GRC,GRC,0.920176113457207,64,1.725
2025,11,POL,EST,-2.61159516806334,4,4.0
2025,11,VNM,CHN,0.693210252356212,20,2.1399999999999997
2025,11,GBR,PHL,-1.4429238119930337,10,1.0600000000000005
2025,11,COG,SWE,-1.05348460291734,3,1.3333333333333333
2025,11,CHE,LIE,2.522061738298848,21,4.766666666666667
2025,11,ARE,EGY,1.1658348724549592,11,1.9818181818181817
2025,11,IDN,ARE,-0.35860655737705,3,1.0
2025,11,FRA,SYC,3.52941176470588,1,2.8
2025,11,AGO,ARM,2.4896265560166,6,2.3499999999999996
2025,11,WST,BLR,-4.78194338179036,1,-2.0
2025,11,GIN,GIN,0.168918918918915,2,0.5
2025,11,LBN,YEM,2.73972602739726,2,0.0
2025,11,GBR,GBR,-1.6717856299166407,412,1.1150485436893203
2025,11,FRA,MDV,-6.59508247743542,3,-10.0
2025,11,IRL,MCO,-1.6,1,0.0
2025,11,SEN,SEN,5.08474576271187,1,3.4
2025,11,AFR,GNQ,1.7573673070661049,2,1.0
2025,11,BHS,BOL,2.75229357798165,2,1.9
2025,11,VAT,DOM,0.0,1,-4.0
2025,11,BEL,MEX,-1.66163141993958,1,3.0
2025,11,AUT,DNK,1.39771283354511,1,4.0
2025,11,ETH,GBR,2.53731343283582,1,1.9
2025,11,COL,LTU,-6.10021786492374,1,-2.0
2025,11,BLR,LTU,-2.91865876616061,49,-2.3265306122448974
2025,11,EGY,EUR,8.79120879120879,1,-7.2
2025,11,USA,SGP,1.901470454213912,5,2.3600000000000003
2025,11,BWA,NAM,3.90243902439025,2,2.8
2025,11,ITA,NOR,1.953125,4,1.75
2025,11,IRN,OMN,-0.392156862745101,4,1.9
2025,11,EUR,HUN,-5.403912280118096,7,-3.742857142857143
2025,11,SWE,DOM,4.051435406698564,4,5.475
2025,11,FRA,SEA,-6.426642181295058,5,2.8
2025,11,USA,ECU,0.17568128600880628,26,2.4499999999999997
2025,11,CAN,MCO,-0.87412587412587,2,0.0
2025,11,AUS,SGP,-0.5024981965479867,6,2.05
2025,11,ISL,GBR,0.571428571428573,2,4.0
2025,11,GBR,CZE,-0.011948192239347677,4,2.5749999999999997
2025,11,MDA,USA,-3.321458753588171,7,3.228571428571428
2025,11,PRK,JPN,-1.893264860336843,18,0.19999999999999973
2025,11,CAN,EUR,-1.0029636509927853,11,5.2272727272727275
2025,11,ARE,QAT,2.757441043516149,7,2.7142857142857144
2025,11,AFR,SSD,-4.328887141956863,3,-0.4
2025,11,CHN,EGY,-1.8746285058107572,7,-2.0
2025,11,BLR,HUN,0.788819875776398,4,6.0
2025,11,AUS,DNK,-1.00840336134453,1,2.8
2025,11,GRC,ZAF,1.435289267687055,2,2.8
2025,11,IRL,HUN,-3.749198889126253,3,2.2666666666666666
2025,11,MLI,IRN,4.38871473354232,2,2.8
2025,11,EUR,TKM,3.07017543859649,1,1.0
2025,11,FRA,BEL,-2.119681772988346,14,-3.3928571428571437
2025,11,FIN,DNK,-2.478068619800907,3,6.266666666666667
2025,11,PRT,IRL,-1.7971114969935724,4,1.3499999999999996
2025,11,ARG,BRA,1.000146955625995,10,4.75
2025,11,CZE,ITA,1.00176782557454,1,2.8
2025,11,DNK,NOR,1.9778572988394716,6,4.616666666666666
2025,11,TUR,BEL,2.4846926454969305,8,3.925
2025,11,MDV,LKA,-1.1011011011011,3,2.8
2025,11,AGO,TZA,-4.51792024230187,3,1.0
2025,11,COM,CHN,7.62942779291554,2,6.0
2025,11,FJI,NZL,4.704937991620815,4,3.25
2025,11,EUR,HND,0.0,1,-0.4
2025,11,AFR,VEN,1.13636363636364,1,4.0
2025,11,SYR,QAT,0.65075921908894,2,8.0
2025,11,DEU,UKR,-2.108473773610369,235,2.945957446808511
2025,11,TUR,WST,-6.93693693693694,1,-0.1
2025,11,BGR,USA,-1.0483514714280768,35,2.257142857142857
2025,11,FRA,DZA,-1.321900691457628,30,1.1533333333333342
2025,11,BLZ,MEX,-2.0120273814855087,14,4.7214285714285715
2025,11,ESP,MAR,-0.06491217766179858,7,3.4000000000000004
2025,11,NGA,HTI,-2.24719101123596,2,2.3499999999999996
2025,11,SGP,USA,-1.5646262423359998,6,1.0999999999999988
2025,11,EUR,LTU,-0.8979492085582474,8,3.7749999999999995
2025,11,JPN,NLD,0.52770448548813,1,-4.0
2025,11,PHL,TMP,7.17131474103586,2,5.6
2025,11,GHA,BFA,5.88928150765607,1,1.9
2025,11,ISR,LBN,-3.8999070248376944,114,-2.615789473684211
2025,11,SLV,USA,-4.778671857182104,17,-1.4647058823529413
2025,11,GBR,ISR,-3.2367114456700774,33,-0.6030303030303032
2025,11,SAU,PSE,-2.6027450909982255,22,1.240909090909091
2025,11,FRA,SYR,-0.01273988465120679,6,5.3
2025,11,SWE,DEU,-2.5114696615327134,3,-4.6
2025,11,ARG,CHE,-4.91803278688525,2,1.45
2025,11,BRA,NLD,3.84615384615385,1,1.9
2025,11,MWI,ZAF,-0.10471204188481,1,1.9
2025,11,CAN,SAU,3.33876221498371,1,1.0
2025,11,EST,NLD,-0.2957659989584064,6,4.0
2025,11,FIN,IRL,-2.0537147172661196,3,2.333333333333333
2025,11,TKM,BEL,2.8125,3,1.0
2025,11,LVA,FIN,1.5748031496063,2,1.9
2025,11,IDN,POL,6.05095541401274,2,3.5
2025,11,SEA,KOR,0.41242115477923,3,2.666666666666667
2025,11,KWT,TUR,2.0,1,7.4
2025,11,SEA,MMR,2.35294117647059,1,1.9
2025,11,MCO,AFR,-4.48143405889885,2,-7.2
2025,11,LBN,TUR,0.88616223585549,3,1.9
2025,11,PSE,ITA,0.0,1,4.0
2025,11,EUR,LBN,1.7746274834437101,2,5.4
2025,11,BRA,FRA,1.6753827960641914,14,1.4214285714285713
2025,11,ITA,BRA,4.256667104964317,4,2.65
2025,11,NGA,FRA,4.65631929046564,6,2.0666666666666664
2025,11,UKR,SWE,1.5263035135271519,5,-0.11999999999999988
2025,11,TWN,BLZ,0.0,1,2.8
2025,11,KAZ,BHS,-3.48258706467662,3,1.9
2025,11,CAN,JAM,0.6173138749893924,9,3.155555555555556
2025,11,JPN,IND,5.166987366588155,7,4.485714285714286
2025,11,RUS,AUS,-1.0166062374302514,8,-0.32499999999999996
2025,11,AGO,GHA,6.30472854640981,5,2.8
2025,11,DNK,DEU,0.6258470744010389,9,2.111111111111111
2025,11,JAM,DOM,6.07734806629834,1,6.0
2025,11,OMN,PAK,4.640725365960235,4,4.0
2025,11,NZL,VNM,3.79746835443038,2,3.4
2025,11,TUR,FRA,0.25271918018478245,12,3.7750000000000004
2025,11,USA,ESP,-2.3539622330347663,59,0.24576271186440665
2025,11,FRA,IRN,-0.9041741972898225,4,1.5999999999999999
2025,11,UKR,KAZ,-4.582777102305267,13,-2.9230769230769234
2025,11,MAR,NLD,3.125,1,-9.5
2025,11,CAN,PER,-6.59340659340659,1,-10.0
2025,11,DOM,SWE,4.425358851674641,5,6.16
2025,11,SEA,CHN,-0.7528800506657873,11,0.9909090909090909
2025,11,ISR,ARE,0.7594109895317089,7,4.885714285714286
2025,11,ATG,GRC,7.69230769230769,1,3.4
2025,11,USA,AGO,-3.6734693877551,1,7.4
2025,11,AFR,AGO,2.66272189349112,1,4.0
2025,11,RUS,MEX,1.9539255419848773,4,0.0
2025,11,GNB,GIN,0.81632653061224,1,3.4
2025,11,VEN,RUS,-2.8930563043014232,41,1.7195121951219512
2025,11,USA,CHE,0.09330885455850724,171,2.890643274853801
2025,11,BWA,JPN,-1.20481927710843,3,2.8
2025,11,USA,ISR,-2.1340303046904636,244,1.8106557377049182
2025,11,HUN,USA,-0.5846440338439906,35,4.037142857142857
2025,11,BRA,PRY,-0.4786593349044279,10,2.7700000000000005
2025,11,MMR,MMR,-2.98580518844837,3,1.0
2025,11,TWN,MYS,-2.58084577114428,2,3.5
2025,11,LBY,ISR,-2.3728813559322,3,-9.0
2025,11,EUR,LBY,-4.77815699658703,2,2.8
2025,11,UKR,AFR,-7.6819110768840995,10,-3.6
2025,11,IDN,CHN,-8.592310861285867,13,-4.153846153846154
2025,11,EUR,ISL,2.82776349614396,2,5.0
2025,11,IND,NAM,-2.34899328859061,2,-9.5
2025,11,COG,NGA,0.95238095238096,1,1.0
2025,11,GBR,SRB,-1.20481927710844,1,1.0
2025,11,JPN,KOR,1.1132431895984,15,3.92
2025,11,JOR,SGP,3.698317549273457,3,4.6
2025,11,ZAF,PSE,-1.918838564761375,26,1.4269230769230772
2025,11,IDN,CAN,5.472678171135398,21,4.238095238095237
2025,11,TON,NZL,-0.0796499962456195,6,2.05
2025,11,FRA,CAN,-1.6676339889728489,30,2.133333333333333
2025,11,PRY,ESP,2.31660231660232,2,5.0
2025,11,MDV,ARE,3.9906103286385,1,3.4
2025,11,IND,BWA,3.623146501584676,14,3.0142857142857147
2025,11,CAN,KOR,-3.62976406533575,3,1.0
2025,11,KEN,CHN,2.06489675516224,3,2.2666666666666666
2025,11,HTI,FRA,-2.9016890428757,2,-4.0
2025,11,MDA,RUS,-1.1654120668970873,43,1.3674418604651168
2025,11,IRN,GBR,-4.044637701466137,10,-0.43999999999999995
2025,11,KAZ,KAZ,-2.307512440521595,8,-0.27499999999999997
2025,11,ARE,BRA,0.35149384885764,3,8.0
2025,11,OMN,JPN,4.73251028806585,1,2.8
2025,11,CUB,ESP,-1.10294117647058,3,4.0
2025,11,MKD,GBR,1.68776371308017,1,4.0
2025,11,CAN,IRL,1.46700882330713,7,3.9857142857142853
2025,11,AGO,MWI,-4.51792024230187,3,1.0
2025,11,DEU,BGR,-1.39709966059858,2,3.0
2025,11,IND,IDN,5.935901254696623,3,0.6333333333333333
2025,11,AFR,SGP,0.6339362618432349,4,2.35
2025,11,MCO,MCO,-0.15723270440252,1,0.4
2025,11,ARG,ARG,0.28368020406698785,53,1.260377358490566
2025,11,ALB,ITA,1.4511896953436392,26,4.6961538461538455
2025,11,AFG,GBR,-3.4980840685629984,7,4.714285714285714
2025,11,LKA,BGD,0.15467334244361497,10,5.08
2025,11,SVK,SRB,0.0,1,1.9
2025,11,ESP,MEX,0.32447654180699326,19,3.089473684210526
2025,11,ECU,COL,-3.68675692094073,4,6.125
2025,11,ITA,KOR,0.0,2,1.9
2025,11,JPN,AUS,-0.29036562329721116,105,-0.8533333333333335
2025,11,MEX,CAN,-1.0590379873356581,11,-0.2727272727272729
2025,11,VAT,VAT,3.80434782608695,2,1.7
2025,11,UKR,PSE,-3.4847401471648225,4,-1.15
2025,11,RWA,KEN,3.2656070784859903,2,2.8
2025,11,AZE,GBR,4.62962962962963,1,-5.0
2025,11,MDV,JPN,-4.09090909090909,2,1.0
2025,11,MMR,RUS,-1.86666666666667,1,1.9
2025,11,RUS,EUR,-2.3717178747311505,68,-0.42352941176470593
2025,11,PSE,PSE,-4.590777832673128,104,0.23557692307692316
2025,11,TTO,ESP,-8.36120401337788,1,-2.0
2025,11,SYR,BEL,-12.77002754299027,7,-2.7714285714285714
2025,11,RUS,SWE,-2.0121705456275523,8,1.625
2025,11,BRA,BEL,0.54347826086957,2,-3.6000000000000005
2025,11,CAN,FRA,-0.9707615312840605,19,1.0000000000000002
2025,11,AUS,TUN,-6.22406639004149,2,1.9
2025,11,ZMB,AGO,2.0460358056266,1,3.0
2025,11,ESP,BRA,1.91312722952246,5,-1.5600000000000005
2025,11,NPL,MUS,2.4896265560166,6,2.3499999999999996
2025,11,CAN,COD,3.66197183098592,1,4.0
2025,11,EUR,MKD,2.8492392807745497,3,1.5999999999999999
2025,11,KIR,NZL,0.0,5,0.33999999999999997
2025,11,ISR,MDV,-0.77519379844961,4,5.25
2025,11,LTU,USA,-1.31578947368421,2,2.8
2025,11,MDV,USA,-1.701213202434466,12,0.20000000000000018
2025,11,AFR,AFR,-1.4536774065796902,57,1.4315789473684213
2025,11,MLT,EUR,6.23818525519849,1,-10.0
2025,11,LKA,LKA,3.1932760896839727,29,3.1517241379310343
2025,11,VNM,EUR,-1.9068762750510047,2,-3.5
2025,11,USA,TON,-1.37931034482759,2,-5.0
2025,11,AGO,NPL,2.4896265560166,6,2.3499999999999996
2025,11,GBR,BHR,5.57729941291585,3,4.0
2025,11,PAK,EUR,-2.00573065902579,1,7.0
2025,11,COK,SLB,3.66666666666666,2,7.0
2025,11,YEM,USA,1.7632241813602,1,-4.0
2025,11,CHN,GTM,0.0,2,3.5
2025,11,VEN,NGA,-5.05050505050505,4,-7.0
2025,11,PHL,JPN,2.61939114699998,4,-0.5
2025,11,RUS,PER,-2.66666666666667,1,-10.0
2025,11,SYR,TUR,0.2242042184299267,9,2.3888888888888893
2025,11,POL,TUR,3.48258706467662,1,3.4
2025,11,LKA,UKR,-5.91133004926108,2,0.0
2025,11,ITA,NZL,2.46913580246914,1,4.0
2025,11,JPN,AZE,3.125,1,-10.0
2025,11,NZL,USA,2.1629924945627446,14,1.8500000000000003
2025,11,UZB,IRN,-0.94683175528041,2,0.0
2025,11,NMR,MAR,-0.62597809076682,2,2.8
2025,11,IRL,ARE,-3.75426621160409,1,-10.0
2025,11,ARM,SGP,2.4896265560166,6,2.3499999999999996
2025,11,HUN,AUT,-3.48837209302326,2,-10.0
2025,11,COG,COD,0.761421319796958,2,2.3499999999999996
2025,11,MWI,TZA,-4.51792024230187,3,1.0
2025,11,CHN,JOR,-0.87719298245614,1,7.0
2025,11,KIR,COK,4.88431876606684,2,1.9
2025,11,FIN,FRA,-0.8021568922054667,6,-5.333333333333334
2025,11,NMR,DEU,-0.15772870662461,1,2.8
2025,11,THA,DEU,2.2508038585209,1,-6.5
2025,11,IRL,ISR,-0.7467954500033616,7,2.8000000000000003
2025,11,BEL,LUX,4.849064033306343,3,2.8
2025,11,HND,HND,-5.2428364362523805,2,1.5
2025,11,FIN,RUS,-4.026574012144404,37,0.8324324324324325
2025,11,BGR,EUR,-1.252334822502317,3,2.2666666666666666
2025,11,BEL,PRT,2.85714285714286,1,3.0
2025,11,UZB,RUS,-0.08336478156849125,8,5.0
2025,11,NMR,GBR,1.44358880332478,3,1.9
2025,11,VAT,UKR,-0.52631578947369,2,2.8
2025,11,SGP,GBR,2.3871294942329166,11,2.745454545454546
2025,11,ECU,EUR,2.5622769976103967,3,4.633333333333333
2025,11,FJI,GBR,2.97645463510848,4,1.9
2025,11,MDV,PSE,-0.47058823529412,1,7.0
2025,11,WAF,NER,-4.51792024230187,4,6.0
2025,11,THA,ESP,5.59006211180124,1,8.0
2025,11,KOR,TWN,1.87793427230047,2,7.0
2025,11,VEN,AUS,-3.94736842105263,2,-0.5000000000000004
2025,11,TZA,IND,0.0,2,-9.5
2025,11,USA,SDN,-5.863176241213014,17,-0.07647058823529451
2025,11,HND,ESP,-2.21066319895969,3,1.0
2025,11,NGA,CMR,-2.24719101123596,5,1.54
2025,11,ISR,DZA,-4.59866220735786,1,-5.0
2025,11,JOR,GBR,1.5108865711516497,5,2.8599999999999994
2025,11,ISR,IND,-0.591052999465479,6,-1.166666666666667
2025,11,MAR,DZA,-2.208561020036425,4,1.5
2025,11,LBN,AUS,5.36672629695885,3,2.8
2025,11,BGD,KOR,6.97674418604651,2,3.4
2025,11,MKD,CYP,-5.52868002764341,1,7.4
2025,11,USA,TJK,1.3063932040477877,7,3.971428571428571
2025,11,AUS,GBR,-1.453563753515089,28,1.7000000000000002
2025,11,ISR,NOR,-5.244031164882417,13,-0.9230769230769234
2025,11,KOR,FRA,1.66512488436632,2,1.9
2025,11,AUS,AFR,-0.8558796776716457,12,3.0083333333333337
2025,11,AUS,ISR,-6.083955334858229,7,-4.171428571428571
2025,11,ISL,AZE,1.63934426229509,1,3.4
2025,11,SLV,GTM,2.045676225017544,12,5.799999999999999
2025,11,IDN,LKA,-1.34003350083752,2,2.3499999999999996
2025,11,CAN,LBN,-1.54015401540154,2,2.8
2025,11,GBR,MEX,-2.3590333716916,2,2.8
2025,11,LVA,CZE,-4.50450450450451,2,8.0
2025,11,IRN,JPN,3.28767123287672,2,7.0
2025,11,BLR,ISR,-2.33050847457627,1,0.0
2025,11,AZE,EUR,1.9472589282274524,4,5.6
2025,11,BLZ,CAN,-0.8376753890904336,11,-9.590909090909092
2025,11,NGA,POL,8.05687203791469,2,7.0
2025,11,USA,CMR,-2.24719101123596,8,0.6250000000000002
2025,11,CHE,NOR,-5.22979397781299,1,6.0
2025,11,DZA,DJI,-2.05784204671857,2,1.0
2025,11,MKD,EGY,2.92901467937222,5,3.08
2025,11,UKR,CZE,-6.46094503375121,1,2.8
2025,11,PSE,IDN,2.3983757501292393,10,6.98
2025,11,IRN,IND,-7.59064723822433,4,1.75
2025,11,EUR,LUX,-2.96296296296297,1,-10.0
2025,11,IRN,MLI,4.38871473354232,2,1.9
2025,11,THA,UKR,1.4821754853320037,6,2.7333333333333334
2025,11,EST,DNK,-4.50450450450451,2,8.0
2025,11,RUS,NOR,-0.8842111657857963,3,1.1333333333333333
2025,11,TKM,AZE,1.85185185185185,2,3.4
2025,11,HUN,BLR,0.788819875776398,4,6.0
2025,11,AZE,HUN,1.45985401459854,3,5.666666666666667
2025,11,PAK,SAS,2.25165562913908,1,3.4
2025,11,POL,SVK,9.30232558139535,2,8.0
2025,11,OMN,QAT,5.76923076923078,1,3.4
2025,11,USA,UGA,-8.76288659793817,1,0.0
2025,11,MLT,ITA,-2.1726928984993537,3,-2.7
2025,11,USA,PSE,-3.3550376956060677,96,1.8729166666666663
2025,11,SEA,USA,-0.08946184342043484,9,3.755555555555555
2025,11,CHN,VEN,-3.029364045611394,5,-1.4
2025,11,TMP,AUS,1.16279069767442,3,2.8
2025,11,NOR,BGR,2.13414634146341,2,4.0
2025,11,TKM,EST,0.704225352112676,3,5.0
2025,11,BGR,HUN,1.46341463414634,1,2.8
2025,11,IND,FRA,0.76923076923077,2,1.9
2025,11,ESP,VEN,-1.5723827198894798,38,0.4526315789473684
2025,11,ITA,POL,-1.1710283432648467,9,-3.1111111111111107
2025,11,URY,ESP,0.78843220415155,5,2.3
2025,11,DEU,POL,-4.602500160720267,16,-5.425
2025,11,CAN,PSE,-1.214571448659109,18,2.222222222222222
2025,11,BRA,GBR,-5.037653855815427,12,2.066666666666667
2025,11,ESP,CUB,-0.025923831070882475,4,3.75
2025,11,KHM,KHM,-5.539625122562688,23,-1.9999999999999998
2025,11,LBR,CHN,12.3711340206186,1,0.0
2025,11,THA,RUS,-4.046340392474753,3,-7.8
2025,11,COK,CHN,1.2944022246347866,6,4.2
2025,11,AUS,FJI,-0.44004400440044,2,0.0
2025,11,KWT,VNM,3.809067131647782,5,2.96
2025,11,EUR,MOZ,0.86956521739131,1,1.0
2025,11,NLD,SYR,-4.3115438108484,1,-5.0
2025,11,UKR,IRN,0.83102493074793,1,-10.0
2025,11,USA,AFG,-2.8983451877919078,8,-1.2000000000000002
2025,11,USA,RUS,-2.67232429275692,271,1.0734317343173432
2025,11,USA,LKA,4.4782523491564525,10,5.24
2025,11,USA,ARE,0.16060772883279048,37,1.8270270270270268
2025,11,GMB,AFR,2.8233193531288,2,1.5
2025,11,LVA,LVA,2.6332704360053425,13,1.7076923076923076
2025,11,PER,PER,-1.9357088122753425,12,-1.4
2025,11,USA,FIN,-1.1387247031217476,8,2.8874999999999997
2025,11,NMR,THA,2.90275761973875,2,6.4
2025,11,SAU,MEX,-3.125,1,-4.0
2025,11,EGY,LBY,-3.74832663989291,2,1.0
2025,11,BWA,USA,5.32859680284192,2,1.9
2025,11,UZB,CHN,2.42424242424242,1,1.0
2025,11,NZL,CHN,1.3282219557855317,6,5.3
2025,11,IRN,DEU,-11.5217391304348,2,0.0
2025,11,RUS,SAU,-1.59651669085631,2,-3.5
2025,11,AUS,SDN,2.1180030257186,1,0.0
2025,11,PSE,SAU,0.36870757573043017,7,-0.05714285714285716
2025,11,SEA,BRN,-1.1992849906380432,3,5.633333333333334
2025,11,USA,MUS,8.69565217391304,1,2.8
2025,11,RWA,RWA,-0.7417520755058654,13,1.6307692307692307
2025,11,DJI,SAU,5.119419660023462,9,2.6888888888888887
2025,11,BWA,GBR,1.16788321167883,2,3.4
2025,11,IRL,HND,-0.71942446043165,2,-9.2
2025,11,SDN,ETH,-6.86985970004838,2,-10.0
2025,11,POL,HUN,-3.413480635551112,8,2.125
2025,11,FIN,AFG,-6.85518423307626,1,-2.0
2025,11,ITA,LIE,3.66748166259169,2,7.4
2025,11,MYS,RUS,0.694444444444444,8,3.0
2025,11,CHN,JPN,-4.551455601887489,290,0.21965517241379312
2025,11,TUR,ISR,-2.0443237917407457,34,0.3029411764705883
2025,11,SEA,COK,2.80373831775701,2,2.9
2025,11,TJK,RUS,-0.779272954386613,6,2.0
2025,11,FRA,PER,2.63454944306008,2,2.3499999999999996
2025,11,POL,EUR,-1.8704418816877388,22,1.9363636363636365
2025,11,SDN,JOR,-8.325735643031186,4,-4.4
2025,11,ISL,EST,-0.58207217694994,3,0.0
2025,11,TWN,SGP,1.98300283286119,2,5.2
2025,11,DZA,TUN,-0.62597809076682,4,-5.0
2025,11,MDV,DNK,-4.856061369786295,6,-0.6999999999999997
2025,11,TUR,RUS,-1.35812094790968,6,-1.0
2025,11,BTN,IND,7.17821782178217,1,2.8
2025,11,SEA,SEA,-0.9478672985782,1,4.0
2025,11,EUR,UKR,-2.725397069634492,177,3.2649717514124292
2025,11,NZL,NZL,-0.7747077409280881,48,1.05
2025,11,NZL,TON,-0.0796499962456195,6,2.65
2025,11,ITA,GBR,-0.7622270875437815,7,1.1428571428571428
2025,11,USA,LBR,1.7242505083670734,3,3.1999999999999997
2025,11,ARG,FRA,0.8648969106119451,4,2.075
2025,11,TUR,AFR,1.2987012987013,1,6.0
2025,11,AZE,CHN,2.09205020920502,2,5.25
2025,11,AUT,ARM,-2.7355623100304,1,0.0
2025,11,GRC,EGY,4.01785714285714,1,3.4
2025,11,LUX,LUX,-2.306641445985705,2,-5.75
2025,11,THA,THA,-1.3866703001782523,55,0.6836363636363638
2025,11,ALB,ISR,-1.82926829268293,2,3.0
2025,11,SDN,ARE,-5.8075198740507235,24,1.6583333333333332
2025,11,TUR,CYP,0.7257650748447924,32,1.1437499999999998
2025,11,MEX,GBR,0.9890371994336467,11,3.981818181818182
2025,11,SYR,GRC,-2.09424083769633,1,-10.0
2025,11,VNM,LAO,-5.35123042505593,4,4.0
2025,11,DEU,CHN,-0.35417223195629643,16,1.5625
2025,11,KEN,SEN,-0.38008186751686246,4,2.25
2025,11,NZL,IDN,-7.067793656326245,6,4.0
2025,11,NIC,NIC,-2.5860702170334315,11,0.09090909090909083
2025,11,DEU,CAN,-0.123983566675186,5,-1.6000000000000005
2025,11,MYS,SGP,-2.2894540396152223,9,1.2555555555555555
2025,11,SWE,WST,-1.17581187010078,5,7.0
2025,11,GUY,USA,-1.361785705192786,5,0.45999999999999996
2025,11,JPN,UGA,0.19047619047619,2,2.8
2025,11,AGO,SGP,2.4896265560166,6,2.3499999999999996
2025,11,BRA,MYS,-0.6442031511562227,9,2.4222222222222225
2025,11,SYC,SYC,5.07246376811594,4,2.3499999999999996
2025,11,COL,GBR,-4.78291417825629,4,-5.0
2025,11,TGO,TGO,2.89855072463768,2,1.0
2025,11,USA,MNG,2.98013245033112,1,0.0
2025,11,USA,IDN,-1.2546748336314186,24,1.0666666666666667
2025,11,NLD,EUR,-0.05817375885082399,5,-1.3200000000000003
2025,11,SWE,COL,2.8119342701394006,31,5.374193548387097
2025,11,BRN,SEA,-1.1992849906380432,3,5.933333333333334
2025,11,AFR,IRL,2.470101170570736,5,2.92
2025,11,UGA,UGA,0.7473617434448432,16,1.6249999999999996
2025,11,NOR,PSE,-1.92837465564738,2,-4.0
2025,11,CAN,SEN,2.63929618768328,1,1.9
2025,11,IDN,COG,3.98009950248756,3,7.0
2025,11,BLR,CHN,0.95238095238095,2,3.5
2025,11,AFR,PHL,-11.8709677419355,4,1.4
2025,11,MAR,NGA,-3.87665198237886,1,3.4
2025,11,ZAF,RUS,-6.45994832041344,1,3.5
2025,11,RUS,LTU,-2.2601255116476366,8,7.8125
2025,11,TUV,KIR,-1.0922356239238875,4,-4.4
2025,11,FIN,EST,-1.061528350017784,8,3.05
2025,11,DZA,AFR,1.8982289346444299,5,1.98
2025,11,AZE,TUR,-1.698317414436282,20,2.14
2025,11,SGP,IDN,1.3033468018123955,6,-2.016666666666666
2025,11,SEA,AFR,-3.04506699147382,4,2.3499999999999996
2025,11,FRA,MLI,-8.668503966879626,9,0.9555555555555548
2025,11,KGZ,AZE,1.85185185185185,2,3.4
2025,11,EUR,SWE,2.82776349614396,2,5.0
2025,11,DEU,TUN,-7.31563421828909,2,-5.0
2025,11,SYR,USA,-1.2539986578727755,74,2.4891891891891893
2025,11,CHN,EUR,-0.33769980071337286,46,0.4739130434782606
2025,11,GBR,BRA,-5.373063195746626,25,2.7359999999999998
2025,11,MYS,KOR,0.0,2,5.2
2025,11,THA,CHN,1.7166725508313196,96,1.4760416666666667
2025,11,PSE,EGY,-1.8079425926863073,15,3.3866666666666667
2025,11,VEN,NOR,3.1828600610444036,3,3.2666666666666666
2025,11,BGD,SAU,1.64752216575189,8,3.225
2025,11,SAU,IRN,1.41643059490085,2,0.0
2025,11,AUS,LBN,5.36672629695885,4,1.9
2025,11,BGR,LUX,5.33333333333334,1,-4.0
2025,11,CHN,SYR,-3.24508966695133,2,-5.0
2025,11,LTU,BLR,-2.5080956994194348,33,-0.6424242424242421
2025,11,AZE,AFG,0.0,1,6.4
2025,11,PSE,JOR,2.171621144351472,5,5.6
2025,11,EUR,AUT,-0.6455158278301085,13,3.2153846153846155
2025,11,NIC,HND,-0.9009009009009,1,1.9
2025,11,ARM,ARM,0.9509155435948021,39,1.6999999999999997
2025,11,BOL,BHS,2.75229357798165,1,2.8
2025,11,DEU,MYS,5.28455284552846,1,4.0
2025,11,FRA,SAU,2.75229357798165,1,1.9
2025,11,ITA,HUN,-4.016519390187883,4,4.0
2025,11,UZB,UZB,4.175574934426278,13,3.2615384615384615
2025,11,NLD,PSE,-2.609560655470614,5,-3.92
2025,11,ARM,USA,2.1494500551021014,43,2.2790697674418605
2025,11,CZE,MDV,-3.86100386100387,1,-5.0
2025,11,LBY,ESP,-2.06185567010309,2,0.0
2025,11,KOR,NPL,-2.40549828178694,2,1.0
2025,11,IND,ETH,-4.47915039825082,6,-5.0
2025,11,SEN,DZA,5.08474576271187,1,8.0
2025,11,PRY,BRA,0.5397822915497671,7,3.4714285714285715
2025,11,GBR,POL,-1.0104874176145475,8,1.8249999999999997
2025,11,MDV,RUS,-4.96204406591372,1,-10.0
2025,11,GBR,BLZ,-2.25187656380317,1,3.0
2025,11,COL,ARE,0.35149384885764,3,8.0
2025,11,IRN,CHN,-2.537101088370695,4,-1.025
2025,11,GBR,COL,-4.03587443946189,2,-5.0
2025,11,GHA,NGA,-3.9100534650379113,9,0.8444444444444444
2025,11,ARE,SYR,1.7900300240688822,5,-1.6399999999999997
2025,11,IDN,NLD,-0.11180550469835504,10,1.2500000000000004
2025,11,VEN,SGP,2.4896265560166,6,2.3499999999999996
2025,11,IDN,NOR,3.352227593916509,9,6.377777777777777
2025,11,RUS,THA,-3.94736842105263,2,10.0
2025,11,RUS,VEN,-2.5056853296927004,37,2.881081081081081
2025,11,BRA,CHN,-1.0273340453344146,13,2.1384615384615384
2025,11,CRI,NIC,-7.36196319018405,5,1.34
2025,11,ARG,CHL,-3.97111913357401,4,-3.0500000000000003
2025,11,ITA,MDV,-0.98280098280098,1,3.4
2025,11,GHA,FRA,2.3826677627923845,10,2.8600000000000003
2025,11,JPN,VEN,-1.93798449612403,1,-2.0
2025,11,AUS,BEL,-3.41880341880342,4,0.6999999999999997
2025,11,FRA,PAK,-2.53164556962025,1,1.9
2025,11,LBN,QAT,-6.25379477838494,2,3.0
2025,11,CHN,PHL,1.64816870144284,2,3.7
2025,11,PAK,BLR,-4.116545320249023,3,1.9
2025,11,SAU,USA,1.1526644158322548,103,1.6310679611650483
2025,11,CAF,CAF,-1.4030612244897949,2,5.75
2025,11,GBR,FRA,-2.0214870362072297,27,2.1222222222222222
2025,11,MKD,SEN,2.20888367357833,2,1.9
2025,11,JPN,FRA,2.17391304347826,1,5.0
2025,11,MLT,LBY,-4.77815699658703,4,2.8
2025,11,SYR,YEM,-1.3830509906185093,5,-2.5999999999999996
2025,11,RUS,ARM,-5.008205713764,9,-0.2666666666666666
2025,11,RUS,PHL,-2.05680705190989,1,0.0
2025,11,EUR,ARE,4.06360424028269,2,3.4
2025,11,DZA,EUR,0.86633663366337,1,2.8
2025,11,IRQ,BEL,-14.2480211081794,2,-5.0
2025,11,ITA,JPN,3.18471337579617,1,2.8
2025,11,GBR,LBR,4.50331125827815,6,2.933333333333333
2025,11,EUR,TZA,-6.39960918417196,3,0.0
2025,11,MCO,VNM,4.06937958639093,2,3.7
2025,11,WAF,TGO,2.27299016772701,2,0.95
2025,11,KAZ,USA,0.8476821192052959,5,5.6
2025,11,CZE,LTU,-4.50450450450451,2,8.0
2025,11,CHL,AUS,-2.57611241217799,1,1.0
2025,11,DNK,SYR,-3.902198029800325,11,1.9636363636363636
2025,11,DEU,NZL,-0.93582887700534,5,4.0
2025,11,MEX,BLZ,-1.3294894760412008,8,5.075
2025,11,MMR,BGD,-5.73152337858225,1,2.8
2025,11,ESP,VAT,0.00011023253491115881,5,0.0
2025,11,TCD,KEN,-5.07399577167019,2,-1.0
2025,11,SAU,PAK,3.774728290590498,58,2.4362068965517243
2025,11,UKR,DNK,-3.04784312092473,3,-0.8999999999999999
2025,11,JPN,KHM,-0.2176547406634861,9,1.877777777777778
2025,11,TUR,PAK,-1.846415923765315,6,0.5
2025,11,BRA,AND,0.98765432098766,1,1.0
2025,11,ITA,SAU,5.47550432276657,1,3.4
2025,11,QAT,BRB,5.88928150765607,3,8.0
2025,11,LKA,CHN,0.891680970819525,4,4.45
2025,11,POL,WST,-4.5871784061750205,3,-2.666666666666667
2025,11,GRC,SRB,8.90217644320297,2,3.4
2025,11,AZE,CHE,6.640725581752848,5,1.54
2025,11,USA,CHN,-1.13253068276476,220,1.6022727272727277
2025,11,JPN,ARE,8.25688073394496,2,2.3499999999999996
2025,11,NIC,CRI,-7.36196319018405,2,3.45
2025,11,SGP,TUN,-2.0178751147378327,11,0.7545454545454544
2025,11,BHS,CRB,-5.80431177446102,1,5.0
2025,11,USA,URY,0.93530787217459,4,3.75
2025,11,EUR,GHA,-5.729954965411578,4,3.4
2025,11,ARM,RUS,-2.840809648469105,6,2.0
2025,11,BRB,QAT,5.88928150765607,3,8.0
2025,11,RUS,SSD,-2.47383444338725,2,5.2
2025,11,VNM,MCO,4.06937958639093,1,4.0
2025,11,ISR,IRN,-5.097484900909867,53,-3.1886792452830193
2025,11,HRV,SVK,-0.02920110192837022,4,1.225
2025,11,PSE,QAT,-4.870879318840765,12,3.4833333333333334
2025,11,HRV,GBR,-1.2225869368726494,3,2.6666666666666665
2025,11,EUR,CAN,-0.9995627582648119,9,3.9555555555555557
2025,11,GBR,SWE,-4.38924073669651,4,0.19999999999999996
2025,11,LKA,CUB,5.68720379146919,3,3.5
2025,11,SGP,MUS,2.4896265560166,6,2.3499999999999996
2025,11,PGS,CAN,0.18761726078799,2,3.5
2025,11,SGP,KOR,-0.3698217548017549,6,2.9499999999999997
2025,11,DEU,KEN,2.910105951648985,6,7.4
2025,11,KWT,IRQ,1.11731843575419,1,1.9
2025,11,KHM,THA,-1.4539026464349853,104,0.014423076923076913
2025,11,GHA,AFR,1.6103379430353422,8,-0.3375000000000001
2025,11,FRA,DEU,-1.554524964385495,40,-3.8975
2025,11,BGD,PAK,-3.2524968361615834,6,-1.0666666666666667
2025,11,IDN,EGY,-0.35860655737705,3,1.0
2025,11,URY,BRA,0.93530787217459,2,8.0
2025,11,GBR,SDN,2.87356321839081,3,2.8000000000000003
2025,11,NOR,EST,-0.58207217694994,3,0.0
2025,11,GRD,IND,-3.38983050847458,1,3.4
2025,11,DNK,CAN,0.0,4,1.0
2025,11,NGA,GHA,-3.342977425133948,9,2.466666666666667
2025,11,SYR,ARE,4.475075060172205,2,1.45
2025,11,JPN,BGD,-0.14164305949008,2,7.4
2025,11,IDN,CHE,-2.30125523012553,1,-9.2
2025,11,SAU,SYR,2.293526572064447,9,1.2777777777777781
2025,11,ISR,PHL,-1.953125,2,2.8
2025,11,AFR,NAM,0.0,2,2.8
2025,11,CAN,VEN,-2.66362252663622,1,-2.0
2025,11,IND,IND,-0.1578542254711237,226,0.4544247787610619
2025,11,PSE,PAK,-0.9403280957659566,6,-2.833333333333333
2025,11,GBR,IRL,-0.2521548891717922,78,1.5525641025641026
2025,11,USA,IRQ,-1.7035944579306388,45,-1.0333333333333332
2025,11,OMN,IRN,-0.392156862745101,4,2.8
2025,11,BEN,NGA,0.8181823407349502,2,1.0
2025,11,WST,NLD,0.37881103774353986,2,2.2
2025,11,AFR,ARG,0.91743119266055,1,1.9
2025,11,KEN,UKR,-4.710942682530947,6,-10.0
2025,11,DNK,JPN,3.41997264021887,1,0.0
2025,11,VEN,AGO,2.4896265560166,3,2.8
2025,11,POL,BEL,-5.37931034482759,2,-6.5
2025,11,ECU,THA,0.1669449081803,2,5.2
2025,11,DNK,CHE,-1.21654501216545,2,-1.25
2025,11,KOR,KAZ,0.54151624548736,1,1.0
2025,11,MRT,MLI,-3.32326283987916,1,-0.4
2025,11,MCO,ESP,-0.35906642728905,1,0.0
2025,11,TWN,EUR,3.86847195357834,2,0.0
2025,11,AUS,CHN,-1.2620974318725549,34,1.2470588235294118
2025,11,IND,SGP,-5.127545647512804,8,-1.5625
2025,11,ARG,ESP,0.0036421204244208305,7,0.8142857142857143
2025,11,BGD,PSE,6.1739579552751325,4,2.3499999999999996
2025,11,MYS,SEA,0.6282798140773458,9,0.711111111111111
2025,11,ARE,TUR,0.2644536344575967,9,4.133333333333333
2025,11,BGD,NPL,-2.41279069767442,2,-2.2
2025,11,USA,GRD,-4.59854014598541,1,3.4
2025,11,GBR,LCA,-2.49569707401033,2,2.3499999999999996
2025,11,NER,NER,1.90476190476191,1,3.0
2025,11,EUR,JPN,0.3283739307780971,7,4.571428571428572
2025,11,ETH,NGA,0.32176685044810327,3,2.8
2025,11,FRA,EUR,0.614756681427785,44,2.659090909090909
2025,11,RUS,JPN,-2.203692789156977,10,2.7600000000000002
2025,11,ZAF,ZAF,-3.199306791881503,18,-0.4888888888888887
2025,11,QAT,IRN,-1.23762376237623,4,1.0
2025,11,ARE,THA,-2.7790649778601617,6,2.35
2025,11,MEX,JPN,-0.93970242756461,2,6.4
2025,11,COK,COK,-0.8130081300813,1,3.0
2025,11,GRC,MEX,-0.42592531720465804,10,1.6700000000000002
2025,11,SAU,LBY,0.0927643784786598,1,0.0
2025,11,MLI,TUR,4.38871473354232,1,2.8
2025,11,NLD,MDV,-10.703363914373,1,-0.4
2025,11,JOR,CHE,-5.80204778156997,1,1.0
2025,11,USA,EUR,-1.2882504941785489,91,1.6549450549450553
2025,11,EGY,SYR,7.28476821192053,2,1.0
2025,11,POL,USA,3.403278946100258,11,1.727272727272727
2025,11,RUS,GBR,-4.028777619022209,36,-2.6305555555555555
2025,11,BLR,UKR,-3.427224579585128,11,-0.054545454545454564
2025,11,USA,PAK,-0.9799194395685213,20,-0.13500000000000023
2025,11,KEN,BEN,-1.91657271702368,3,3.0
2025,11,NGA,DEU,2.2591736818808905,3,1.0
2025,11,ARG,URY,-1.06100795755968,2,0.0
2025,11,VNM,AFG,-2.32558139534884,1,2.8
2025,11,GRC,AUS,1.34770889487871,1,0.0
2025,11,TZA,AFR,4.96688741721854,2,2.8
2025,11,RUS,CHN,-1.8100781132355215,79,2.645569620253165
2025,11,SAU,SAU,3.171197538476,81,1.464197530864197
2025,11,USA,SAU,1.8343283582282726,111,3.299099099099099
2025,11,EGY,AZE,-2.81456953642384,2,-5.0
2025,11,COK,SEA,2.80373831775701,2,1.9
2025,11,TUR,SDN,-5.6994016448511635,14,-1.142857142857143
2025,11,ITA,AFR,0.20878964823029594,5,2.5
2025,11,ZWE,NGA,-0.28063610851263,2,2.8
2025,11,IRQ,LBY,-2.3728813559322,5,-4.8
2025,11,AUS,FRA,0.639753814242601,18,-0.6166666666666667
2025,11,DNK,NLD,-1.826075411577275,4,1.4
2025,11,CHE,ARG,-4.91803278688525,2,1.9
2025,11,IRN,RUS,-1.7934886862858757,14,3.314285714285715
2025,11,AFR,MDV,-8.713872696142378,6,-5.0
2025,11,AFG,COD,1.61290322580645,3,3.4
2025,11,NIC,CUB,-3.6734693877551,4,2.3499999999999996
2025,11,WST,FRA,-4.11421553576911,4,-1.0
2025,11,MNG,SOM,-1.71489817792069,2,0.0
2025,11,FRA,NER,-4.51792024230187,2,3.4
2025,11,TMP,IDN,2.72727272727273,1,3.0
2025,11,DEU,YEM,6.66666666666667,1,3.4
2025,11,KEN,EUR,1.73267326732673,1,1.9
2025,11,POL,LBN,4.09356725146199,6,2.6333333333333333
2025,11,ZAF,AFR,-3.0502330267530198,91,-0.21208791208791208
2025,11,KNA,GBR,4.19753086419754,1,0.0
2025,11,ITA,TUR,-0.24813512952446892,8,-0.03749999999999999
2025,11,MDV,JOR,-1.61290322580645,1,-4.4
2025,11,PAK,GTM,4.46601941747573,3,1.2666666666666666
2025,11,KGZ,KAZ,2.628278741410372,5,3.42
2025,11,EUR,NMR,1.3941298063002798,4,0.4250000000000007
2025,11,JOR,COD,0.761421319796958,1,2.8
2025,11,MDG,STP,3.3162076957125954,8,-6.5
2025,11,NOR,FIN,1.4754006812978167,3,3.2666666666666666
2025,11,USA,KIR,-0.30257186081694,2,-2.0
2025,11,GHA,NER,5.88928150765607,1,1.9
2025,11,USA,VNM,-1.3813421478534074,54,1.8481481481481477
2025,11,TUR,PSE,-1.3030598437571672,18,0.7333333333333333
2025,11,CHN,KHM,-2.9681259231883175,26,-1.603846153846154
2025,11,SGP,SAS,3.28767123287672,1,7.0
2025,11,QAT,QAT,3.5620332598242705,9,0.14444444444444438
2025,11,ESP,HND,0.7551773267563942,5,2.68
2025,11,FRA,GHA,3.356946323346516,12,2.933333333333333
2025,11,JOR,ARE,4.709302325581397,3,4.0
2025,11,ARE,FRA,-2.5738375546045433,3,2.1999999999999997
2025,11,MAR,BHR,-0.80515297906603,6,5.75
2025,11,LTU,WST,-0.9830683061868304,4,1.0
2025,11,DEU,VNM,4.06937958639093,1,-2.0
2025,11,PAK,PSE,-0.7739634574617456,15,2.5733333333333333
2025,11,PHL,AFR,-8.184981204650766,3,-0.40000000000000036
2025,11,KOR,JPN,-0.995812104701042,27,1.2407407407407405
2025,11,EST,LVA,1.5806383520238858,12,4.266666666666667
2025,11,FRA,CHE,0.0065231324102517085,3,3.2666666666666666
2025,11,AFR,ARE,0.9725413156638829,3,2.5999999999999996
2025,11,PSE,LBN,9.5435684647303,1,2.8
2025,11,MAR,GTM,1.34529147982063,1,-2.0
2025,11,MNG,KAZ,-3.48258706467662,2,2.8
2025,11,GRC,FRA,-0.050865199184169985,11,4.072727272727272
2025,11,MDV,GBR,-2.1498754105787725,4,1.6749999999999998
2025,11,IRL,CAN,1.46700882330713,7,4.114285714285714
2025,11,UKR,AUT,-6.77966101694915,2,7.4
2025,11,AFR,ERI,2.17391304347826,1,7.0
2025,11,ITA,IND,-3.498251813977965,4,-10.0
2025,11,RUS,POL,-5.353846872750176,7,-3.4857142857142858
2025,11,MLT,MLT,-1.4044510839193483,10,1.99
2025,11,LBN,RUS,-5.0761421319797,1,7.4
2025,11,THA,LAO,-5.35123042505593,4,4.0
2025,11,SYR,JOR,-3.0742414718050837,6,-0.8833333333333329
2025,11,LBY,GRC,-4.77815699658703,3,1.9
2025,11,BEL,GBR,0.8122684106558221,5,2.0
2025,11,EUR,EST,2.82776349614396,2,5.0
2025,11,VEN,LBY,-5.04854368932039,2,8.3
2025,11,PLW,NZL,-1.2531328320802,1,3.0
2025,11,EGY,RUS,0.6675852552985856,7,5.4
2025,11,HUN,RUS,-2.9077705398517537,83,1.069879518072289
2025,11,KOR,MYS,0.0,2,5.2
2025,11,BGD,LUX,6.68693009118541,4,3.4
2025,11,USA,ZAF,-0.9561329891457491,17,-0.4294117647058826
2025,11,ARM,TUR,0.43714661611881855,26,2.696153846153846
2025,11,THA,BRA,-1.6,3,7.4
2025,11,TCD,TUR,0.48780487804878,6,1.6666666666666663
2025,11,CHL,ARG,-6.357144266240555,2,4.65
2025,11,TCD,AUT,4.84496124031008,2,2.8
2025,11,COL,ESP,-3.2061719356143,4,-1.5499999999999998
2025,11,DNK,ISL,-3.292587659399884,5,-2.8000000000000003
2025,11,VEN,ARM,2.4896265560166,6,2.3499999999999996
2025,11,BLZ,AUS,5.58139534883721,1,3.4
2025,11,CHN,SRB,-4.755368512084927,5,3.4
2025,11,OMN,COK,3.73514431239389,4,-2.0
2025,11,AUS,EGY,1.43027413587604,3,0.1666666666666663
2025,11,CHL,ETH,3.41463414634146,3,3.4
2025,11,JPN,IDN,0.9279784171561667,20,2.9050000000000002
2025,11,NLD,WST,-1.18203309692671,1,1.0
2025,11,RUS,LVA,-4.401798071089448,6,-0.9499999999999998
2025,11,CRI,USA,-7.14285714285714,1,1.9
2025,11,CHN,BLR,1.9047619047619,1,1.0
2025,11,TUR,TGO,-2.94117647058824,1,8.3
2025,11,PER,ESP,-1.541153167437444,3,-0.8666666666666663
2025,11,AFR,ZAF,-3.1720770317917633,78,0.7935897435897434
2025,11,USA,TZA,-10.586392930709343,7,-3.1428571428571432
2025,11,POL,CZE,-1.2486170380907273,3,5.966666666666667
2025,11,SVK,USA,-1.3555170678871356,7,1.0714285714285716
2025,11,FRA,NGA,5.200648919010637,3,3.2666666666666666
2025,11,BRB,CAN,-2.46478873239437,1,1.0
2025,11,UKR,LBN,1.4684287812041132,3,4.733333333333333
2025,11,EUR,NZL,2.809688567989813,12,3.5
2025,11,DEU,NOR,-4.97470489038786,1,-6.5
2025,11,FRA,ARM,-2.308172755749563,7,2.414285714285714
2025,11,EUR,DZA,0.86633663366337,1,1.9
2025,11,PRY,ITA,0.597014925373138,3,1.9
2025,11,AFR,EGY,5.80110497237569,2,7.0
2025,11,CUB,GHA,1.53340635268347,3,1.9
2025,11,CHE,MDV,-9.84126984126981,1,-5.0
2025,11,AFR,SEN,-0.6786216596343202,2,2.7
2025,11,RUS,IRL,-1.0,1,1.0
2025,11,DEU,RUS,-3.3419939180749965,101,-0.300990099009901
2025,11,SAU,IDN,3.2585976084524706,19,2.0421052631578944
2025,11,ITA,BFA,0.88652482269504,6,4.0
2025,11,NPL,KEN,6.455992509363297,3,3.4
2025,11,TJK,PAK,4.626091244183586,22,3.0
2025,11,ALB,FRA,-2.16262975778547,2,2.95
2025,11,AZE,ASA,4.421812900263563,6,2.6
2025,11,WSM,NZL,-1.28205128205128,1,1.9
2025,11,BRA,URY,0.93530787217459,6,-0.6666666666666665
2025,11,UZB,IND,0.0,1,8.0
2025,11,IRN,BHR,-9.34065934065939,1,0.0
2025,11,IRN,AFG,-5.278247656495649,28,-1.5857142857142854
2025,11,ISL,CAN,0.0,1,4.0
2025,11,SVK,CZE,5.231201135747552,4,6.45
2025,11,BLR,FRA,3.24324324324325,1,1.0
2025,11,SLE,CYP,2.2140221402214,1,-2.0
2025,11,SEA,THA,-1.8783527641062596,2,4.5
2025,11,SYR,DNK,-3.11973018549747,4,2.8
2025,11,COL,SWE,2.658288134608692,28,3.6714285714285713
2025,11,TUR,IRQ,-2.548909272431665,6,1.0833333333333335
2025,11,LAO,KAZ,-3.48258706467662,3,2.8
2025,11,GBR,LKA,-0.23448654066167007,3,3.066666666666667
2025,11,IRN,AUT,-2.21606648199446,2,0.0
2025,11,NER,USA,-0.6035384664702467,3,2.466666666666667
2025,11,JPN,RWA,9.85915492957746,2,1.9
2025,11,ITA,MDA,0.3623611922852177,5,2.4800000000000004
2025,11,PNG,FRA,0.76335877862595,1,-10.0
2025,11,AUS,PHL,5.595862594128105,6,4.050000000000001
2025,11,NGA,GNQ,2.92056473349847,1,0.0
2025,11,ZAF,GRC,2.26867637653089,5,-2.64
2025,11,SLV,PHL,1.10192837465564,1,2.8
2025,11,GBR,SAU,2.1147587335390767,3,4.2
2025,11,BEL,ESP,-1.37500108886595,6,1.75
2025,11,KOR,PRK,-3.0637849629248106,34,0.7676470588235293
2025,11,DEU,DZA,0.799440251078169,21,2.6285714285714286
2025,11,EUR,ARM,-0.1613891687058988,9,3.6666666666666665
2025,11,BEN,AFR,0.476839237057221,1,3.4
2025,11,IDN,IND,-3.9223743042248382,5,2.16
2025,11,RWA,BDI,-8.3798882681564,2,-10.0
2025,11,EUR,NAM,1.5625,1,3.4
2025,11,VNM,SWE,2.5,2,1.0
2025,11,FRA,MYS,-2.60444926749864,1,1.9
2025,11,ECU,PRY,0.70257611241218,1,-5.0
2025,11,UKR,RUS,-4.8818923459342445,963,-3.4463136033229507
2025,11,USA,NLD,-0.028734981940222837,15,-2.220446049250313e-16
2025,11,POL,UKR,-2.8820788467845886,79,3.1531645569620252
2025,11,FRA,RUS,-0.5462664609139176,65,0.7307692307692306
2025,11,KOR,THA,0.0,3,5.2
2025,11,CHN,AUS,-0.3935536083547544,18,1.6388888888888893
2025,11,QAT,USA,-1.7604170582702017,12,2.4
2025,11,OMN,NZL,6.147947476721295,2,7.0
2025,11,AZE,ARM,0.5142116165372741,55,3.201818181818182
2025,11,ARG,ECU,1.6285816933594355,26,2.6615384615384627
2025,11,MNG,BEL,0.24834437086093,2,3.0
2025,11,SAU,NOR,-1.98019801980198,2,2.8
2025,11,FRA,COD,0.035405804995724655,4,2.0
2025,11,WST,HUN,-2.66120777891505,1,1.9
2025,11,QAT,IND,1.71919770773639,3,2.8
2025,11,DNK,WST,-3.09734513274336,2,0.0
2025,11,LBN,LBN,-3.151799851091757,42,0.3023809523809523
2025,11,AFR,ETH,-0.7170393156904733,6,2.8166666666666664
2025,11,CHN,BHS,-0.56179775280899,3,3.8333333333333335
2025,11,EUR,SYR,-0.47619047619048,1,4.0
2025,11,DEU,UZB,2.42718446601942,1,3.0
2025,11,THA,DNK,6.69975186104219,2,2.8
2025,11,CAN,DNK,0.0,5,2.7
2025,11,LBN,POL,4.09356725146199,4,1.0
2025,11,LBY,LBY,-4.248328683073943,5,2.1
2025,11,MLI,MLI,-3.704981661283364,12,3.5999999999999996
2025,11,BEN,GBR,-1.2807881773399,1,-10.0
2025,11,PRY,CHL,2.31660231660232,1,5.0
2025,11,ECU,PER,-6.81198910081744,2,1.9
2025,11,AFR,COD,-2.14007782101167,3,3.8666666666666667
2025,11,TUR,BGR,-1.6199716112793934,9,1.5666666666666664
2025,11,NER,NGA,-2.128925534898568,12,3.1166666666666667
2025,11,NLD,BEL,3.77207062600321,2,8.0
2025,11,NOR,JPN,-3.83838383838384,2,3.4
2025,11,LVA,TUR,0.67567567567568,3,4.5
2025,11,SVK,UKR,-2.6585590159636974,18,-0.5666666666666667
2025,11,NMR,JPN,2.90275761973875,2,6.4
2025,11,ISR,CAN,-1.8497864997013174,4,2.45
2025,11,KAZ,LAO,-3.48258706467662,3,1.9
2025,11,NZL,IRL,0.6799552428026625,4,2.8
2025,11,MDV,ISR,-0.7395273824822366,6,4.666666666666667
2025,11,ARM,BGR,-3.31884630580798,6,2.3499999999999996
2025,11,GBR,ZWE,1.49253731343283,2,4.0
2025,11,ISR,ARM,1.93798449612403,3,-4.0
2025,11,NZL,CAN,0.38515735086895,1,3.4
2025,11,KOR,AUT,-0.749063670411981,1,8.0
2025,11,RUS,BRA,-0.41067761806981,3,3.1333333333333333
2025,11,CAN,ESP,-0.3977447354197352,4,2.3499999999999996
2025,11,FRA,NLD,1.63259662006308,2,1.45
2025,11,PSE,GRC,-0.65502183406114,2,2.8
2025,11,IRN,JOR,-4.41176470588235,1,0.0
2025,11,NLD,PHL,-10.1960784313726,2,-4.5
2025,11,BGD,THA,0.48076923076923,1,7.0
2025,11,EGY,ESP,1.43769968051118,2,2.3499999999999996
2025,11,CZE,LVA,-4.50450450450451,2,8.0
2025,11,UZB,ISR,1.05960264900662,3,6.0
2025,11,DZA,UKR,-12.020222994060166,3,-9.333333333333334
2025,11,TUN,GBR,-2.16413527650073,4,0.95
2025,11,CYP,TUR,2.088155189603659,33,2.2393939393939397
2025,11,RUS,KAZ,-0.39000526352088527,28,1.6428571428571428
2025,11,CHN,IRN,-1.978868987963329,20,-0.5100000000000002
2025,11,NGA,ZAF,-1.50107219442459,1,2.8
2025,11,ARM,HUN,3.72670807453416,2,-10.0
2025,11,RUS,IDN,2.20037453183521,2,0.0
2025,11,MAR,IRL,0.0,1,3.0
2025,11,SWE,VNM,2.5,2,1.0
2025,11,JPN,MYS,-1.091894651618766,9,2.533333333333333
2025,11,KWT,KWT,4.8102236996608205,6,2.6999999999999997
2025,11,PRT,LUX,0.68493150684932,2,2.8
2025,11,RUS,SRB,-2.557106186100454,16,0.32499999999999984
2025,11,CHN,PSE,0.9203922915828802,9,3.6666666666666674
2025,11,VEN,EUR,0.03862853257931009,3,-0.20000000000000018
2025,11,BRB,ARE,5.88928150765607,3,8.0
2025,11,EST,FRA,0.0,2,8.0
2025,11,EUR,MAR,2.26628895184137,1,0.0
2025,11,MEX,TWN,0.72463768115942,2,-2.0
2025,11,GBR,FIN,-3.78787878787879,1,1.0
2025,11,CZE,DEU,0.822146018046401,10,2.53
2025,11,IDN,PSE,1.6141753659586917,23,2.878260869565217
2025,11,VEN,BRA,-3.5227380766930128,4,-8.25
2025,11,MYS,AUS,-0.5251755172320272,7,4.071428571428571
2025,11,GRC,ITA,0.4436827353434729,7,1.028571428571428
2025,11,MMR,COD,1.61290322580645,4,3.45
2025,11,EST,ISR,-4.94117647058824,5,6.5200000000000005
2025,11,VNM,KOR,4.230185186158093,4,3.95
2025,11,USA,SOM,-3.60824742268041,3,0.6333333333333333
2025,11,CHE,TUR,-4.65971796443899,1,1.9
2025,11,DNK,GBR,-2.5103572205147024,4,1.5
2025,11,FRA,USA,-2.3050094428781174,129,0.9999999999999999
2025,11,TUR,IRN,-2.302735465036881,20,0.0
2025,11,KAZ,ISR,3.31818995395154,5,4.68
2025,11,USA,YEM,-5.766043849160895,4,0.5
2025,11,GHA,GHA,1.1037910203027383,59,1.340677966101695
2025,11,BFA,FRA,-5.48446069469836,2,-0.7999999999999999
2025,11,ESP,IRQ,-8.09716599190283,1,7.0
2025,11,USA,SAS,-7.91738382099828,2,3.4
2025,11,BGD,PER,-4.28571428571428,1,-9.5
2025,11,THA,SDN,-8.13253012048194,1,-2.0
2025,11,RUS,PRK,0.8793971475038194,45,2.9244444444444446
2025,11,EUR,EUR,-1.8351495585893827,87,0.26206896551724135
2025,11,JPN,JPN,-1.6110653369512953,147,0.9333333333333333
2025,11,KOR,KHM,0.0,3,5.2
2025,11,AUS,CHL,-2.57611241217799,1,1.0
2025,11,BRA,BOL,-1.39318885448916,1,7.0
2025,11,QAT,IDN,-0.35860655737705,3,1.0
2025,11,USA,GHA,-1.2405993759573055,7,-1.7428571428571424
2025,11,TKM,IRQ,0.43165467625899,3,3.4
2025,11,AUS,PSE,-7.54716981132075,1,-10.0
2025,11,SLE,CHN,7.31132075471698,3,1.5999999999999999
2025,11,GHA,COL,1.53340635268347,3,2.8
2025,11,BRA,NOR,2.07100591715977,1,5.2
2025,11,HTI,AFR,-7.49756572541385,1,0.0
2025,11,HUN,AUS,-3.77668308702791,1,3.4
2025,11,ESP,ESP,-0.3603999651970201,68,1.3705882352941177
2025,11,HUN,BEL,2.386960130490227,5,-2.0
2025,11,VNM,KHM,-1.6565133019048408,12,3.7
2025,11,GBR,AUS,1.5007196640001847,26,2.319230769230769
2025,11,SDN,DOM,-8.98876404494382,1,-2.0
2025,11,SRB,HRV,-3.6750735462518827,4,-0.5
2025,11,PSE,BEL,-2.8681506849315053,2,1.9
2025,11,ESP,GBR,-1.2100264690549023,13,1.4076923076923078
2025,11,NLD,RUS,-1.86915887850467,1,4.0
2025,11,COL,SAU,0.35149384885764,3,8.0
2025,11,COL,ISR,-5.555729801419455,8,6.4
2025,11,NGA,COG,1.167980665280843,3,0.3333333333333333
2025,11,NAM,MWI,-4.51792024230187,3,1.0
2025,11,NZL,FJI,1.00502512562814,1,1.9
2025,11,MEX,NOR,4.60405156537753,3,4.0
2025,11,CHN,ZWE,-7.31319554848966,2,3.2
2025,11,EUR,BRA,-4.043693307112921,15,5.206666666666667
2025,11,AFG,ISR,-3.00207039337474,1,-10.0
2025,11,LBN,SYR,-3.162793487330465,28,1.4714285714285713
2025,11,MMR,CHN,-3.316430309938713,7,1.7428571428571429
2025,11,KEN,AUS,1.43027413587604,2,2.8
2025,11,HTI,USA,-1.9313060346709232,3,-1.7000000000000002
2025,11,EUR,GNB,-2.7431421446384,1,7.0
2025,11,PRT,PRT,0.13570610106001202,5,1.88
2025,11,SYC,FRA,3.52941176470588,2,1.9
2025,11,NGA,ARE,-0.9691757230655504,5,-2.0
2025,11,AUS,ZAF,-1.8585363209367114,7,4.485714285714286
2025,11,SVK,CHN,-0.97402597402597,3,-2.0
2025,11,PHL,MYS,-5.4519368723099,3,2.8
2025,11,SWE,BEL,1.17096018735363,2,3.4
2025,11,MYS,IND,2.88858321870702,1,4.0
2025,11,TUR,MLI,4.38871473354232,1,1.9
2025,11,MCO,MAR,1.42348754448399,1,4.0
2025,11,THA,GBR,-4.16666666666667,4,1.9
2025,11,ESP,NLD,-2.05479452054794,1,1.0
2025,11,ITA,ITA,-1.0402879642376406,141,0.3943262411347518
2025,11,IDN,IDN,1.5380019547600534,106,1.2764150943396229
2025,11,USA,MCO,-4.282272587035491,9,-0.38888888888888884
2025,11,USA,BEL,-0.1983492563638526,18,0.7444444444444445
2025,11,IND,MMR,-8.15047021943569,1,5.0
2025,11,ESP,RUS,1.4285714285714268,6,7.6000000000000005
2025,11,LKA,GBR,3.7195115107025405,4,-0.7749999999999999
2025,11,GRC,PSE,-1.5551894884591402,4,-1.0500000000000003
2025,11,ZAF,SGP,-2.58397932816538,1,2.8
2025,11,CHN,CHN,-1.6888198781472883,317,0.1911671924290219
2025,11,CAN,BRA,-2.3965306419599766,11,4.990909090909091
2025,11,PAK,QAT,-2.756994689357846,14,1.5571428571428574
2025,11,SYR,EGY,7.28476821192053,1,1.0
2025,11,YEM,GBR,-1.4704558833059798,12,0.05833333333333324
2025,11,CAN,AUS,1.0680421089863992,48,2.177083333333333
2025,11,DEU,TUR,-2.6653677918983334,11,0.9454545454545451
2025,11,USA,JAM,-2.0090544489337847,20,2.685
2025,11,EUR,IRL,-0.06077963323853999,13,-1.2692307692307692
2025,11,GBR,NZL,-1.5594250037084336,6,2.95
2025,11,RWA,CHN,1.6861551851103984,5,6.720000000000001
2025,11,NGA,MAR,0.0,3,3.4
2025,11,CAN,ISL,0.0,1,4.0
2025,11,SGP,CHN,-1.0646366161479293,3,5.4
2025,11,GMB,EUR,7.8125,2,5.4
2025,11,BRB,GRD,5.88928150765607,3,3.5
2025,11,HRV,EUR,2.554236554854727,3,-2.1333333333333337
2025,11,NZL,TUR,-6.318838340928398,5,3.5399999999999996
2025,11,RUS,MMR,-1.86666666666667,1,2.8
2025,11,UGA,EAF,3.85964912280702,1,0.0
2025,11,IRN,PSE,-3.0021501286528265,6,-5.233333333333334
2025,11,AFR,GBR,-0.7018458621754149,19,2.1684210526315786
2025,11,HRV,DEU,-0.765152985706516,5,2.0
2025,11,SVK,GRC,2.17085064114141,2,4.0
2025,11,NLD,ISR,-1.3264652503469634,6,3.2
2025,11,ARM,EUR,-1.909713730990759,12,4.533333333333333
2025,11,NLD,NGA,-1.2807881773399,3,1.9
2025,11,DZA,LBY,0.21726906914634392,9,2.011111111111111
2025,11,MEX,CHN,-1.4830746369928298,6,-0.2999999999999998
2025,11,DNK,ARM,-0.7636656511832777,7,2.7142857142857144
2025,11,LBN,HUN,0.0,13,3.0538461538461537
2025,11,IRN,CHE,-9.34065934065939,1,0.0
2025,11,CHN,KAZ,-0.79741217181976,6,-1.5
2025,11,BGD,BGD,-3.2053286873153617,43,-1.0581395348837206
2025,11,NAM,JPN,5.43735224586289,2,2.8
2025,11,DNK,USA,-0.05403506198564839,13,-0.15384615384615374
2025,11,JPN,CAN,-1.3697628165398315,6,4.4
2025,11,SEA,KHM,0.4550441655942927,7,1.4142857142857141
2025,11,ISR,JOR,-0.14720449265812308,11,3.1090909090909093
2025,11,AFR,KEN,-2.192746237498165,8,3.2624999999999997
2025,11,BGR,BGR,-1.5331354605343526,27,-0.0185185185185186
2025,11,MDV,IRL,-8.656252208948889,4,-4.0
2025,11,FIN,UKR,-6.526956283613531,26,0.7846153846153845
2025,11,ZAF,FIN,-1.18203309692671,1,2.8
2025,11,GBR,VNM,3.09423347398031,6,3.433333333333333
2025,11,AFR,DEU,4.0042463749159705,2,6.7
2025,11,RUS,SYR,-2.2147999714242856,5,-2.960000000000001
2025,11,OMN,RUS,1.181175595238095,4,-2.75
2025,11,AFR,CAN,3.85185185185185,1,1.9
2025,11,ISL,DNK,-3.86100386100386,4,-3.5
2025,11,ECU,GTM,2.4258656050186933,6,5.333333333333333
2025,11,DJI,ISR,-2.05784204671857,2,1.0
2025,11,DEU,IRQ,-10.1156069364162,1,-2.0
2025,11,GRC,SWE,-4.59183673469388,1,-4.0
2025,11,ESP,EGY,1.43769968051118,2,2.3499999999999996
2025,11,JOR,JOR,3.1344380385013517,44,3.3636363636363633
2025,11,SYR,LBN,-1.2181585028974125,17,4.058823529411765
2025,11,PSE,ZAF,-1.72748451133605,7,3.1999999999999997
2025,11,MAR,AFR,2.7380135592431953,2,2.9
2025,11,TUR,HRV,-5.389372394713317,21,-1.228571428571429
2025,11,HRV,TUR,-5.549093346675064,15,1.0399999999999998
2025,11,VAT,USA,0.5804959083538721,5,1.7199999999999998
2025,11,ISR,CHN,2.53521126760563,2,8.0
2025,11,CHN,NZL,2.7598458874094653,6,6.3
2025,11,HUN,IRL,-6.4516129032258,2,2.8
2025,11,NER,GHA,5.88928150765607,1,2.8
2025,11,IDN,MEX,-4.25,2,4.0
2025,11,FRA,PRT,4.31778929188255,1,4.0
2025,11,ARM,TKM,1.28205128205128,1,1.9
2025,11,DEU,NMR,-0.15772870662461,1,1.9
2025,11,EST,UKR,-1.0223831636919714,14,3.5428571428571427
2025,11,PHL,CHN,-0.47128584762820264,18,2.966666666666667
2025,11,CHN,CHL,3.41463414634146,1,1.9
2025,11,EUR,KOR,2.1428571428571397,3,6.0
2025,11,AFR,BWA,3.0759609371241634,3,3.3
2025,11,DZA,SEN,5.08474576271187,1,8.0
2025,11,IRQ,FRA,-3.4155274767169646,4,-10.0
2025,11,ESP,BEL,-1.4143995067391888,9,2.3777777777777773
2025,11,CYM,BGD,5.0464496909979,2,7.0
2025,11,AZE,HRV,-1.3120407857249898,3,1.0
2025,11,EUR,ALB,2.5637756908738103,3,2.8
2025,11,NPL,AGO,2.4896265560166,6,2.3499999999999996
2025,11,BHS,SUR,7.53012048192771,1,1.9
2025,11,PAN,GTM,0.8406203678833268,3,-0.7333333333333334
2025,11,PRT,ISR,-4.515470953174393,7,-4.142857142857143
2025,11,SGP,SAU,3.18331503841932,1,2.8
2025,11,USA,ALB,-7.8125,1,-10.0
2025,11,CAN,GBR,-1.3204702691432295,64,2.778125
2025,11,CUB,DOM,-4.958847736625527,5,-8.32
2025,11,UKR,USA,-3.8185967593947705,116,1.3474137931034482
2025,11,PHL,LKA,4.0506329113924,2,6.5
2025,11,ESP,IRN,0.45662100456621,1,0.0
2025,11,EST,BLR,-0.7024396929824577,8,-1.6
2025,11,ARE,EUR,9.986637141368389,4,-2.375
2025,11,VUT,VUT,4.923878205128205,4,1.7
2025,11,IDN,AFR,1.08108108108108,2,4.0
2025,11,TZA,MOZ,-0.61475409836065,1,-2.0
2025,11,MLI,NGA,-1.7270900509369636,3,-1.8000000000000005
2025,11,HUN,LBN,0.7414805270936373,18,3.938888888888889
2025,11,ZMB,AFR,3.50194552529183,2,1.9
2025,11,GBR,SYR,-1.8973497349201995,24,3.279166666666667
2025,11,NOR,NOR,-2.5282968676383577,15,1.1733333333333331
2025,11,BLZ,TWN,0.0,1,1.9
2025,11,MAR,FRA,-1.10429447852761,1,5.2
2025,11,CHL,CUB,-2.80146163215591,1,2.8
2025,11,UKR,VAT,-0.52631578947369,4,0.95
2025,11,SYR,CIV,-14.3212199127672,4,2.8
2025,11,GTM,CHN,0.0,2,3.5
2025,11,GIN,AFR,4.622274091191562,4,0.7500000000000002
2025,11,POL,ETH,1.98412698412699,3,1.9
2025,11,YEM,GRC,0.0,3,5.0
2025,11,USA,LBY,-4.24862313139261,2,3.0
2025,11,ISL,SWE,-3.00913487372381,3,7.0
2025,11,POL,TWN,3.86847195357834,3,1.0
2025,11,VCT,GRD,-1.05263157894737,2,-5.0
2025,11,COL,COL,-3.182556774738533,33,-0.16060606060606042
2025,11,AUS,TUR,-0.37172674334541794,39,1.0512820512820513
2025,11,GRC,MKD,-1.0020893118750265,3,5.666666666666667
2025,11,MDV,SAS,6.517857142857145,2,-5.0
2025,11,SAU,JOR,2.4987261700764902,15,2.0199999999999996
2025,11,TWN,KNA,5.78380286076107,4,3.8499999999999996
2025,11,GTM,ECU,1.7369698099511015,16,4.9125
2025,11,AFR,UGA,6.26559681990504,2,2.65
2025,11,EUR,NOR,-0.8030396025972959,13,3.2846153846153854
2025,11,ARE,CHE,0.8921588506213275,4,3.85
2025,11,PAK,IRN,-3.949769159741467,6,-1.299999999999999
2025,11,PSE,ARG,-4.64285714285715,2,-4.0
2025,11,COK,FJI,1.32450331125827,7,3.014285714285714
2025,11,CZE,UKR,-6.46094503375121,1,1.9
2025,11,GBR,HUN,1.2,1,3.0
2025,11,AUS,ESP,-2.4,1,0.4
2025,11,EST,TKM,0.704225352112676,4,5.75
2025,11,RUS,DEU,-3.61422846236086,82,0.25609756097560965
2025,11,ZAF,ISR,-2.6291236452186615,9,-2.288888888888889
2025,11,SGP,MHL,-5.141644650435574,10,2.8
2025,11,SWE,PHL,1.98776758409785,2,-2.0
2025,11,DNK,FIN,-2.478068619800907,3,5.966666666666667
2025,11,IDN,THA,-2.70935960591133,3,1.2
2025,11,SSD,ETH,-1.85185185185186,2,5.2
2025,11,CAN,GRC,0.51440329218107,2,3.4
2025,11,EGY,ARE,-0.32975591368754387,17,3.770588235294118
2025,11,QAT,EGY,2.757441043516149,7,2.7142857142857144
2025,11,GHA,LBR,10.626742178043132,18,-0.3222222222222224
2025,11,KHM,AFR,-0.90361445783133,3,6.4
2025,11,ITA,MCO,6.66666666666667,7,2.242857142857143
2025,11,PHL,CAN,0.4013163413220653,11,0.7454545454545455
2025,11,AFG,MMR,1.61290322580645,2,3.5
2025,11,CAN,UKR,-2.409798535142225,16,4.5375000000000005
2025,11,BEL,POL,0.68027210884354,2,3.0
2025,11,SUR,DEU,4.37235543018336,2,8.0
2025,11,GBR,SGP,3.261400253881454,7,4.514285714285714
2025,11,KEN,UGA,-2.6575764879084143,16,-1.6875
2025,11,UKR,POL,-2.0438986210447103,47,1.1063829787234043
2025,11,USA,SYR,-1.400044699353375,75,2.4306666666666668
2025,11,CHN,IND,0.10099840461118492,4,2.7
2025,11,COD,COD,-0.962643152464234,5,-0.6599999999999997
2025,11,ITA,ZMB,0.42735042735043,2,2.8
2025,11,UKR,NOR,-2.85714285714286,1,0.4
2025,11,SAU,RUS,0.20916685538864344,3,-6.333333333333333
2025,11,JAM,HTI,1.93241224794623,2,7.4
2025,11,THA,NGA,2.162692847124826,5,0.23999999999999977
2025,11,ISR,CYP,0.07530492321367177,18,2.033333333333333
2025,11,BGR,MKD,-8.37209302325581,1,-6.5
2025,11,GBR,CIV,-6.45491803278688,2,-9.0
2025,11,MUS,SGP,2.4896265560166,6,2.3499999999999996
2025,11,BRB,CUB,-1.56494522691706,1,7.0
2025,11,MLI,GHA,5.88928150765607,1,2.8
2025,11,TUR,EGY,1.8122778326281122,23,3.1608695652173915
2025,11,CHN,ITA,2.021482065697541,21,2.9047619047619047
2025,11,ARG,CAN,1.78571428571428,1,3.0
2025,11,NMR,EUR,0.020267212443797034,4,3.875
2025,11,DEU,SRB,-2.8546448440614083,6,1.2833333333333332
2025,11,NZL,GBR,-0.32698012126561515,11,-0.7545454545454546
2025,11,SEN,AGO,0.12004801920769,2,3.0
2025,11,IDN,MDV,7.10280373831775,1,3.0
2025,11,FRA,ARE,-2.5738375546045433,3,1.5999999999999999
2025,11,DEU,SWE,-1.5013582455442833,3,-4.800000000000001
2025,11,ESP,WAF,4.5,2,3.4
2025,11,MAR,ISL,-3.83693045563549,2,2.8
2025,11,EUR,IRQ,0.0,1,0.0
2025,11,YEM,KEN,1.5816558015139501,3,0.0
2025,11,SVK,NLD,9.30232558139535,2,8.0
2025,11,CHN,UZB,2.42424242424242,2,1.0
2025,11,CHE,VNM,3.56164383561643,4,3.7
2025,11,HUN,EUR,-2.588714631166534,45,-1.0000000000000002
2025,11,CZE,GBR,1.96399345335515,2,2.8
2025,11,PSE,GBR,-2.1566250694563527,16,0.7249999999999999
2025,11,KAZ,TUR,-1.53846153846154,4,2.3499999999999996
2025,11,IND,PAK,-6.008147644443142,15,-0.12666666666666682
2025,11,SEN,MKD,2.20888367357833,2,2.8
2025,11,USA,AND,-2.04081632653061,1,-2.0
2025,11,MEX,BHS,4.01146131805157,3,1.9
2025,11,EUR,COL,-3.2490787493853412,7,4.0
2025,11,DEU,PSE,-7.572683435463235,4,-3.5
2025,11,MEX,AUS,-4.705400981996709,4,-1.5999999999999999
2025,11,CHN,ECU,-2.3756495916852263,3,-1.0
2025,11,MRT,EGY,4.41176470588235,2,1.0
2025,11,EST,PSE,-4.94117647058824,11,6.2
2025,11,GHA,MLI,5.88928150765607,1,1.9
2025,11,PRT,ESP,-2.0990703225734255,7,4.571428571428571
2025,11,JPN,PRK,-1.3410494680215175,19,2.410526315789474
2025,11,CAN,NMR,1.2987012987013,1,4.0
2025,11,SDN,TCD,-7.5753050770356625,7,1.814285714285714
2025,11,KAZ,KGZ,1.6338949170257635,9,3.433333333333333
2025,11,USA,ITA,0.3203741791181564,92,1.5347826086956522
2025,11,HUN,BGR,0.2274772747727475,4,0.475
2025,11,ARG,THA,-1.6,4,7.4
2025,11,DEU,THA,-0.319191118160185,2,-10.0
2025,11,AUS,IRL,0.6006009099356899,28,0.2357142857142857
2025,11,ZWE,AFR,-4.469312727798526,8,-2.15
2025,11,YEM,RUS,-1.95026816187226,3,-2.0
2025,11,GBR,ESP,0.579083837510805,8,1.6875
2025,11,COG,CAF,-4.31266846361186,1,7.4
2025,11,SDN,QAT,-4.196822704940519,5,1.56
2025,11,CHE,JOR,-1.7559857228460545,2,2.0
2025,11,FIN,MDV,7.03703703703704,1,3.0
2025,11,PSE,PHL,2.35602094240838,1,3.4
2025,11,ITA,SRB,0.82644628099174,1,3.0
2025,11,AZE,UKR,-4.810148067849732,65,-2.2769230769230764
2025,11,NGA,ETH,0.32176685044810327,3,1.9
2025,11,ISR,UKR,-3.123996135877233,7,2.8
2025,11,AFR,RWA,-0.31055900621118,1,7.4
2025,11,FRA,VEN,1.184014714986432,10,1.7200000000000002
2025,11,IRQ,SYR,-3.3040706939012003,5,-3.2
2025,11,EGY,VEN,6.71936758893281,2,3.0
2025,11,USA,CRI,-7.14285714285714,1,2.8
2025,11,EST,DEU,0.22421524663677,1,0.0
2025,11,DEU,SUR,4.37235543018336,2,8.0
2025,11,ESP,QAT,-4.09090909090909,2,-5.0
2025,11,ARM,SYR,-1.85909980430528,1,3.4
2025,11,GUY,VEN,-2.85132382892057,2,0.0
2025,11,BLR,USA,-1.7678271491830766,3,2.2666666666666666
2025,11,TUR,SAU,1.385709774463495,6,4.6
2025,11,LUX,PRT,0.68493150684932,1,1.9
2025,11,QAT,TUR,-0.8849147813423764,17,3.9117647058823533
2025,11,RUS,MLI,-1.0668913773335227,7,3.7
2025,11,GBR,BEL,5.0761421319797,1,7.0
2025,11,WST,DEU,1.9114015976761,2,5.4
2025,11,JPN,MDV,-4.40251572327044,1,-2.0
2025,11,LAO,PRK,3.3112582781457,1,7.0
2025,11,RUS,EGY,-2.2677593718371862,6,1.9333333333333333
2025,11,CYP,DEU,0.6538693617831581,34,3.373529411764706
2025,11,NZL,AUS,2.3940540671987827,38,1.8842105263157893
2025,11,BRA,IDN,2.5446198220783236,5,2.0
2025,11,LAO,KHM,-5.35123042505593,4,4.0
2025,11,GTM,ARG,2.85229397244392,4,7.2
2025,11,PRY,USA,0.15751383567475008,2,6.0
2025,11,BGR,GBR,-3.270916674985133,4,-6.15
2025,11,AFR,SOM,-0.25423728813559,3,1.2666666666666666
2025,11,HND,SLV,-8.31600831600831,1,-2.0
2025,11,SWE,CHN,2.51277683134582,3,0.0
2025,11,NZL,IND,-0.929368029739781,2,-4.0
2025,11,COD,AFR,2.41610738255033,1,6.4
2025,11,SLE,UKR,-5.91133004926108,2,0.0
2025,11,RUS,PSE,-3.228580889646931,27,1.8851851851851853
2025,11,CAN,GHA,8.647602721936524,9,1.4666666666666668
2025,11,USA,IRL,-0.7509784222492408,29,1.7137931034482756
2025,11,GRD,IRL,-8.201042658354192,6,-4.833333333333333
2025,11,CAN,NLD,2.64026402640264,1,7.0
2025,11,BMU,USA,2.138368581074844,3,3.1999999999999997
2025,11,WST,UKR,1.8722811658783318,20,2.9899999999999998
2025,11,ISR,YEM,-4.847440158842363,4,-7.525
2025,11,CHN,MYS,0.8162860420313658,18,2.2
2025,11,ARM,AZE,0.32966493543026854,54,2.5759259259259264
2025,11,MLI,BLR,1.5042735042735034,6,3.6000000000000005
2025,11,CHN,CZE,3.2069970845481,2,3.4
2025,11,PHL,AUS,2.91479820627803,2,2.8
2025,11,KEN,IND,-0.929368029739781,3,-2.0
2025,11,CHN,PRT,6.64206642066421,1,1.9
2025,11,UKR,ZAF,-6.45994832041344,1,-4.4
2025,11,SWE,RUS,-2.824595771288809,8,-1.0124999999999997
2025,11,RUS,OMN,1.969125852223398,6,3.5
2025,11,SYR,ISR,-2.3908075368554416,48,-2.225
2025,11,GIN,GNB,-1.25,1,7.0
2025,11,CHN,ARG,1.166010234966518,5,6.260000000000001
2025,11,TUR,CHN,-5.447023284576294,6,2.6333333333333337
2025,11,VAT,LKA,3.5349594572441023,11,3.609090909090909
2025,11,CHN,NPL,-2.0306821740969436,10,-1.94
2025,11,BLR,BEL,-1.50375939849624,2,4.0
2025,11,RUS,KEN,-6.428860779759387,12,7.0
2025,11,MYS,JOR,-2.63157894736842,1,-2.0
2025,11,BWA,AGO,2.591365030025661,11,2.063636363636364
2025,11,KOR,AUS,4.35857186887096,7,1.5
2025,11,ISR,ESP,-3.757376971040267,4,7.0
2025,11,CAN,PAK,6.722435350951974,4,0.75
2025,11,ESP,ARE,-0.44247787610619,1,1.9
2025,11,THA,AUS,0.13227513227513,2,1.0
2025,11,ARG,AFR,-0.49941073440074,2,-1.1
2025,11,WST,CYP,3.27380952380952,2,-2.0
2025,11,JOR,IRL,-0.27932960893854,2,2.3499999999999996
2025,11,VEN,NMR,-5.04854368932039,2,0.0
2025,11,ITA,VEN,-2.43506493506493,2,3.0
2025,11,SOM,YEM,-7.56134201301953,4,-9.0
2025,11,ETH,ARE,5.569546536211804,5,0.09999999999999964
2025,11,SOM,SOM,0.40297663427219965,9,1.4777777777777779
2025,11,AUS,UKR,5.48780487804878,2,-2.0
2025,11,SVK,BEL,1.7847578777811295,3,6.0
2025,11,TKM,ARM,1.28205128205128,1,2.8
2025,11,ETH,IDN,-6.9377990430622,4,-10.0
2025,11,NGA,VEN,-6.935113729759725,4,-3.4999999999999996
2025,11,MLT,NLD,7.57575757575757,1,-5.0
2025,11,DOM,HTI,-0.39969834087481193,5,-3.74
2025,11,NMR,USA,0.6689517172714916,36,2.3916666666666666
2025,11,BGD,BEL,6.68693009118541,2,1.9
2025,11,ERI,ETH,-1.96592398427261,2,0.4
2025,11,MKD,BGR,-2.9878602863879626,4,-1.5
2025,11,PSE,DZA,-4.59866220735786,3,-5.0
2025,11,MEA,EGY,-3.29138431752178,1,7.0
2025,11,ESP,DOM,-8.77742946708464,1,-2.0
2025,11,GHA,WAF,4.28082191780822,1,1.0
2025,11,FRA,GRD,3.18840579710144,2,7.0
2025,11,KOR,USA,0.9420970823354178,141,2.387234042553191
2025,11,PRK,RUS,0.15380032850797887,36,-0.822222222222222
2025,11,BRA,DNK,3.3740723271378985,7,3.1
2025,11,SDN,CHE,-5.852964206259362,8,0.5249999999999999
2025,11,FRA,PRK,-6.26681537258138,2,-2.3
2025,11,AFR,DZA,-0.11111111111110672,3,1.6
2025,11,JAM,CAN,-1.813136914016641,11,4.909090909090909
2025,11,VNM,DZA,0.91383812010443,4,4.0
2025,11,EGY,DJI,-3.38983050847457,2,3.4
2025,11,GBR,PRT,0.565110565110565,4,-4.75
2025,11,USA,MDV,-2.7781422032275356,18,-1.1055555555555556
2025,11,GRD,IDN,-2.1505376344086,1,1.9
2025,11,ESP,USA,-2.989161911212618,75,-1.5746666666666667
2025,11,MHL,USA,0.0,1,5.0
2025,11,ETH,KEN,-8.1836327345309,2,-10.0
2025,11,GBR,LBN,1.2070289593357633,6,3.966666666666667
2025,11,MAR,CHN,0.56460908461775,4,1.5
2025,11,CYP,ISR,-0.32096207375759067,14,1.9714285714285713
2025,11,QAT,SDN,-5.54156171284635,3,-2.0
2025,11,IRL,PRT,-2.17231795441912,3,1.1999999999999997
2025,11,GMB,GMB,3.17316409791477,2,1.7
2025,11,GHA,JPN,7.46606334841629,5,7.0
2025,11,CHE,JPN,1.47420147420148,2,0.4
2025,11,URY,GBR,1.58730158730158,1,-2.0
2025,11,CAN,CHN,-0.35447482056115776,23,-1.1826086956521742
2025,11,PRK,PRK,-6.3658036053395195,9,0.7111111111111112
2025,11,USA,ARM,2.3609184230912774,34,1.9705882352941175
2025,11,GBR,NGA,-4.334115967517977,7,0.5428571428571423
2025,11,BGR,ARG,-3.22580645161291,1,-4.4
2025,11,EUR,LVA,2.4471632141853954,4,3.675
2025,11,HUN,GRC,1.0776468305931435,2,4.0
2025,11,GRC,NGA,7.14285714285714,1,3.4
2025,11,EUR,PAK,-5.088466389104377,3,0.8333333333333335
2025,11,ISR,POL,-2.79329608938548,2,2.8
2025,11,POL,DNK,-4.50450450450451,2,8.0
2025,11,SRB,SVK,0.0,1,2.8
2025,11,BRA,USA,-0.694122089120451,71,1.5521126760563382
2025,11,GBR,KEN,5.724135388245705,9,4.799999999999999
2025,11,VEN,GHA,0.7147313814280252,4,1.9
2025,11,JPN,GBR,0.950368614893002,5,1.3599999999999999
2025,11,CAN,JOR,-3.3667313079077776,4,-8.75
2025,11,TKM,QAT,7.16612377850163,1,1.0
2025,11,UKR,HUN,-2.5660045334415993,18,2.216666666666667
2025,11,USA,EGY,-1.3582464412227342,50,1.564
2025,11,FIN,CZE,-4.50450450450451,2,8.0
2025,11,LTU,CZE,-4.50450450450451,2,8.0
2025,11,RUS,TJK,1.3770111830597644,5,4.4
2025,11,TGO,AFR,4.080854309687259,2,4.2
2025,11,VNM,IDN,3.9875120478568777,5,3.1
2025,11,FJI,DOM,1.01010101010101,7,1.0857142857142856
2025,11,JPN,UKR,-1.5889634555996077,5,-2.64
2025,11,CHN,RWA,2.60086311489257,6,6.666666666666667
2025,11,ECU,CUB,0.28462998102467,2,-2.0
2025,11,ZMB,AUS,0.65359477124183,2,2.8
2025,11,USA,VEN,-4.432380874555842,230,-1.99695652173913
2025,11,RUS,USA,-2.4385490733631103,270,0.5618518518518517
2025,11,PER,CHN,3.2258064516129,2,7.4
2025,11,SYR,GBR,-0.978923365938312,35,4.662857142857143
2025,11,FRA,COL,-0.9358112048548985,7,0.9714285714285719
2025,11,JPN,IRL,0.906292749658004,5,1.0
2025,11,JPN,ZAF,1.40077821011673,1,1.0
2025,11,ARE,MHL,-4.479166666666667,3,2.8
2025,11,BRA,AZE,3.76344086021505,4,6.0
2025,11,ALB,EUR,0.8593800556526301,6,3.6666666666666665
2025,11,CYP,BEL,-1.5142839692791568,3,-1.0
2025,11,NZL,COK,0.31598898989249496,12,1.116666666666667
2025,11,SEA,IDN,-0.8442194732182075,4,1.0000000000000002
2025,11,LAO,LAO,3.83480825958702,1,7.0
2025,11,NGA,LBY,-9.30232558139533,1,6.0
2025,11,IDN,ESP,-4.27046263345196,1,1.9
2025,11,PER,MEX,-1.71526586620926,2,-3.0
2025,11,EUR,AZE,3.069435049558705,5,3.16
2025,11,EST,RUS,-2.1924478939004186,15,1.9000000000000004
2025,11,KAZ,UKR,-3.480420101772875,8,0.825
2025,11,NOR,DNK,-0.30253898453883554,8,0.7375000000000003
2025,11,GIN,CHN,-0.355871886121,1,1.9
2025,11,WSM,USA,1.72064777327935,2,1.9
2025,11,MAR,ESP,-1.1089712237013283,6,2.9499999999999997
2025,11,CHE,ITA,-0.6046708348664929,7,0.028571428571428248
2025,11,AUT,ALB,-5.81395348837209,3,0.0
2025,11,DEU,DNK,-2.72628135223555,7,-0.2857142857142856
2025,11,KOR,IRL,-0.92807424593967,2,1.0
2025,11,NPL,KOR,-2.40549828178694,1,1.0
2025,11,EUR,RUS,-2.9831546829305386,148,0.4831081081081081
2025,11,FRA,PHL,7.5806451612903,2,3.0999999999999996
2025,11,USA,PRK,-2.8171610199273847,17,2.447058823529412
2025,11,USA,BRA,-0.937193076826337,77,2.018181818181818
2025,11,EST,USA,-3.3593362433132388,8,3.175
2025,11,GBR,HND,-2.25187656380317,2,3.0
2025,11,ISR,DJI,-2.05784204671857,2,1.0
2025,11,SGP,VEN,2.4896265560166,6,2.3499999999999996
2025,11,HND,DEU,4.37235543018336,1,8.0
2025,11,MYS,IDN,-1.0728989186063131,7,0.8571428571428572
2025,11,MYS,SUR,1.40845070422535,1,0.0
2025,11,SYR,EST,-1.5286624203821702,5,6.44
2025,11,TUN,EUR,-1.93661971830986,1,1.9
2025,11,USA,HUN,-0.4707408879415137,36,4.855555555555555
2025,11,PSE,SLV,-3.10734463276836,1,1.9
2025,11,JOR,SAU,3.448369868347437,10,3.4899999999999998
2025,11,VAT,PAN,-5.4639175257732,2,7.0
2025,11,CUB,JAM,-3.89972144846796,8,1.9749999999999999
2025,11,TUN,ITA,2.939166097060835,2,2.8
2025,11,AUS,GHA,-5.713490402844214,5,-4.160000000000002
2025,11,CUB,PSE,-11.8279569892473,2,-2.0
2025,11,ALB,GRC,-1.3861440491875265,3,-1.0
2025,11,EST,EUR,-0.28195488721804,2,3.4
2025,11,CZE,MEX,3.2069970845481,4,2.3499999999999996
2025,11,IND,QAT,1.71919770773639,3,1.9
2025,11,RUS,DNK,-5.60190703218117,2,3.4
2025,11,MLT,AFR,-11.8709677419355,1,1.9
2025,11,CHE,USA,0.07815678981446444,162,2.995679012345679
2025,11,GBR,UKR,-0.7374130444120295,78,3.0051282051282056
2025,11,DNK,IRL,-4.50450450450451,2,8.0
2025,11,ISR,TUR,-1.5539718168203567,42,-0.8142857142857143
2025,11,VNM,JOR,7.75510204081633,1,2.8
2025,11,DNK,DNK,-2.092861570222255,24,2.3375
2025,11,AGO,ARG,1.40845070422535,1,0.0
2025,11,CAN,BHS,2.22016651248844,6,4.0
2025,11,VNM,AFR,0.91383812010443,2,1.9
2025,11,SGP,ARM,2.4896265560166,6,2.3499999999999996
2025,11,CHN,BGD,-5.41586073500967,2,2.9
2025,11,GHA,CUB,1.53340635268347,3,2.8
2025,11,NLD,FRA,2.06872852233677,3,3.933333333333333
2025,11,KEN,BRA,1.39784946236559,1,7.0
2025,11,USA,KWT,-2.8957528957529,2,2.25
2025,11,BEL,MAR,2.26628895184137,1,3.5
2025,11,MAR,RUS,2.26628895184137,2,8.0
2025,11,KWT,GBR,2.25165562913908,2,3.4
2025,11,HUN,HUN,-0.3713565690988049,52,2.657692307692308
2025,11,NMR,TWN,2.90275761973875,2,6.4
2025,11,FRA,FJI,1.19760479041916,2,3.0
2025,11,UZB,KGZ,3.38389731621937,1,6.4
2025,11,USA,ABW,-4.95238095238095,2,4.0
2025,11,TUR,TUN,1.97628458498023,1,7.0
2025,11,PHL,PHL,-1.1610424913793296,57,0.9385964912280703
2025,11,IDN,BRA,2.502509758693612,7,2.742857142857143
2025,11,AUS,NZL,1.364774511179651,36,1.861111111111111
2025,11,PRY,BLZ,-2.87810383747178,3,-10.0
2025,11,SOM,AFR,-0.25423728813559,2,1.4
2025,11,CZE,BGR,-9.34579439252336,2,-5.0
2025,11,NPL,MDV,1.04166666666667,1,3.0
2025,11,NLD,USA,-0.7272919106529969,29,1.2551724137931033
2025,11,USA,MLI,1.65289256198347,1,3.4
2025,11,SYR,FRA,-2.2360881529109364,6,3.466666666666667
2025,11,NOR,ARE,-2.85714285714286,3,2.8
2025,11,CHL,CHL,-4.861989255541076,6,-0.75
2025,11,CHE,AUS,-1.73112338858195,6,0.13333333333333375
2025,11,PRK,CAN,-4.218824369347924,2,-2.0
2025,11,SEA,TWN,1.80623973727422,3,6.4
2025,11,EGY,KOR,2.28758169934641,1,2.8
2025,11,USA,BFA,1.69971671388102,1,3.4
