iso3,year,gdp_usd,population,inflation_rate,gdp_log,pop_log,node_id
ABW,2013.0,2727849720.67039,105675.0,-2.37206524252261,21.726779488046034,11.568133088366324,0
AFG,2013.0,20146416757.5987,31622704.0,7.38577178397855,23.72629228116838,17.269385933208728,1
AGO,2013.0,132339109040.232,26165620.0,8.77781429332624,25.608633473160918,17.079956931502593,2
AIA,2013.0,189798603751.235,11439213.0,1.96682557818842,25.969229366679137,16.252557835261833,3
ALB,2013.0,12776224496.9718,2895092.0,1.93762080205223,23.270851819556007,14.878527792825588,4
AND,2013.0,3193512950.02419,75194.0,2.06159619443141,21.88438738639035,11.227840018365713,5
ARE,2013.0,400218529747.597,7693031.0,1.1011183637571,26.71527655924506,15.855825542058055,6
ARG,2013.0,552025140252.246,42582455.0,2.06159619443141,27.036859426123453,17.566952895428013,7
ARM,2013.0,11121464437.0415,3022000.0,5.78966778544651,23.132142811166425,14.921429752721451,8
ASM,2013.0,638000000.0,54006.0,1.96682557818842,20.27384884287646,10.896868946774847,9
ATA,2013.0,189798603751.235,11439213.0,1.96682557818842,25.969229366679137,16.252557835261833,10
ATF,2013.0,189798603751.235,11439213.0,1.96682557818842,25.969229366679137,16.252557835261833,11
ATG,2013.0,1325425925.92593,88064.0,1.05949782356169,21.00499969901296,11.385830457166396,12
AUS,2013.0,1577123329410.88,23128129.0,2.4498886414254,28.08662362593205,16.956560183554945,13
AUT,2013.0,426580502769.417,8479823.0,2.00015616900597,26.779066938166164,15.953200252835723,14
AZE,2013.0,74160560123.6902,9416801.0,2.41571745279419,25.029498311097417,16.05800609846676,15
BDI,2013.0,2451606632.29246,10439341.0,7.93795807492418,21.620009415271515,16.16109211161257,16
BEL,2013.0,524097026598.55,11159407.0,1.1130959402754,26.984942669392797,16.227793466915436,17
BEN,2013.0,12517845127.6775,10708834.0,0.428888888888792,23.25042107348211,16.18657965966323,18
BES,2013.0,189798603751.235,11439213.0,1.96682557818842,25.969229366679137,16.252557835261833,19
BFA,2013.0,13444300485.8412,17695409.0,0.533738507090536,23.321821097559283,16.688815841880388,20
BGD,2013.0,149998957434.186,156532141.0,7.53040640913172,25.733894180586418,18.868771927048552,21
BGR,2013.0,55852123989.9504,7265115.0,0.890093540913002,24.74597339201513,15.79859482182395,22
BHR,2013.0,33823324468.0851,1253191.0,3.30001156888442,24.24441647449431,14.041204454381962,23
BHS,2013.0,10395800000.0,378953.0,0.722414784530551,23.064667715468264,12.84517010466672,24
BIH,2013.0,18179108530.5261,3610859.0,-0.0930456838317588,23.623538888823823,15.099456529084296,25
BLM,2013.0,189798603751.235,11439213.0,1.96682557818842,25.969229366679137,16.252557835261833,26
BLR,2013.0,75527558966.4473,9443211.0,18.3122610377874,25.04776344603439,16.060806734485627,27
BLZ,2013.0,2032750000.0,341627.0,0.50974776898322,21.432655393544167,12.741477704750539,28
BMU,2013.0,6465756000.0,63574.0,2.06159619443141,22.589785779843243,11.059975590290321,29
BOL,2013.0,30659338885.6729,10682608.0,5.73640023719607,24.146203147426775,16.184127650052286,30
BRA,2013.0,2472819535742.73,198478299.0,6.20431066640101,28.536380127985346,19.106190332216418,31
BRB,2013.0,5361158350.0,277665.0,1.81410436049105,22.402445898941856,12.534174231517603,32
BRN,2013.0,18094148099.4922,411202.0,0.389205053123632,23.618854413577377,12.926842288816323,33
BTN,2013.0,1943696951.76613,725273.0,8.77638345268213,21.387857642337995,13.494304793473349,34
BVT,2013.0,189798603751.235,11439213.0,1.96682557818842,25.969229366679137,16.252557835261833,35
BWA,2013.0,14271738933.2042,2140682.0,5.88460707056817,23.381547120450577,14.576635494956179,36
CAF,2013.0,1691544110.18543,4642419.0,6.98879341970198,21.24890762399188,15.350746339965747,37
CAN,2013.0,1846597421834.98,35080992.0,0.938291897815317,28.24436583011586,17.37317003179511,38
CCK,2013.0,189798603751.235,11439213.0,1.96682557818842,25.969229366679137,16.252557835261833,39
CHE,2013.0,706234937370.968,8089346.0,-0.217323155115693,27.283213791564712,15.9060585688424,40
CHL,2013.0,277395018837.366,17687006.0,1.7895555398459,26.34870838806306,16.688340860187758,41
CHN,2013.0,9570471111831.68,1363240000.0,2.62105001748115,29.88970354816845,21.03313005706539,42
CIV,2013.0,42760235484.6093,23939775.0,2.58117037252936,24.478874430235177,16.991051901325182,43
CMR,2013.0,33728621180.3231,21402376.0,2.05034718001741,24.241612607073648,16.87901254859009,44
COD,2013.0,32679745048.4427,75789395.0,0.808223101487111,24.21002130548314,18.143468946367356,45
COG,2013.0,17958720699.0868,4857099.0,4.63161619729461,23.611341666776035,15.395952109956783,46
COK,2013.0,189798603751.235,11439213.0,1.96682557818842,25.969229366679137,16.252557835261833,47
COL,2013.0,382093697077.685,46151584.0,2.01699224310383,26.668931695787382,17.647441862852087,48
COM,2013.0,1116224106.83728,696192.0,-4.29487331536736,20.83321749421947,13.453382199726912,49
CPV,2013.0,2028910915.16446,512225.0,1.50654285701407,21.430764991535174,13.146521212880565,50
CRI,2013.0,50949668841.6696,4716147.0,5.23133614174428,24.654104096940824,15.366502922674544,51
CUB,2013.0,77148000000.0,11298167.0,1.96682557818842,25.068991491906925,16.240151146645264,52
CUW,2013.0,3033568603.35196,153822.0,1.33232086152117,21.833005520667612,11.943557869736422,53
CXR,2013.0,189798603751.235,11439213.0,1.96682557818842,25.969229366679137,16.252557835261833,54
CYM,2013.0,4405796023.18409,58655.0,2.16061146813391,22.206186789244494,10.979445150639432,55
CYP,2013.0,23959712860.8331,1183895.0,-0.399357676464426,23.899639626058125,13.98432125273028,56
CZE,2013.0,213024360541.119,10514272.0,1.4382978723404,26.084672364858573,16.168244225403928,57
DEU,2013.0,3808086291482.36,80645605.0,1.50472330251876,28.968147893179534,18.205574878720217,58
DJI,2013.0,2042817162.85639,984824.0,2.70603242872182,21.437595654825234,13.800219239395316,59
DMA,2013.0,498296296.296296,69715.0,-0.0464116468805992,20.026705432552333,11.152185125641573,60
DNK,2013.0,344631016965.12,5614932.0,0.789071780078062,26.565740165597138,15.540940213759358,61
DOM,2013.0,62682159338.0354,10193833.0,4.830950967408,24.861342704048806,16.137293585660856,62
DZA,2013.0,229701430292.157,38414171.0,3.25423910998847,26.160046173409874,17.463937011971144,63
ECU,2013.0,96570334000.0,15807128.0,2.72177577710371,25.293537429560658,16.575971598767588,64
EGY,2013.0,288434108527.132,95333553.0,9.46971981064921,26.38773250349214,18.372892394798654,65
ERI,2013.0,189798603751.235,3074360.0,1.96682557818842,25.969229366679137,14.938607632750282,66
ESH,2013.0,189798603751.235,11439213.0,1.96682557818842,25.969229366679137,16.252557835261833,67
ESP,2013.0,1362186923157.65,46620045.0,1.40858109183019,27.94011255591211,17.657541178272385,68
EST,2013.0,25451032780.7573,1317997.0,2.78056658954988,23.960022159935175,14.091624476592756,69
ETH,2013.0,47648276605.0123,98438751.0,7.46402192944517,24.587112298627858,18.4049451056335,70
FIN,2013.0,270268036626.275,5438972.0,1.4782861568881,26.322680031765135,15.509100814244954,71
FJI,2013.0,4189967998.51424,916352.0,2.91354193604001,22.155958933503857,13.728156940598906,72
FLK,2013.0,189798603751.235,11439213.0,1.96682557818842,25.969229366679137,16.252557835261833,73
FRA,2013.0,2816077607875.26,65997932.0,0.863715497861805,28.666366113459734,18.00513398131846,74
FRO,2013.0,2690110520.92548,48246.0,1.96682557818842,21.712848115933795,10.78408892866831,75
FSM,2013.0,317214400.0,108121.0,1.75232737350762,19.575088447072712,11.591015498184522,76
GAB,2013.0,17595744798.3398,1913059.0,0.505441058915615,23.590922936993987,14.46421461227973,77
GBR,2013.0,2784853502534.29,64128273.0,2.29166666666659,28.655216385602984,17.976395916682083,78
GEO,2013.0,17517660143.6859,3717668.0,-0.512058410947092,23.5864753601501,15.128607416942188,79
GHA,2013.0,62824629066.0408,27386193.0,11.6661923071729,24.86361301613326,17.12554957576071,80
GIB,2013.0,189798603751.235,32407.0,1.96682557818842,25.969229366679137,10.386160584882527,81
GIN,2013.0,8376613539.28278,11191873.0,11.8875884481828,22.848709557626997,16.230698537222622,82
GMB,2013.0,1375609453.43746,2103820.0,5.69912989637382,21.042162709454175,14.559265773174937,83
GNB,2013.0,1109682824.13594,1695973.0,1.20712555668414,20.827340068317536,14.343767765027797,84
GNQ,2013.0,21948834283.7856,1346218.0,2.94887694639662,23.811979867302682,14.112810480260963,85
GRC,2013.0,236556279640.705,10965211.0,-0.921269454256994,26.189451985454998,16.210238273892546,86
GRD,2013.0,842618518.518518,113487.0,-0.0439997864828058,20.552024886283224,11.639452383441869,87
GRL,2013.0,2684946990.12448,56483.0,2.06159619443141,21.71092682211439,10.941712691189142,88
GTM,2013.0,52996446269.442,15387337.0,4.34337131279521,24.693490696749386,16.54905552139343,89
GUM,2013.0,5399000000.0,165966.0,1.96682557818842,22.40947958836778,12.019544252395576,90
GUY,2013.0,4167800928.83553,750021.0,1.90125181860582,22.150654378701084,13.527857818415614,91
HKG,2013.0,275696879834.966,7178900.0,4.33799342105267,26.342567837668618,15.786656865242055,92
HMD,2013.0,189798603751.235,11439213.0,1.96682557818842,25.969229366679137,16.252557835261833,93
HND,2013.0,18499729214.904,8889278.0,5.16189898581494,23.641021931945406,16.00035650183891,94
HRV,2013.0,59852401272.3204,4233922.0,2.21658206429779,24.815147389671367,15.258639544399156,95
HTI,2013.0,14902488604.2421,10222362.0,4.76502404779142,23.424794056437502,16.140088329321397,96
HUN,2013.0,135684315697.713,9893082.0,1.73319984983101,25.63359681640508,16.10734638404071,97
IDN,2013.0,912524136718.018,255852467.0,6.41251330156418,27.539480373252154,19.360111539445967,98
IND,2013.0,1856721507621.58,1295829511.0,10.0178784746102,28.249833418082577,20.9824168768404,99
IOT,2013.0,189798603751.235,11439213.0,1.96682557818842,25.969229366679137,16.252557835261833,100
IRL,2013.0,243301556084.989,4623816.0,0.515099484900573,26.217567482465494,15.346731112426628,101
IRN,2013.0,500399839839.877,80414686.0,36.6030355191029,26.93867329547692,18.20270739159566,102
IRQ,2013.0,234637675128.645,35281989.0,1.87949800749469,26.181308353322592,17.378883193407802,103
ISL,2013.0,16125060515.3117,323764.0,3.87227923748249,23.503640452570767,12.68777322296892,104
ISR,2013.0,297634145181.876,8059500.0,1.5702553921126,26.419130868481286,15.902362201896292,105
ITA,2013.0,2153225581941.46,60233948.0,1.21999342274306,28.397988104457333,17.91374668820348,106
JAM,2013.0,14264205152.6126,2783687.0,9.34150076569673,23.38101910001828,14.839287225190734,107
JOR,2013.0,34454440140.8451,7991809.0,4.82462314269537,24.262903712656655,15.893927825254153,108
JPN,2013.0,5212328181166.18,127445000.0,0.335037912184741,29.282047739664556,18.663195464792352,109
KAZ,2013.0,236634603409.089,17556502.0,5.94283871648418,26.189783030586696,16.680934980553214,110
KEN,2013.0,61671440407.8387,44986791.0,5.71749357037733,24.84508678239569,17.621879493540668,111
KGZ,2013.0,7335033800.59056,5777150.0,6.61375202358082,22.71592785679121,15.569421212555786,112
KHM,2013.0,19807135252.8649,15170208.0,2.94162509547349,23.709308076087353,16.534844128421636,113
KIR,2013.0,201730847.75865,113838.0,-1.488059084681,19.122444935000928,11.642540448466544,114
KNA,2013.0,874548148.148148,47069.0,1.10698554000129,20.58921790996744,10.759391134395187,115
KOR,2013.0,1370632955321.2,50428893.0,1.30134754547413,27.946293760258364,17.736074862422367,116
KWT,2013.0,174168116687.215,3507844.0,2.68229684085039,25.883286857565185,15.070512446777398,117
LAO,2013.0,11983252626.5452,6611385.0,6.37142717782947,23.206775897586393,15.704303872147154,118
LBN,2013.0,46880103080.597,5743436.0,4.82101956297399,24.570859181052278,15.563568369586047,119
LBR,2013.0,3177198100.0,4470239.0,7.577306817414,21.87926554502699,15.312952656423594,120
LBY,2013.0,75351107029.0605,6304628.0,2.60581802719517,25.045424453749884,15.656794683461149,121
LCA,2013.0,1660222222.22222,173369.0,1.46856511035428,21.230217299766128,12.063183317979933,122
LKA,2013.0,77000578167.353,20585000.0,6.90845034828452,25.067078767451815,16.840073261765202,123
LSO,2013.0,2367112931.642,2056504.0,4.86511899496385,21.584936877637954,14.536518497965002,124
LTU,2013.0,46303660422.0434,2957689.0,1.04747937065344,24.55848685372665,14.899919116220016,125
LUX,2013.0,65203276466.9763,543360.0,1.73403963519162,24.900775557192723,13.205529203063842,126
LVA,2013.0,29152128167.8438,2012647.0,-0.0294547782579216,24.0957937545855,14.514961825943566,127
MAC,2013.0,51536595089.2793,591900.0,5.50057779178484,24.6655579765479,13.291094670151963,128
MAR,2013.0,115739287305.08,33787571.0,1.88065466724086,25.474605975358266,17.335603600530163,129
MDA,2013.0,9496717875.51932,2859558.0,4.59787897363118,22.974212089176458,14.866177975102444,130
MDG,2013.0,12423555455.3853,24109290.0,5.8264294445198,23.242860141114754,16.998107842839854,131
MDV,2013.0,3295009237.50107,400070.0,3.8056300091943,21.915674808690902,12.899397310338857,132
MEX,2013.0,1327436290282.67,118343573.0,3.80639069747204,27.914270596657484,18.58910259587221,133
MHL,2013.0,186400000.0,50681.0,1.96682557818842,19.043405465580573,10.833326096955552,134
MKD,2013.0,10817702346.0674,1922716.0,2.78500056726118,23.104449735418054,14.46924984785432,135
MLI,2013.0,13242690786.0938,17459615.0,-0.606736356351471,23.30671159846013,16.67540111500673,136
MLT,2013.0,10796782637.51,425967.0,1.1802843636655,23.102514022852755,12.962119505059164,137
MMR,2013.0,60269732854.827,50262658.0,5.64303883425501,24.822095871974714,17.732772993574855,138
MNE,2013.0,4465772400.37453,621207.0,2.20589268141178,22.21970802654325,13.339421248473808,139
MNG,2013.0,12582122604.2577,2899011.0,10.4906567588242,23.255542802543488,14.879880547253626,140
MNP,2013.0,772000000.0,52758.0,1.96682557818842,20.464495109284385,10.873489652898783,141
MOZ,2013.0,17198073057.1981,25051611.0,4.26135250941963,23.56806318298971,17.036448734722097,142
MRT,2013.0,7223071097.08417,3734318.0,4.12910173783393,22.700546059256745,15.133076030607775,143
MSR,2013.0,194567373678.099,16073372.0,2.06159619443141,25.994044334261293,16.592674609901806,144
MUS,2013.0,12292974141.4044,1258927.0,3.54329573934839,23.23229372818878,14.045771123146535,145
MWI,2013.0,8031571927.62055,16161816.0,27.2833333333334,22.806646102736043,16.598162042855343,146
MYS,2013.0,323276235524.415,30174265.0,2.10501231233612,26.501773013023165,17.222499999879854,147
MYT,2013.0,189798603751.235,11439213.0,1.96682557818842,25.969229366679137,16.252557835261833,148
NAM,2013.0,12043307277.1235,2252508.0,5.60092502290401,23.2117749299805,14.627555264017136,149
NCL,2013.0,10151382933.1594,276822.0,1.27761318992718,23.040875782823942,12.531133591759211,150
NER,2013.0,10224897437.8648,18519898.0,2.29723114955317,23.0480915083961,16.73435633360372,151
NFK,2013.0,189798603751.235,11439213.0,1.96682557818842,25.969229366679137,16.252557835261833,152
NGA,2013.0,520117180313.906,181049443.0,8.49551838265678,26.977319969894552,19.01428072319634,153
NIC,2013.0,10982954744.4415,5983845.0,7.13546785289407,23.119610339325437,15.604574063011174,154
NIU,2013.0,189798603751.235,11439213.0,1.96682557818842,25.969229366679137,16.252557835261833,155
NLD,2013.0,883951539006.669,16804432.0,2.50689852657885,27.507668077954307,16.63715327861379,156
NOR,2013.0,526014468085.106,5079623.0,2.12048620353112,26.988594555172963,15.440747801067333,157
NPL,2013.0,22162204924.5726,27589996.0,9.04016311917636,23.821654194127145,17.132963837458416,158
NRU,2013.0,94385014.9425842,10517.0,1.96682557818842,18.362892889095104,9.260843354149289,159
NZL,2013.0,190909855416.34,4442100.0,1.13442266445817,25.975067192418557,15.306638020683645,160
OMN,2013.0,89936020806.2419,3833913.0,1.05354820265932,25.2223643745622,15.159396771454565,161
PAK,2013.0,258657231672.412,211073978.0,7.69215611899565,26.278769592306887,19.167719241364942,162
PAN,2013.0,46949496500.0,3825329.0,4.0271599157106,24.572338318389825,15.157155296031146,163
PCN,2013.0,189798603751.235,11439213.0,1.96682557818842,25.969229366679137,16.252557835261833,164
PER,2013.0,201175543571.392,29817919.0,2.76789666082002,26.02744371496274,17.210620113023694,165
PHL,2013.0,283902828581.65,102076336.0,2.58268766141795,26.371897863681973,18.441231493296232,166
PLW,2013.0,225345718.75,17648.0,3.35481004221287,19.233146313133105,9.778434403532566,167
PNG,2013.0,21261338064.8783,8302698.0,4.9603174603175,23.780156146067757,15.932091200629925,168
POL,2013.0,518179836405.36,38040196.0,0.991982606332428,26.973588193484414,17.454153974387253,169
PRK,2013.0,189798603751.235,25329451.0,1.96682557818842,25.969229366679137,17.047478387318247,170
PRT,2013.0,226677408291.745,10457295.0,0.274416666666663,26.146793734852423,16.162810474577736,171
PRY,2013.0,38501122141.4241,5982445.0,2.68385738718582,24.373953224371867,15.604340072397141,172
PSE,2013.0,13515500000.0,4076708.0,1.72439933626931,23.327103011994925,15.220800603242228,173
PYF,2013.0,6031827122.60663,274728.0,2.06159619443141,22.520315807361825,12.523540436223689,174
QAT,2013.0,198727642967.033,1916426.0,3.22197756829293,26.015201095942423,14.465973072808575,175
ROU,2013.0,189798603751.235,19983693.0,3.9847123554813,25.969229366679137,16.810427198980463,176
RUS,2013.0,2292470078346.22,143805638.0,6.75371026220942,28.460650989016813,18.783973216668734,177
RWA,2013.0,7819963715.75353,11093340.0,5.92426867984854,22.77994575169153,16.221855576354702,178
SAU,2013.0,753864533333.333,27624004.0,3.53252470694918,27.348478524800033,17.134195699053976,179
SDN,2013.0,43024018082.1918,37785849.0,36.5223449139154,24.485024356777586,17.447445251883284,180
SEN,2013.0,18918667724.8817,13710849.0,0.710245486695272,23.663414981911192,16.43369804815788,181
SGP,2013.0,307576360584.992,5399162.0,2.35860415399832,26.451989220473827,15.50175449952076,182
SGS,2013.0,189798603751.235,11439213.0,1.96682557818842,25.969229366679137,16.252557835261833,183
SHN,2013.0,189798603751.235,11439213.0,1.96682557818842,25.969229366679137,16.252557835261833,184
SLB,2013.0,1285911586.132,594945.0,5.3913638858756,20.97473371011227,13.296225924106643,185
SLE,2013.0,7697098118.19922,6714051.0,5.52412877994266,22.76410922713713,15.71971320150255,186
SLV,2013.0,21990960000.0,6138839.0,0.757669184522973,23.813897296813018,15.6301463571933,187
SMR,2013.0,1678741475.14095,33041.0,1.60439298078082,21.2413102282853,10.405534758490537,188
SOM,2013.0,5062881613.12833,12869594.0,1.96682557818842,22.345201647106656,16.370378110545698,189
SPM,2013.0,189798603751.235,11439213.0,1.96682557818842,25.969229366679137,16.252557835261833,190
SRB,2013.0,50455529604.0696,7166553.0,7.69426362896655,24.644358183390306,15.784935483375973,191
SSD,2013.0,18426469016.9492,11166275.0,-0.0580909784225664,23.637054001447332,16.228408722440566,192
STP,2013.0,267041747.584354,193148.0,8.10583270875476,19.402915565880456,12.171217190757702,193
SUR,2013.0,5145757575.75758,569020.0,1.92343604108305,22.361438440632476,13.251672619281557,194
SVK,2013.0,99134277850.3418,5413393.0,1.40047368963025,25.31974111001292,15.504386810863451,195
SVN,2013.0,47867056858.8892,2059953.0,1.76920085881907,24.591693356528197,14.538194210419356,196
SWE,2013.0,584128116410.29,9600379.0,-0.0442929701485858,27.093386173131524,16.077313238987998,197
SWZ,2013.0,4418333192.47449,1129990.0,5.62130623468948,22.20902835636508,13.937720226055037,198
SYC,2013.0,1333160407.38516,89949.0,4.33893848329099,21.010818207276106,11.407009239378679,199
SYR,2013.0,21361254635.051,21666917.0,40.0318378290723,23.784844586956254,16.89129713912452,200
TCA,2013.0,754238000.0,33653.0,1.96682557818842,20.441218527358508,10.423887198736391,201
TCD,2013.0,12953534866.4286,13691079.0,0.222671564624642,23.284634550580208,16.432255083853516,202
TGO,2013.0,6021732977.26584,7285442.0,1.82539475909171,22.518640924984307,15.801388805645917,203
THA,2013.0,420333654592.547,69845114.0,2.18488618530678,26.764314648541614,18.061790705645404,204
TJK,2013.0,8448411318.25417,8216724.0,5.00964645344951,22.857244251083763,15.921682269151143,205
TKL,2013.0,189798603751.235,11439213.0,1.96682557818842,25.969229366679137,16.252557835261833,206
TKM,2013.0,39197543859.6491,5939341.0,1.96682557818842,24.391879925163725,15.597108910792116,207
TLS,2013.0,1395727400.0,1158695.0,11.0849085109954,21.056681550728662,13.96280579283455,208
TON,2013.0,451788486.864637,107078.0,0.77562932236742,19.928724681072914,11.581322158778578,209
TTO,2013.0,28709859468.8597,1340557.0,5.19981740465611,24.080506436252346,14.108596503159665,210
TUN,2013.0,48685446413.953,11141361.0,5.31623531326689,24.608645980790836,16.2261750471085,211
TUR,2013.0,957799120008.32,76147624.0,7.49309030547693,27.58790390609204,18.148184448375215,212
TUV,2013.0,38615890.6320745,11001.0,1.96682557818842,17.46917445002255,9.305832353435404,213
TZA,2013.0,45648857242.315,48824128.0,7.87072364573959,24.54424441066891,17.703735195346187,214
UGA,2013.0,28915786516.6123,35337042.0,4.90520875694557,24.087653529210765,17.380442348463145,215
UKR,2013.0,190498811460.028,46126770.0,-0.238948626045407,25.97291179244398,17.646904055251827,216
UMI,2013.0,189798603751.235,11439213.0,1.96682557818842,25.969229366679137,16.252557835261833,217
URY,2013.0,61337621933.7857,3345337.0,8.57513504005397,24.839659226292564,15.023078292777447,218
USA,2013.0,16880683000000.0,316059947.0,1.46483265562717,30.45719106636316,19.571442462419494,219
UZB,2013.0,73180037914.9104,29724065.0,11.8414333622049,25.01618851465582,17.20746757868497,220
VAT,2013.0,189798603751.235,11439213.0,1.96682557818842,25.969229366679137,16.252557835261833,221
VCT,2013.0,764781259.259259,108135.0,0.805127804267928,20.455100416602182,11.591144973163663,222
VEN,2013.0,371005379786.566,29912198.0,40.6394275161589,26.639482400223823,17.213776948465313,223
VGB,2013.0,189798603751.235,31703.0,1.96682557818842,25.969229366679137,10.364198134870271,224
VNM,2013.0,213708811665.34,90573104.0,6.59267475899192,26.08788023223677,18.32166787263861,225
VUT,2013.0,758304466.245339,254482.0,1.45893371757921,20.446595534785736,12.446989315099216,226
WLF,2013.0,189798603751.235,11439213.0,1.96682557818842,25.969229366679137,16.252557835261833,227
WSM,2013.0,797736334.281305,198268.0,0.61008572090503,20.497288693902032,12.197379973492513,228
YEM,2013.0,40415233436.1767,29312952.0,10.9684421500198,24.42247261611892,17.19354005820914,229
ZAF,2013.0,400886013595.573,54678791.0,5.78016910069176,26.716942968474623,17.816986477403347,230
ZMB,2013.0,28037239462.7142,15398997.0,6.97767605490307,24.05679944432742,16.549813000331977,231
ZWE,2013.0,19091020000.0,14013808.0,1.63495041543822,23.672483904424823,16.455553758591822,232
ABW,2014.0,2790849720.67039,106807.0,0.421440918881214,21.749611946149273,11.578788109069931,0
AFG,2014.0,20497128555.6972,32792523.0,4.67399603536345,23.743550642874983,17.305711120545837,1
AGO,2014.0,135966802586.713,27160769.0,7.28038730361121,25.63567659426579,17.117284210768364,2
AIA,2014.0,189798603751.235,11439213.0,1.96682557818842,25.969229366679137,16.252557835261833,3
ALB,2014.0,13228147516.1168,2889104.0,1.62586504402604,23.305612783887415,14.876457323543889,4
AND,2014.0,3271685596.66321,73737.0,2.06159619443141,21.908571162336354,11.208273549098648,5
ARE,2014.0,414105366758.911,8059440.0,2.34626865671643,26.749386287471694,15.902354757238943,6
ARG,2014.0,526319673731.638,43024071.0,2.06159619443141,26.98917460982093,17.57727033097395,7
ARM,2014.0,11609513246.7958,3013800.0,2.98130868933672,23.17509070652287,14.918712630773157,8
ASM,2014.0,643000000.0,53466.0,1.96682557818842,20.281655283757104,10.886819920140972,9
ATA,2014.0,189798603751.235,11439213.0,1.96682557818842,25.969229366679137,16.252557835261833,10
ATF,2014.0,189798603751.235,11439213.0,1.96682557818842,25.969229366679137,16.252557835261833,11
ATG,2014.0,1378829629.62963,88765.0,1.08944157435355,21.044500882533914,11.393758972779011,12
AUS,2014.0,1468265356427.76,23475686.0,2.48792270531404,28.015102790295714,16.971475847806104,13
AUT,2014.0,438556021078.034,8546356.0,1.60581182954474,26.806753396765078,15.961015668242924,14
AZE,2014.0,75239785452.1022,9535079.0,1.37344181533176,25.043945989874672,16.070488187123043,15
BDI,2014.0,2705783329.80483,10799785.0,4.40535234185293,21.718657293572328,16.195036877083318,16
BEL,2014.0,537987419164.351,11209057.0,0.340002833356922,27.011101012383754,16.232232759403264,17
BEN,2014.0,13284527850.2632,11030004.0,-0.548757550948091,23.30986587553891,16.216129844538738,18
BES,2014.0,189798603751.235,11439213.0,1.96682557818842,25.969229366679137,16.252557835261833,19
BFA,2014.0,13943016076.7436,18229461.0,-0.258089517535384,23.358244580263673,16.718549634425617,20
BGD,2014.0,172886611653.786,157964929.0,6.99163889220849,25.875901792599233,18.87788360432871,21
BGR,2014.0,57157782909.9307,7223938.0,-1.4181838026484,24.76908140183334,15.792910929968002,22
BHR,2014.0,34772526595.7447,1314562.0,2.64755321246189,24.27209344632397,14.089014848972042,23
BHS,2014.0,10974100000.0,382298.0,1.51375643050831,23.118803788080402,12.853958303934288,24
BIH,2014.0,18558733564.4692,3564829.0,-0.897194054194333,23.64420632735726,15.086626924859026,25
BLM,2014.0,189798603751.235,11439213.0,1.96682557818842,25.969229366679137,16.252557835261833,26
BLR,2014.0,78812805039.0743,9448515.0,18.1195543526734,25.090341321117023,16.06136825010128,27
BLZ,2014.0,2138250000.0,348923.0,1.20139964481058,21.48325357489284,12.762609412427334,28
BMU,2014.0,6413988000.0,63529.0,2.06159619443141,22.581747067464143,11.05926751426058,29
BOL,2014.0,32996188012.5599,10848888.0,5.76660074579144,24.21965787699994,16.199573236394517,30
BRA,2014.0,2456043727198.85,200085127.0,6.32904015516139,28.52957293028942,19.1142534739533,31
BRB,2014.0,5365976700.0,278348.0,1.76950322089729,22.40334424697247,12.536631001005954,32
BRN,2014.0,17097797371.9718,416750.0,-0.207108731719822,23.562215483560344,12.940244200130257,33
BTN,2014.0,2089079570.67546,733139.0,8.27106093949328,21.459989409592655,13.505091958538623,34
BVT,2014.0,189798603751.235,11439213.0,1.96682557818842,25.969229366679137,16.252557835261833,35
BWA,2014.0,15470088500.7414,2172044.0,4.40225309243427,23.462174222377428,14.591179678053388,36
CAF,2014.0,1894813389.40325,4623182.0,14.898684179755,21.362386195910606,15.346593986872179,37
CAN,2014.0,1805749878439.94,35434066.0,1.90663590717861,28.221997066559595,17.383184259980037,38
CCK,2014.0,189798603751.235,11439213.0,1.96682557818842,25.969229366679137,16.252557835261833,39
CHE,2014.0,726537808338.0,8188649.0,-0.0132025387514939,27.31155636036312,15.918259607077609,40
CHL,2014.0,259560978231.552,17864195.0,4.71867527854672,26.282257495503156,16.698309044228775,41
CHN,2014.0,10475624944355.2,1371860000.0,1.92164162788521,29.980072240516193,21.039433320956196,42
CIV,2014.0,48843005613.7091,24527395.0,0.448682076766141,24.611877024318115,17.015301254872075,43
CMR,2014.0,36386544706.0806,22059893.0,1.85489850366777,24.31746489234699,16.909271766701025,44
COD,2014.0,35909040925.9375,78403242.0,1.24303889760803,24.304254937140126,18.177375849261054,45
COG,2014.0,17919321078.0284,4975880.0,0.912139545450097,23.60914535756056,15.420112998324193,46
COK,2014.0,189798603751.235,11439213.0,1.96682557818842,25.969229366679137,16.252557835261833,47
COL,2014.0,381240864422.407,46565429.0,2.89883787761738,26.666697202412823,17.65636897829878,48
COM,2014.0,1149587661.00693,711503.0,2.06159619443141,20.862669160248853,13.47513631842175,49
CPV,2014.0,2041930125.42979,512326.0,-0.238778144990624,21.437161337900584,13.14671837203256,50
CRI,2014.0,52016408854.2658,4767119.0,4.51920098516954,24.674825060659817,15.377252906934947,51
CUB,2014.0,80656100000.0,11285775.0,1.96682557818842,25.113460274131683,16.23905372971546,52
CUW,2014.0,3059406983.24022,155909.0,1.4987396961643,21.8414869381299,11.957034196670596,53
CXR,2014.0,189798603751.235,11439213.0,1.96682557818842,25.969229366679137,16.252557835261833,54
CYM,2014.0,4562853611.41445,60160.0,1.27397911533388,22.24121405694257,11.004779580825998,55
CYP,2014.0,23225918259.9824,1201801.0,-1.35498885446315,23.8685346584743,13.99933265505099,56
CZE,2014.0,210911285077.683,10525347.0,0.343988589646794,26.074703432144588,16.16929700111913,57
DEU,2014.0,3965800686309.79,80982500.0,0.906794000434246,29.008728889168438,18.209743652260315,58
DJI,2014.0,2214679081.25658,1002717.0,1.34186494340157,21.518373346089756,13.818224870881757,59
DMA,2014.0,520429629.62963,70373.0,0.799250372687492,20.070165241163163,11.16157915574956,60
DNK,2014.0,352832602064.452,5643475.0,0.56402054044954,26.589259566292128,15.546010745688701,61
DOM,2014.0,67179955677.2791,10315528.0,2.99864226125219,24.93064076138457,16.149160987709564,62
DZA,2014.0,238942664192.59,39205031.0,2.91692692067458,26.199489461326017,17.484315663869246,63
ECU,2014.0,102717794000.0,16035124.0,3.58922016616663,25.35525120081049,16.590292186526465,64
EGY,2014.0,305595408895.265,97528654.0,10.0702154687481,26.44552787088072,18.39565679022458,65
ERI,2014.0,189798603751.235,3095173.0,1.96682557818842,25.969229366679137,14.945354682229773,66
ESH,2014.0,189798603751.235,11439213.0,1.96682557818842,25.969229366679137,16.252557835261833,67
ESP,2014.0,1380244561361.96,46480882.0,-0.151114837527235,27.953281817775295,17.654551667745725,68
EST,2014.0,27055689003.0038,1314545.0,-0.10617514652171,24.02116313450685,14.089001916834196,69
ETH,2014.0,55612228233.5179,101115610.0,6.89001951597192,24.741668946296894,18.431775083544263,70
FIN,2014.0,273478528954.901,5461512.0,1.04119621178439,26.334488950995166,15.513236415561355,71
FJI,2014.0,4857104791.41609,917585.0,0.519306474579194,22.30370837562104,13.72950158748823,72
FLK,2014.0,189798603751.235,11439213.0,1.96682557818842,25.969229366679137,16.252557835261833,73
FRA,2014.0,2861236112552.42,66312067.0,0.50775882293799,28.6822748545722,18.009882459708397,74
FRO,2014.0,2914012679.27277,48428.0,1.96682557818842,21.792796896210564,10.78785408682564,75
FSM,2014.0,319271200.0,108396.0,0.650284891767944,19.581551459442515,11.593555692327962,76
GAB,2014.0,18203966895.8433,1978399.0,4.69045751826284,23.62490536864405,14.497798995189344,77
GBR,2014.0,3064708247921.43,64602298.0,1.45112016293279,28.750973492506237,17.983760556354877,78
GEO,2014.0,17966015109.3043,3719414.0,3.06881210379543,23.611747760803073,15.129076955818467,79
GHA,2014.0,54783319817.3705,28041592.0,15.4896160333318,24.72665160169006,17.149199430214516,80
GIB,2014.0,189798603751.235,32813.0,1.96682557818842,25.969229366679137,10.398610532574828,81
GIN,2014.0,8778473372.82124,11472924.0,6.1505055670642,22.89556835405636,16.25550046967284,82
GMB,2014.0,1229461721.40861,2164528.0,5.94799935696626,20.929842286487343,14.587713343787819,83
GNB,2014.0,1135250721.0374,1741122.0,-1.50924460570503,20.850119363958342,14.370040865307068,84
GNQ,2014.0,21765453081.9826,1399828.0,4.30999866149107,23.803589828778918,14.151860644268298,85
GRC,2014.0,233911581521.062,10892413.0,-1.31226096405506,26.178209024154942,16.203577141601734,86
GRD,2014.0,911496296.296296,114132.0,-0.98360305555498,20.630598089865522,11.645119714016602,87
GRL,2014.0,2842065708.35962,56295.0,2.06159619443141,21.767796987170232,10.938378763646385,88
GTM,2014.0,57852153058.502,15681725.0,3.4183616966296,24.781156507862445,16.568006643359173,89
GUM,2014.0,5610000000.0,165486.0,1.96682557818842,22.44781655665927,12.016647920865111,90
GUY,2014.0,4127660151.8087,754229.0,0.852630497539914,22.14097653441312,13.533452640262714,91
HKG,2014.0,291459995978.893,7229500.0,4.42364532019699,26.398168598258966,15.79368057377246,92
HMD,2014.0,189798603751.235,11439213.0,1.96682557818842,25.969229366679137,16.252557835261833,93
HND,2014.0,19756533971.8698,9063122.0,6.12924930313022,23.706750107649377,16.019724320609836,94
HRV,2014.0,59612144078.4133,4201598.0,-0.215196159576268,24.811125149983223,15.250975725086017,95
HTI,2014.0,15146883497.6331,10373235.0,3.43816659958601,23.441060638079474,16.154739585528915,96
HUN,2014.0,141033843265.669,9866468.0,-0.227566270988219,25.672265721691492,16.104652596641717,97
IDN,2014.0,890814755511.014,258877399.0,6.39492540819922,27.515402336530126,19.37186514852068,98
IND,2014.0,2039126479154.52,1312277191.0,6.66565671867899,28.343542635589984,20.995029779543263,99
IOT,2014.0,189798603751.235,11439213.0,1.96682557818842,25.969229366679137,16.252557835261833,100
IRL,2014.0,266787238499.03,4657740.0,0.190916398713745,26.309717318134876,15.354041124617302,101
IRN,2014.0,462284793280.825,81502045.0,16.6065532357449,26.85944697378467,18.21613868219046,102
IRQ,2014.0,228415656174.957,36550059.0,2.23597407904679,26.15443285955921,17.41419338574558,103
ISL,2014.0,17867662177.8911,327386.0,2.04461481539333,23.6062583337706,12.69889823635014,104
ISR,2014.0,314090281098.682,8215700.0,0.479786761439324,26.472946300954614,15.921557637523248,105
ITA,2014.0,2173255507985.84,60789140.0,0.241047429826756,28.407247393349326,17.92292172901148,106
JAM,2014.0,13899217721.6818,2793749.0,8.27407886231419,23.355098396555583,14.842895337344016,107
JOR,2014.0,36847643521.1268,8791710.0,2.89947905006057,24.33005750569784,15.98931990373371,108
JPN,2014.0,4896994405353.29,127276000.0,2.75922671353253,29.219642746184178,18.6618685225813,109
KAZ,2014.0,221415613595.469,17816285.0,6.84944977003349,26.12330737685032,16.695623540776573,110
KEN,2014.0,68285796514.2896,46051440.0,6.87815499275949,24.94696762458063,17.645269612249837,111
KGZ,2014.0,7468102412.68237,5905847.5,7.5342472977589,22.73390677620116,15.591453689077545,112
KHM,2014.0,22041463967.9009,15396772.0,3.85568861424207,23.81619124229656,16.549668499971595,113
KIR,2014.0,200287275.559653,115326.0,2.10398520925043,19.115263276699586,11.655526850569164,114
KNA,2014.0,952111111.111111,47089.0,0.247865392364942,20.67419230034747,10.7598159432376,115
KOR,2014.0,1484488526271.8,50746659.0,1.27477446401322,28.02609140210237,17.74235636091253,116
KWT,2014.0,162650450784.686,3665876.0,2.90892672858625,25.814869261369378,15.114578155264093,117
LAO,2014.0,13279245886.3854,6703172.0,4.12924306873771,23.309468193793887,15.718091554346142,118
LBN,2014.0,48095213746.6003,6346990.0,1.8546042134091,24.596448502820152,15.66349140029485,119
LBR,2014.0,3225652000.0,4564293.0,9.86111285574904,21.89440093761309,15.33377440506732,120
LBY,2014.0,57372355592.022,6427252.0,2.43294141599225,24.77282841438298,15.67605778875679,121
LCA,2014.0,1749185185.18518,174138.0,3.51695551369241,21.282415908558637,12.067609109860088,122
LKA,2014.0,82528535713.926,20778000.0,3.1790022823606,25.13640995793542,16.84940534074044,123
LSO,2014.0,2441063054.05792,2080089.0,5.37028961008587,21.615699459673714,14.547921719972184,124
LTU,2014.0,48306546656.9281,2932367.0,0.103758009433708,24.60083292999202,14.891320845708938,125
LUX,2014.0,68804811897.6445,556319.0,0.628543985440717,24.954539519827268,13.229098947241688,126
LVA,2014.0,30277203767.4058,1993782.0,0.620490636732421,24.133660915426084,14.505544397102451,127
MAC,2014.0,54902831793.5018,621700.0,6.04823452094085,24.72883076508796,13.340214548748978,128
MAR,2014.0,119130841411.664,34204780.0,0.442310053557048,25.503488233711536,17.347875987584015,129
MDA,2014.0,9402090137.7423,2857815.0,5.08878554625879,22.964197856690472,14.86556825471363,130
MDG,2014.0,12522957399.2281,24764348.0,6.08040811088302,23.25082938879994,17.024915636560234,131
MDV,2014.0,3697353039.20043,413617.0,2.12000175718134,22.03088300603938,12.932698121538852,132
MEX,2014.0,1364507717614.13,119784261.0,4.01861608078679,27.941814833081104,18.60120286606772,133
MHL,2014.0,186000000.0,49796.0,1.96682557818842,19.04125723705382,10.815710020234329,134
MKD,2014.0,11362265252.778,1917557.0,-0.281705032928494,23.153563636503083,14.466563059484479,135
MLI,2014.0,14364937124.0727,18020267.0,0.883814547137841,23.388056152415263,16.707007682397915,136
MLT,2014.0,11888032872.432,434558.0,0.310306472181665,23.198798090179768,12.982087002731562,137
MMR,2014.0,65531374199.6742,50681634.0,4.953299184844,24.905794860336066,17.74107417414387,138
MNE,2014.0,4593853290.963,621810.0,-0.710514051710227,22.247985005997908,13.340391467026063,139
MNG,2014.0,12226514668.0622,2963113.0,12.253980812976,23.226872763942254,14.901751300334645,140
MNP,2014.0,832000000.0,52178.0,1.96682557818842,20.539342999987404,10.862435394076263,141
MOZ,2014.0,17978246586.0662,25788475.0,2.55974875844295,23.612428341049064,17.06543828343991,142
MRT,2014.0,6592537781.81518,3848514.0,3.53436856147324,22.609204207356967,15.163197917571363,143
MSR,2014.0,194567373678.099,16073372.0,2.06159619443141,25.994044334261293,16.592674609901806,144
MUS,2014.0,13074129952.0532,1261208.0,3.21769191994684,23.29390130189581,14.047581342688476,145
MWI,2014.0,8801326169.14547,16621538.0,23.7920649469687,22.898168248229187,16.626209942382506,146
MYS,2014.0,338066095097.254,30696137.0,3.14299050879095,26.546507260940455,17.239647406598586,147
NAM,2014.0,12435430969.6301,2312139.0,5.35016966859602,23.24381557147255,14.653684060574326,149
NCL,2014.0,10635035594.7528,281224.0,0.178851060785511,23.087419632631356,12.546910339661027,150
NER,2014.0,10862943543.5419,19215909.0,-0.930287259984466,23.108623159343363,16.771249139693932,151
NFK,2014.0,189798603751.235,11439213.0,1.96682557818842,25.969229366679137,16.252557835261833,152
NGA,2014.0,574183763411.508,185896915.0,8.04741087967907,27.076215327348358,19.040702862989782,153
NIC,2014.0,11880433902.9361,6066492.0,6.03596861798425,23.198158674114275,15.618291236595546,154
NIU,2014.0,189798603751.235,11439213.0,1.96682557818842,25.969229366679137,16.252557835261833,155
NLD,2014.0,901556501756.467,16865008.0,0.976035079699679,27.527388552897502,16.640751560127317,156
NOR,2014.0,501736471832.848,5137232.0,2.04170286707211,26.941340862293952,15.452025165633179,157
NPL,2014.0,22731612922.1906,27672370.0,8.36415469659563,23.84702243239849,17.13594503656333,158
NRU,2014.0,98752257.0453222,10742.0,1.96682557818842,18.40812482776582,9.282009658666542,159
NZL,2014.0,201337554959.49,4516500.0,1.227507505974,26.028248714340087,15.323248136982395,160
OMN,2014.0,92699089726.9181,4002439.0,1.01401483924156,25.252624489922198,15.20241473310979,161
PAK,2014.0,271390474857.632,214264647.0,7.18938402847028,26.326824487410846,19.18272248183325,162
PAN,2014.0,51427104900.0,3892101.0,2.62652699929151,24.66343120312078,15.174459929549963,163
PCN,2014.0,189798603751.235,11439213.0,1.96682557818842,25.969229366679137,16.252557835261833,164
PER,2014.0,200786250582.943,30115826.0,3.41194579807465,26.025506749232054,17.220561405480876,165
PHL,2014.0,297483555344.802,103767130.0,3.59782343864211,26.418624784255748,18.45765982151688,166
PLW,2014.0,243156484.375,17715.0,4.19174548581256,19.30921576677998,9.782223465043089,167
PNG,2014.0,23210823987.308,8523441.0,5.22211720226841,23.867884558037666,15.958330807833592,168
POL,2014.0,542134167178.627,38011735.0,0.0538213132399802,27.01877934867468,17.453405512114017,169
PRK,2014.0,189798603751.235,25451262.0,1.96682557818842,25.969229366679137,17.052275926448498,170
PRT,2014.0,230078616299.675,10401062.0,-0.278153367467428,26.16168689746881,16.15741857042682,171
PRY,2014.0,40377929295.6419,6069811.0,5.02882767456766,24.421549168096256,15.618838190562629,172
PSE,2014.0,13989700000.0,4173398.0,1.73298510037447,23.361587181576866,15.244241369668607,173
PYF,2014.0,6151996560.84289,276387.0,2.06159619443141,22.540042510281406,12.529560954593093,174
QAT,2014.0,206224598571.429,2151745.0,3.34972085659523,26.05223169613987,14.581790163557978,175
ROU,2014.0,199722319675.741,19908979.0,1.06830987684298,26.020193837155578,16.80668144419063,176
RUS,2014.0,2059241589895.01,144237223.0,7.82341183865513,28.35335887069776,18.786969890972525,177
RWA,2014.0,8238966063.86692,11364757.0,2.35449052820358,22.83214069543013,16.246027721597287,178
SAU,2014.0,766605866666.667,28309273.0,2.23629031536978,27.365238642704266,17.158700012110717,179
SDN,2014.0,49516748617.9775,38823318.0,36.9066427863595,24.625576805230533,17.474531629216873,180
SEN,2014.0,19797253440.2679,14152102.0,-1.09025507446895,23.708809049937592,16.465373792918506,181
SGP,2014.0,314863580758.455,5469724.0,1.02514803039391,26.475405305013027,15.514738898911338,182
SGS,2014.0,189798603751.235,11439213.0,1.96682557818842,25.969229366679137,16.252557835261833,183
SHN,2014.0,189798603751.235,11439213.0,1.96682557818842,25.969229366679137,16.252557835261833,184
SLB,2014.0,1335571420.72676,616908.0,5.16590237925171,21.012625068475376,13.332476804165715,185
SLE,2014.0,7845456215.27807,6876385.0,4.63931171409667,22.783200375204476,15.74360378119836,186
SLV,2014.0,22593470000.0,6162955.0,1.14134467538233,23.840926763465173,15.634067090538723,187
SMR,2014.0,1673911426.17254,32655.0,1.11296303373851,21.2384288967253,10.393783885049626,188
SOM,2014.0,5728399710.56333,13339491.0,1.96682557818842,22.468702046216773,16.406239516767133,189
SPM,2014.0,189798603751.235,11439213.0,1.96682557818842,25.969229366679137,16.252557835261833,190
SRB,2014.0,49114321280.3466,7131787.0,2.08244793880154,24.617416505008944,15.780072532341089,191
SSD,2014.0,13962212847.4576,11235073.0,1.67429906295525,23.359620435218527,16.234551050139732,192
STP,2014.0,293119143.246825,196767.0,6.99849943966421,19.496089719982162,12.189780648753196,193
SUR,2014.0,5240606060.60606,575373.0,3.38341272749477,22.379702989203032,13.262775543121073,194
SVK,2014.0,101713075598.862,5418649.0,-0.0761653295419871,25.345421702039932,15.505357264900104,195
SVN,2014.0,49514466379.6057,2061980.0,0.19934382657075,24.625530713937557,14.539177729161596,196
SWE,2014.0,577730245154.162,9696110.0,-0.179638494114635,27.082372892794833,16.087235435245507,197
SWZ,2014.0,4250545460.94523,1136299.0,5.68134885776447,22.170313155634464,13.9432879279061,198
SYC,2014.0,1387577870.08161,91359.0,1.38583454581263,21.05082552531207,11.422563024889838,199
SYR,2014.0,21502061465.9498,20273659.0,10.9271141804297,23.791414649667338,16.824833064536254,200
TCA,2014.0,841070000.0,35050.0,1.96682557818842,20.550185449907353,10.464559422726214,201
TCD,2014.0,13940767218.5849,14188678.0,1.68197313925661,23.358083278037242,16.46795495107476,202
TGO,2014.0,6393318261.82712,7472450.0,0.19087507624975,22.57851926050878,15.82673361574168,203
THA,2014.0,407339040197.651,70216367.0,1.8951418189878,26.732911698219354,18.067092004211077,204
TJK,2014.0,9112605459.32845,8425552.0,6.10442765129667,22.932924507364117,15.946779670030818,205
TKL,2014.0,189798603751.235,11439213.0,1.96682557818842,25.969229366679137,16.252557835261833,206
TKM,2014.0,43524210526.3158,6075283.0,1.96682557818842,24.496583184063176,15.619739295069381,207
TLS,2014.0,1447535200.0,1181903.0,0.726275016139465,21.093128085595872,13.982637255375685,208
TON,2014.0,440997738.014078,106609.0,2.51087633253706,19.904550306445774,11.576932594944521,209
TTO,2014.0,29697674913.5408,1345343.0,5.68441814595659,24.114334593984882,14.112160300398315,210
TUN,2014.0,50271812920.612,11274288.0,4.62555099534031,24.64071037768894,16.238035381497696,211
TUR,2014.0,938934609296.966,77181884.0,8.85457271364324,27.568011675069478,18.161675337201256,212
TUV,2014.0,38760982.6540096,10984.0,1.96682557818842,17.472924722735247,9.30428598481871,213
TZA,2014.0,49986726460.6805,50351512.0,6.13161432988012,24.635023336364565,17.734539226329797,214
UGA,2014.0,32612397257.4458,36395539.0,3.07570668958641,24.207958337030842,17.409956797627338,215
UKR,2014.0,133503871861.723,45972380.0,12.0718562874251,25.61739631708317,17.6435513610898,216
UMI,2014.0,189798603751.235,11439213.0,1.96682557818842,25.969229366679137,16.252557835261833,217
URY,2014.0,61496186973.902,3356334.0,8.87735333229828,24.84224100942868,15.026360162803162,218
USA,2014.0,17608138000000.0,318386329.0,1.62222297740817,30.499382297468713,19.57877607759575,219
UZB,2014.0,80845385809.4529,30222994.0,9.28309356162695,25.115804350350846,17.22411361645009,220
VAT,2014.0,189798603751.235,11439213.0,1.96682557818842,25.969229366679137,16.252557835261833,221
VCT,2014.0,770900000.0,107535.0,0.193858560794015,20.463069222726677,11.585580954209748,222
VEN,2014.0,482359318767.703,30254079.0,62.1686499794829,26.901955147892686,17.22514160937923,223
VGB,2014.0,189798603751.235,32962.0,1.96682557818842,25.969229366679137,10.403140999298868,224
VNM,2014.0,233451469642.519,91679578.0,4.08455446637617,26.176240053668103,18.333810218860823,225
VUT,2014.0,772315983.81843,260240.0,0.798863838097023,20.464904331005513,12.469363403746675,226
WLF,2014.0,189798603751.235,11439213.0,1.96682557818842,25.969229366679137,16.252557835261833,227
WSM,2014.0,796683519.593842,200037.0,-0.40681608842489,20.49596806955507,12.20626262748246,228
YEM,2014.0,43228585321.3272,30226309.0,8.10472583623915,24.48976781064745,17.224223295130543,229
ZAF,2014.0,381198869776.106,55594838.0,6.13282953059149,26.666587043814157,17.833600931171414,230
ZMB,2014.0,27141023558.0829,15895315.0,7.80687553566333,24.02431220468335,16.58153503259498,231
ZWE,2014.0,19495519600.0,14207359.0,-0.19778481012661,23.693450512065027,16.469270698154485,232
ABW,2015.0,2962907262.56983,107906.0,0.474763597342641,21.809436806894087,11.589025024026094,0
AFG,2015.0,19134221644.7325,33831764.0,-0.661709164713742,23.67474427800341,17.33691071202379,1
AGO,2015.0,90496420506.5957,28157798.0,9.35597215533784,25.22857613446782,17.15333492568806,2
AIA,2015.0,189798603751.235,11439213.0,1.96682557818842,25.969229366679137,16.252557835261833,3
ALB,2015.0,11386853113.0189,2880703.0,3.50120835492657,23.155725291246604,14.873545266684898,4
AND,2015.0,2789881258.50362,72174.0,2.06159619443141,21.749264872556314,11.186849004531135,5
ARE,2015.0,370275469560.166,8505237.0,4.06996608361593,26.637513077900337,15.956192766959662,6
ARG,2015.0,594749285413.212,43477012.0,2.06159619443141,27.111405784639413,17.58774291960538,7
ARM,2015.0,10553337518.414,3004600.0,3.73169119261693,23.07970799939066,14.91565533843341,8
ASM,2015.0,673000000.0,52878.0,1.96682557818842,20.327255889094886,10.875761563605456,9
ATA,2015.0,189798603751.235,11439213.0,1.96682557818842,25.969229366679137,16.252557835261833,10
ATF,2015.0,189798603751.235,11439213.0,1.96682557818842,25.969229366679137,16.252557835261833,11
ATG,2015.0,1437755555.55556,89409.0,0.968993458825638,21.086349093308492,11.400987811729363,12
AUS,2015.0,1351296372254.31,23815995.0,1.50836672165921,27.932085523353763,16.98586801372342,13
AUT,2015.0,379546097300.633,8642699.0,0.89656333526032,26.662241894920896,15.972225591962284,14
AZE,2015.0,53076235354.746,9649341.0,4.02768573742726,24.69499511992658,16.082400284461865,15
BDI,2015.0,3104003546.26497,11047580.0,5.54468891259779,21.855958582071167,16.217722047935712,16
BEL,2015.0,461044767544.531,11274196.0,0.561429152790065,26.856760984871457,16.23802722130459,17
BEN,2015.0,11388160997.1089,11360681.0,0.218785923536154,23.155840143785003,16.245669004666507,18
BES,2015.0,189798603751.235,11439213.0,1.96682557818842,25.969229366679137,16.252557835261833,19
BFA,2015.0,11832159315.6298,18777487.0,0.724838981070517,23.194087027158595,16.74816926347939,20
BGD,2015.0,195146608978.131,159383179.0,6.19428022984984,25.99701695393798,18.886821798050054,21
BGR,2015.0,50811995688.6771,7177991.0,-0.104633261008385,24.651398299278785,15.78653023617249,22
BHR,2015.0,32523297872.3404,1370322.0,1.84862742374977,24.205222527103636,14.13055703643913,23
BHS,2015.0,11671900000.0,385346.0,1.86148302863371,23.180450080703874,12.861899506045434,24
BIH,2015.0,16404348871.4437,3518541.0,-1.03602303425474,23.520812311772854,15.073557257222427,25
BLM,2015.0,189798603751.235,11439213.0,1.96682557818842,25.969229366679137,16.252557835261833,26
BLR,2015.0,56454889146.6088,9461076.0,13.5344897649735,24.756707734023852,16.062696782328022,27
BLZ,2015.0,2193050000.0,356333.0,-0.861584009427748,21.508559106395836,12.783623772244713,28
BMU,2015.0,6654541000.0,63464.0,2.06159619443141,22.618565315866448,11.058243851822278,29
BOL,2015.0,33000198248.1292,11014705.0,4.05961041135645,24.219779405944216,16.214741846986296,30
BRA,2015.0,1802212206904.68,201675532.0,9.02990102416136,28.220036030060154,19.122170691649817,31
BRB,2015.0,5288057750.0,278990.0,-1.11278992510967,22.38871686057837,12.538934802218684,32
BRN,2015.0,12930296852.4882,422212.0,-0.488347420743522,23.28283898797307,12.953265205016589,33
BTN,2015.0,2187815803.82922,740618.0,4.54814395082205,21.50616953369793,13.515241602006995,34
BVT,2015.0,189798603751.235,11439213.0,1.96682557818842,25.969229366679137,16.252557835261833,35
BWA,2015.0,13530748844.505,2203273.0,3.06203169580558,23.328230624641492,14.605454993901557,36
CAF,2015.0,1695825714.19282,4629320.0,1.40297017136816,21.251435606767334,15.347920763040102,37
CAN,2015.0,1556508816217.14,35704498.0,1.12524136094277,28.0734664909419,17.390787261218673,38
CCK,2015.0,189798603751.235,11439213.0,1.96682557818842,25.969229366679137,16.252557835261833,39
CHE,2015.0,694118186379.628,8282396.0,-1.14390867228183,27.26590808033269,15.929642977220123,40
CHL,2015.0,242450355827.827,18047625.0,4.34877353217044,26.21406280813467,16.70852471054748,41
CHN,2015.0,11061572618578.7,1379860000.0,1.43702380935655,30.034498291659734,21.045247882418547,42
CIV,2015.0,45815005169.2651,25246342.0,1.25149954781477,24.547877498214504,17.044191871513355,43
CMR,2015.0,32210233020.4569,22763414.0,2.676235314199,24.195550034707836,16.94066519990367,44
COD,2015.0,37917706497.1793,81035531.0,0.74419899478147,24.35868402986113,18.210398283117286,45
COG,2015.0,12434793867.3568,5097581.0,3.16909796750829,23.24376433733393,15.444276867618186,46
COK,2015.0,189798603751.235,11439213.0,1.96682557818842,25.969229366679137,16.252557835261833,47
COL,2015.0,293492370193.166,46969940.0,4.9898311584953,26.40511747994537,17.66501840188146,48
COM,2015.0,966029600.862227,726682.0,1.96682557818842,20.688705035456998,13.496245622908777,49
CPV,2015.0,1749857620.35329,512394.0,0.131187999024545,21.2828002623453,13.146851090955545,50
CRI,2015.0,56441920820.5194,4818038.0,0.801982005099623,24.756477996334187,15.387877556769274,51
CUB,2015.0,87132800000.0,11275065.0,1.96682557818842,25.19069922857364,16.238104296994422,52
CUW,2015.0,3058779217.87709,157980.0,-0.476542049801405,21.84128172523036,11.970230051613555,53
CXR,2015.0,189798603751.235,11439213.0,1.96682557818842,25.969229366679137,16.252557835261833,54
CYM,2015.0,4708167232.66893,61642.0,-2.34752770165615,22.2725645468837,11.029114957944724,55
CYP,2015.0,19909278416.8575,1219502.0,-2.0969976905311,23.71445171216874,14.013953956659686,56
CZE,2015.0,189107698561.919,10546059.0,0.309364548494975,25.96558252337874,16.171262888417264,57
DEU,2015.0,3423568450957.03,81686611.0,0.514426137125456,28.861704529745506,18.218400678593376,58
DJI,2015.0,2424391785.43897,1020313.0,-0.847389733971996,21.60884652016195,13.835620981023732,59
DMA,2015.0,540737037.037037,70410.0,-0.84382698463833,20.108443652167175,11.162104779940375,60
DNK,2015.0,301758922337.637,5683483.0,0.452034153691575,26.432894265131935,15.553074982938229,61
DOM,2015.0,71164826836.5281,10434829.0,0.836746346724557,24.988264528212728,16.16065980703347,62
DZA,2015.0,187493855609.345,40019529.0,4.78444700693889,25.957011911741766,17.504878142922962,63
ECU,2015.0,97209558000.0,16266225.0,3.96664623255358,25.30013487692202,16.604601491624386,64
EGY,2015.0,329366576819.407,99597342.0,10.370490343517,26.520437182694263,18.41664604549217,65
ERI,2015.0,189798603751.235,3105546.0,1.96682557818842,25.969229366679137,14.94870042530587,66
ESH,2015.0,189798603751.235,11439213.0,1.96682557818842,25.969229366679137,16.252557835261833,67
ESP,2015.0,1206164777553.12,46444832.0,-0.500365709903242,27.81846683637139,17.653775779146525,68
EST,2015.0,23311847750.9394,1315407.0,-0.49232600654737,23.872227555489953,14.089657441631106,69
ETH,2015.0,64589328550.5953,103867135.0,9.56889955968623,24.891315041389387,18.458623101896155,70
FIN,2015.0,233210733506.25,5479531.0,-0.207928839905268,26.175208317410064,15.516530253817432,71
FJI,2015.0,4682479912.05203,918578.0,1.37488542621438,22.267093702481972,13.73058318973727,72
FLK,2015.0,189798603751.235,11439213.0,1.96682557818842,25.969229366679137,16.252557835261833,73
FRA,2015.0,2442483452642.5,66548272.0,0.0375143805125182,28.52403644607827,18.013438152055453,74
FRO,2015.0,2573905971.05459,48901.0,1.96682557818842,21.66869041555979,10.79757357442209,75
FSM,2015.0,316489900.0,108716.0,-0.2981158373807,19.572801890666593,11.596503454625324,76
GAB,2015.0,14383107762.6952,2040989.0,-0.338795188753406,23.389320282975277,14.528945542220939,77
GBR,2015.0,2927911140916.73,65116219.0,0.36804684232536,28.705310363519878,17.991684231290737,78
GEO,2015.0,15223796148.8396,3725276.0,4.00357820695097,23.446125576798035,15.130651769447157,79
GHA,2015.0,49406010054.2663,28696068.0,17.1499695007878,24.623337914777963,17.172270702707674,80
GIB,2015.0,189798603751.235,33193.0,1.96682557818842,25.969229366679137,10.410124415680665,81
GIN,2015.0,8794201742.84609,11767070.0,11.7800825029834,22.89735844852059,16.280815595251266,82
GMB,2015.0,1378176608.93204,2224529.0,6.8084549457961,21.044027165282067,14.615056215313965,83
GNB,2015.0,1152384166.79638,1786457.0,1.47672048910494,20.865098822618265,14.395745446513494,84
GNQ,2015.0,13185496881.0174,1453923.0,1.67663085315988,23.30238334144298,14.189776666108399,85
GRC,2015.0,194567373678.099,10820883.0,-1.73588804765284,25.994044334261293,16.196988528599828,86
GRD,2015.0,997007407.407407,114676.0,-0.515448031435329,20.72026875859801,11.649874759906268,87
GRL,2015.0,2499113022.81675,56114.0,2.06159619443141,21.639201715394236,10.935158435450356,88
GTM,2015.0,62186064718.7424,15971743.0,2.38872032839551,24.85339677171534,16.58633171898771,89
GUM,2015.0,5799000000.0,164905.0,1.96682557818842,22.48095132601316,12.013130893574044,90
GUY,2015.0,4279840193.7046,758781.0,-1.00173432776374,22.177181508157208,13.539469795095846,91
HKG,2015.0,309385622601.348,7291300.0,2.99084819322581,26.45785430536427,15.802192551710933,92
HND,2015.0,20979791685.416,9237305.0,3.15783117980923,23.766825510714458,16.038760842664882,94
HRV,2015.0,51005200669.6941,4151725.0,-0.464499004644911,24.655193438406926,15.239034709357403,95
HTI,2015.0,14849629308.6025,10523242.0,6.73184069658997,23.421240739567224,16.16909698773039,96
HUN,2015.0,125174166987.372,9843028.0,-0.0616446800641672,25.55297194036394,16.10227404686323,97
IDN,2015.0,860854232717.718,261799249.0,6.36312113115612,27.481191027063023,19.383088546653692,98
IND,2015.0,2103588360044.94,1328024498.0,4.90697344127256,28.374665745296767,21.00695833587266,99
IOT,2015.0,189798603751.235,11439213.0,1.96682557818842,25.969229366679137,16.252557835261833,100
IRL,2015.0,302391428540.035,4701957.0,-0.330959783371788,26.43498813607836,15.363489575673054,101
IRN,2015.0,409191686496.677,82619362.0,12.4846815611533,26.73744955434066,18.229754629905592,102
IRQ,2015.0,166774104959.102,37560535.0,1.39333028780309,25.83990606877659,17.441464482703047,103
ISL,2015.0,17517210519.0912,330815.0,1.63305558181326,23.58644969288853,12.709317608555711,104
ISR,2015.0,302722655203.465,8380100.0,-0.601291007162392,26.436082893927857,15.941370524891601,105
ITA,2015.0,1845428048839.1,60730582.0,0.0387903996579733,28.243732371303473,17.92195796769595,106
JAM,2015.0,14188936958.4343,2802534.0,3.69154228855725,23.375728410543562,14.846034922699708,107
JOR,2015.0,38587017887.3239,9544729.0,-0.876851359704049,24.37618173271086,16.07149972768061,108
JPN,2015.0,4444930651964.18,127141000.0,0.795279630579839,29.12278538341505,18.66080727265218,109
KAZ,2015.0,184388404706.042,18084169.0,6.67828585615244,25.940310264893544,16.71054752792754,110
KEN,2015.0,70120446896.8359,47088526.0,6.58215429284779,24.973480270308226,17.66753994120384,111
KGZ,2015.0,6678177511.66313,6040035.5,6.50331838993384,22.622110959825147,15.613920612939097,112
KHM,2015.0,24174170369.0738,15623251.0,1.22393195511119,23.908550560016398,16.5642708753286,113
KIR,2015.0,191559398.175292,116815.0,0.572015743634256,19.070708496950637,11.668355326295867,114
KNA,2015.0,957222222.222222,47087.0,-2.30187563045616,20.679546130634773,10.759773470473254,115
KOR,2015.0,1466038936206.43,51014947.0,0.70633177245575,28.01358527852696,17.747629245782978,116
KWT,2015.0,114585555830.916,3834574.0,3.27170166092133,25.46458759342224,15.159569165260343,117
LAO,2015.0,14426380125.6488,6801645.0,1.27735427102992,23.392324320788095,15.732675199678354,118
LBN,2015.0,49929337836.8159,6472469.0,-3.74914524799629,24.633874599560773,15.683068355602883,119
LBR,2015.0,3227075700.0,4659431.0,7.74869687621322,21.894842208371394,15.354404110260814,120
LBY,2015.0,48717501321.3052,6531819.0,10.4022933588151,24.609304172544867,15.692196176048588,121
LCA,2015.0,1807629629.62963,174905.0,-0.983600952696996,21.315282227616233,12.072003965735604,122
LKA,2015.0,85140955388.8509,20970000.0,3.76836783062096,25.167574018681755,16.858603450565273,123
LSO,2015.0,2359686724.53829,2104611.0,3.21844513655931,21.581794703756763,14.559641685068659,124
LTU,2015.0,41540954817.2039,2904910.0,-0.884097405500596,24.44994564064307,14.881913310965786,125
LUX,2015.0,60071584216.1375,569604.0,0.474743161437779,24.818802758311357,13.252698417131263,126
LVA,2015.0,26344565876.8902,1977527.0,0.174242243625186,23.994527862122688,14.49735813781574,127
MAC,2015.0,45048190598.3249,642900.0,4.56056338028164,24.530998655917234,13.373746025580427,128
MAR,2015.0,110413823841.592,34607588.0,1.5579071134626,25.42750117891605,17.359583551237606,129
MDA,2015.0,7797667196.73087,2835978.0,9.67624033101868,22.777090448695457,14.857897761811254,130
MDG,2015.0,11323020701.3017,25426702.0,7.40419174202129,23.150103720617338,17.05131047897335,131
MDV,2015.0,4129505319.12921,428154.0,0.953206658777607,22.141423459537066,12.96724055853633,132
MEX,2015.0,1213294467716.88,121072306.0,2.72064064964023,27.8243604762954,18.61189850359447,133
MHL,2015.0,183700000.0,48800.0,1.96682557818842,19.028814555629012,10.795506083434564,134
MKD,2015.0,10064519962.5655,1912430.0,-0.299920475631552,23.032282201265964,14.463885765600613,135
MLI,2015.0,13104764378.326,18593022.0,1.45069057605961,23.29624169411154,16.738296960786123,136
MLT,2015.0,11340795041.8065,445053.0,1.10054826378929,23.151672242383384,13.005950902100873,137
MMR,2015.0,59607290407.5944,51089056.0,9.45417189526018,24.811043725828807,17.749080883512836,138
MNE,2015.0,4054730077.57718,622159.0,1.54869158222486,22.12314995721246,13.340952573368824,139
MNG,2015.0,11619892590.6941,3026864.0,5.7356828193832,23.175984344927638,14.923037988396821,140
MNP,2015.0,910000000.0,51514.0,1.96682557818842,20.628955158574072,10.849628306379168,141
MOZ,2015.0,16208985769.615,26547572.0,3.55075967356746,23.50883160260667,17.09444888904447,142
MRT,2015.0,6166863896.68677,3965959.0,3.25472688117631,22.542456263259787,15.193258502282323,143
MSR,2015.0,194567373678.099,16073372.0,2.06159619443141,25.994044334261293,16.592674609901806,144
MUS,2015.0,12007291045.6489,1262879.0,1.28654970760232,23.20877988944877,14.048905384942229,145
MWI,2015.0,9219474379.31534,17085587.0,21.8673475542553,22.94458386424727,16.653745859093828,146
MYS,2015.0,301355266964.947,31232798.0,2.10438980238359,26.431555694625324,17.25697935060338,147
NAM,2015.0,11335161083.5061,2374300.0,3.39401538410559,23.151175332053807,14.680213636342014,149
NCL,2015.0,8738203074.3957,283168.0,0.570508141048402,22.890970407694923,12.553799171533324,150
NER,2015.0,9683867926.44282,19939498.0,-0.576090369833189,22.993727237705638,16.80821319680619,151
NFK,2015.0,189798603751.235,11439213.0,1.96682557818842,25.969229366679137,16.252557835261833,152
NGA,2015.0,493026682800.63,190671878.0,9.00943498007699,26.923829132854365,19.066064597714888,153
NIC,2015.0,12756685550.3389,6149417.0,3.99737996694396,23.269321328091525,15.631868001158265,154
NIU,2015.0,189798603751.235,11439213.0,1.96682557818842,25.969229366679137,16.252557835261833,155
NLD,2015.0,775743675302.734,16939923.0,0.600248147278776,27.377087987233264,16.64518376075545,156
NOR,2015.0,388159512245.53,5188607.0,2.17113665389527,26.68468220612291,15.461976011075363,157
NPL,2015.0,24360801286.7638,27823629.0,7.86890895590899,23.916241172833487,17.141396217615444,158
NRU,2015.0,84383388.6448573,10954.0,1.96682557818842,18.25088113504179,9.301551252029567,159
NZL,2015.0,178104220784.881,4609400.0,0.292704628136101,25.905634725927417,15.34360847160648,160
OMN,2015.0,78710793237.9714,4184895.0,0.0652901330286599,25.089046127044796,15.246992410939821,161
PAK,2015.0,299963590534.773,217290883.0,2.52932817254229,26.42692693935654,19.19674749312717,162
PAN,2015.0,55767806100.0,3960035.0,0.137492058461504,24.74446258823808,15.191763674098432,163
PCN,2015.0,189798603751.235,11439213.0,1.96682557818842,25.969229366679137,16.252557835261833,164
PER,2015.0,189802976285.619,30457600.0,3.39809194746308,25.969252404172202,17.2318461433014,165
PHL,2015.0,306445871246.718,105312992.0,0.674192536845408,26.44830697394588,18.472447359805635,166
PLW,2015.0,278824781.25,17770.0,0.949040643697081,19.446094121888773,9.785323194185485,167
PNG,2015.0,21723437010.0982,8743246.0,5.99595778127107,23.80165756125651,15.983792188936338,168
POL,2015.0,480054118583.367,37986412.0,-0.87412587412577,26.897164681543643,17.452739101121896,169
PRK,2015.0,189798603751.235,25575350.0,1.96682557818842,25.969229366679137,17.057139594047964,170
PRT,2015.0,199038523119.639,10358076.0,0.48793862390472,26.016764226456832,16.153277159805885,171
PRY,2015.0,36211447840.0971,6159103.0,3.12900274473925,24.312641144489557,15.63344187038471,172
PSE,2015.0,13972400000.0,4270092.0,1.43161145810476,23.36034979223872,15.267146164827114,173
PYF,2015.0,5325846361.81186,277866.0,1.96682557818842,22.395837477285177,12.534897860928533,174
QAT,2015.0,161739955576.923,2344557.0,1.8140772393776,25.809255669962898,14.667607455956047,175
ROU,2015.0,177885131240.315,19815616.0,-0.594156437495203,25.904403848818426,16.80198092214864,176
RUS,2015.0,1363482182197.71,144640716.0,15.5344050528403,27.94106297145229,18.78976341173081,177
RWA,2015.0,8543759677.58157,11640022.0,2.52850284192421,22.868466991261826,16.269959976210632,178
SAU,2015.0,669484266666.667,29816382.0,1.20607322150109,27.22977350167853,17.210568565510837,179
SDN,2015.0,51726758676.7677,40024431.0,16.9095706050977,24.669241060536844,17.505000625615814,180
SEN,2015.0,17774766696.1759,14593331.0,0.13521193363526,23.60104568721489,16.496075270024956,181
SGP,2015.0,307998545269.398,5535002.0,-0.522618167075298,26.453360896760774,15.526602666130147,182
SGS,2015.0,189798603751.235,11439213.0,1.96682557818842,25.969229366679137,16.252557835261833,183
SHN,2015.0,189798603751.235,11439213.0,1.96682557818842,25.969229366679137,16.252557835261833,184
SLB,2015.0,1307909887.55212,639415.0,-0.57446928635949,20.991696195063966,13.36831053875429,185
SLE,2015.0,6651626733.64854,7037655.0,6.68943562498681,22.61812728345081,15.7667857181471,186
SLV,2015.0,23438240000.0,6183676.0,-0.731384487387957,23.877634713554613,15.63742363631995,187
SMR,2015.0,1419401070.56043,32897.0,0.145686073241066,21.07350083899388,10.401167144632103,188
SOM,2015.0,6152149080.00168,13806963.0,1.96682557818842,22.540067301788795,16.44068366052182,189
SPM,2015.0,189798603751.235,11439213.0,1.96682557818842,25.969229366679137,16.252557835261833,190
SRB,2015.0,41297410634.9586,7095383.0,1.39235822000187,24.444065638481998,15.774954989733269,191
SSD,2015.0,11997800760.2242,11107561.0,52.7663304192142,23.207989200040448,16.22313669559071,192
STP,2015.0,259999643.047388,200291.0,5.24587835022454,19.376190819930358,12.207531580766418,193
SUR,2015.0,5126237646.22072,581627.0,6.89390359168238,22.357637824956978,13.273586347096252,194
SVK,2015.0,89178548717.3324,5423801.0,-0.325219777427673,25.213906362390677,15.506307603511287,195
SVN,2015.0,42709468274.8137,2063531.0,-0.525552285820877,24.47768647208084,14.539929635687194,196
SWE,2015.0,501698263620.663,9799186.0,-0.0467847449832812,26.94126470744132,16.097809981015825,197
SWZ,2015.0,3878174403.5524,1142813.0,4.95124493704919,22.078630365564393,13.949004199876248,198
SYC,2015.0,1432403352.12944,93419.0,4.04194410725617,21.082619537002763,11.4448607340561,199
SYR,2015.0,16466863117.0009,19424618.0,38.4611429599733,23.524615902643983,16.782051840126016,200
TCA,2015.0,942070000.0,36605.0,1.96682557818842,20.663590140820048,10.507967440379907,201
TCD,2015.0,10950392256.9543,14647621.0,4.37712665065654,23.116641115211532,16.499788559432787,202
TGO,2015.0,5755461035.38026,7663195.0,2.58500390801595,22.473414986490248,15.851939687075529,203
THA,2015.0,401296238228.084,70540795.0,-0.900424963291569,26.717965740213433,18.07170176708617,204
TJK,2015.0,8271431485.07484,8643840.0,5.7145594964971,22.836073424845182,15.972357602177821,205
TKL,2015.0,189798603751.235,11439213.0,1.96682557818842,25.969229366679137,16.252557835261833,206
TKM,2015.0,35799714285.7143,6215770.0,1.96682557818842,24.301205749503183,15.642600329939155,207
TLS,2015.0,1590282400.0,1205131.0,0.552796026277853,21.187177448099465,14.0020996624759,208
TON,2015.0,437525514.240726,106095.0,-1.05399831971283,19.896645582611598,11.572099623608649,209
TTO,2015.0,27026750552.9647,1349667.0,4.66121598098264,24.020092973728694,14.115369194243947,210
TUN,2015.0,45779494041.9295,11402264.0,4.437371273215,24.547102099485983,16.249322577840157,211
TUR,2015.0,864313810469.009,78218479.0,7.67085364845877,27.48520174636944,18.175016494732592,212
TUV,2015.0,36811936.0824587,10963.0,1.96682557818842,17.42133272778096,9.302372457422676,213
TZA,2015.0,47413919817.124,52020962.0,5.58816952959298,24.582181689584743,17.76715732992416,214
UGA,2015.0,32387183730.1002,37531446.0,5.58968606251725,24.201028617633742,17.440689726189955,215
UKR,2015.0,91030967789.0717,45784896.0,48.6998646434424,25.23446559095792,17.63946483487636,216
UMI,2015.0,189798603751.235,11439213.0,1.96682557818842,25.969229366679137,16.252557835261833,217
URY,2015.0,57680327998.6689,3368017.0,8.66626987079328,24.77818201644766,15.029834998748125,218
USA,2015.0,18295019000000.0,320738994.0,0.118627135552451,30.537649952934352,19.586138250660966,219
UZB,2015.0,86196264755.3105,30749346.0,8.75188196737508,25.179892681383805,17.24137931621896,220
VAT,2015.0,189798603751.235,11439213.0,1.96682557818842,25.969229366679137,16.252557835261833,221
VCT,2015.0,786555555.555555,106960.0,-1.73361194953959,20.48317391567361,11.580219561021574,222
VEN,2015.0,189798603751.235,30573972.0,121.738085297503,25.969229366679137,17.235659649439437,223
VGB,2015.0,189798603751.235,34498.0,1.96682557818842,25.969229366679137,10.448685617092117,224
VNM,2015.0,239258328381.741,92823254.0,0.631200905175754,26.200809677050792,18.346207759035742,225
VUT,2015.0,730870802.967051,266101.0,2.48326875660439,20.409747263334754,12.491634972908976,226
WLF,2015.0,189798603751.235,11439213.0,1.96682557818842,25.969229366679137,16.252557835261833,227
WSM,2015.0,824150498.653536,201782.0,0.724470134874729,20.52986371640674,12.214948141529517,228
YEM,2015.0,42444489522.2303,31159379.0,1.96682557818842,24.471462930281838,17.25462588146463,229
ZAF,2015.0,346709790458.563,56723537.0,4.51869094892506,26.571753928233665,17.85369981482955,230
ZMB,2015.0,21251216798.7762,16399089.0,10.1105928909618,23.779679991843416,16.612736403450043,231
ZWE,2015.0,19963120600.0,14399013.0,-2.43096842383404,23.717152438344947,16.482670289979676,232
ABW,2016.0,2983635195.53073,108727.0,-0.931195987079561,21.81640825864105,11.596604629635184,0
AFG,2016.0,18116572395.0772,34700612.0,4.38389195513915,23.620092958303584,17.362267910467104,1
AGO,2016.0,52761617225.9253,29183070.0,30.6944150806719,24.68904981684518,17.189099338838567,2
AIA,2016.0,189798603751.235,11439213.0,1.96682557818842,25.969229366679137,16.252557835261833,3
ALB,2016.0,11861199830.8396,2876101.0,-0.367317209784652,23.19653839165869,14.87194646311907,4
AND,2016.0,2896610479.73077,72181.0,2.06159619443141,21.786807090611706,11.186945986319417,5
ARE,2016.0,369255326235.771,8935095.0,1.61748808904198,26.634754182727182,16.005497450782077,6
ARG,2016.0,557532320662.955,43900313.0,2.06159619443141,27.046786312885363,17.59743203063941,7
ARM,2016.0,10546136235.5219,2992300.0,-1.403607559009,23.079025396283583,14.911553214620781,8
ASM,2016.0,671000000.0,52245.0,1.96682557818842,20.32427969642627,10.863718611872649,9
ATA,2016.0,189798603751.235,11439213.0,1.96682557818842,25.969229366679137,16.252557835261833,10
ATF,2016.0,189798603751.235,11439213.0,1.96682557818842,25.969229366679137,16.252557835261833,11
ATG,2016.0,1489692592.59259,89969.0,-0.489437796230499,21.121835622593213,11.407231560411164,12
AUS,2016.0,1206836962281.84,24190907.0,1.27699094497324,27.81902397210404,17.001487418053717,13
AUT,2016.0,393687359770.273,8736668.0,0.891591752655362,26.698822928135506,15.98303955370508,14
AZE,2016.0,37866996882.9157,9757812.0,12.4433748584372,24.357345775053272,16.093578855411227,15
BDI,2016.0,2644487776.50077,11239451.0,5.55768961400965,21.695743226603234,16.234940646792882,16
BEL,2016.0,474271566739.729,11331422.0,1.97385264653181,26.88504592019562,16.24309022088116,17
BEN,2016.0,11821065852.1271,11697842.0,-0.793310145785534,23.193149018558376,16.27491502379742,18
BES,2016.0,189798603751.235,11439213.0,1.96682557818842,25.969229366679137,16.252557835261833,19
BFA,2016.0,12833363045.3367,19334856.0,0.441041448058902,23.275314104868322,16.77742008708204,20
BGD,2016.0,265224515675.034,160811932.0,5.51352572692995,26.30384253320292,18.895746122154705,21
BGR,2016.0,53964253211.84,7127822.0,-0.79864988645371,24.71158768676681,15.77951641617464,22
BHR,2016.0,33884680851.0638,1423726.0,2.78679347602044,24.24622885692923,14.168788639091533,23
BHS,2016.0,11745100000.0,388055.0,-0.346376929989397,23.186701969367572,12.868904938087761,24
BIH,2016.0,17116926327.6247,3473003.0,-1.58410000000002,23.563333654661935,15.060530483467558,25
BLM,2016.0,189798603751.235,11439213.0,1.96682557818842,25.969229366679137,16.252557835261833,26
BLR,2016.0,47723545321.259,9469379.0,11.8365807653497,24.588690725680046,16.06357399311405,27
BLZ,2016.0,2240200000.0,364705.0,0.663427167917601,21.5298309849883,12.806846828539697,28
BMU,2016.0,6899911000.0,63449.0,2.06159619443141,22.65477435006064,11.058007473142533,29
BOL,2016.0,33941126200.0606,11180020.0,3.62321431764138,24.24789327831926,16.229638904043668,30
BRA,2016.0,1795693482652.52,203218114.0,8.73914352329393,28.216412404569354,19.129790418317146,31
BRB,2016.0,5330761500.0,279598.0,1.28192813061895,22.39675993565082,12.541111712797486,32
BRN,2016.0,11400266055.3232,427564.0,-0.278693265753083,23.156902530348493,12.965861602584637,33
BTN,2016.0,2357504760.5975,747866.0,3.21988689395718,21.580869592235487,13.524980433660359,34
BVT,2016.0,189798603751.235,11439213.0,1.96682557818842,25.969229366679137,16.252557835261833,35
BWA,2016.0,15082637184.0496,2234776.0,2.81495791361944,23.436810063881758,14.619652004765468,36
CAF,2016.0,1825018144.65595,4713663.0,4.94543276106518,21.324855766756613,15.365976082890791,37
CAN,2016.0,1527994741907.43,36110803.0,1.42875954701085,28.05497736550755,17.402102658306244,38
CCK,2016.0,189798603751.235,11439213.0,1.96682557818842,25.969229366679137,16.252557835261833,39
CHE,2016.0,687895460902.713,8373338.0,-0.434618664285835,27.256902716973855,15.940563287647526,40
CHL,2016.0,249344863933.461,18267221.0,3.78619355893118,26.242102770909927,16.720618864247875,41
CHN,2016.0,11233313730348.7,1387790000.0,2.00000182191943,30.049904919544506,21.050978391475102,42
CIV,2016.0,48407761036.8238,25989405.0,0.723178457513217,24.60292598983514,17.073199551412287,43
CMR,2016.0,33814337044.3765,23454161.0,0.874190383288856,24.244150722439606,16.97055852111667,44
COD,2016.0,37134801555.3322,83956415.0,2.88585107289988,24.33782041420883,18.245808365011783,45
COG,2016.0,10931328150.8478,5222536.0,3.19056179723773,23.114898646102798,15.468493857117297,46
COK,2016.0,189798603751.235,11439213.0,1.96682557818842,25.969229366679137,16.252557835261833,47
COL,2016.0,282720100286.228,47437512.0,7.51346024627675,26.367723200240526,17.67492388716488,48
COM,2016.0,1012835493.19325,741741.0,1.96682557818842,20.73601965434955,13.516756752789885,49
CPV,2016.0,1849789992.7426,512554.0,-1.40781637091706,21.338337952697223,13.147163301309806,50
CRI,2016.0,58847019609.6549,4866998.0,-0.0174788505908217,24.79820702554111,15.39798808335019,51
CUB,2016.0,91370407863.7,11265612.0,1.96682557818842,25.238187497826807,16.237265546701742,52
CUW,2016.0,3024690167.59777,159664.0,-0.0472079848940293,21.830074499579517,11.980833149257101,53
CXR,2016.0,189798603751.235,11439213.0,1.96682557818842,25.969229366679137,16.252557835261833,54
CYM,2016.0,4909322237.28895,63100.0,-0.62525835861814,22.314401732216496,11.052491896264268,55
CYP,2016.0,21046462280.5979,1237112.0,-1.42916666666665,23.769998320318766,14.028290997242884,56
CZE,2016.0,198160659303.939,10566332.0,0.683504209385703,26.012343949256312,16.17318337239376,57
DEU,2016.0,3537784107980.55,82348669.0,0.491747008445174,28.8945216888833,18.226472863880694,58
DJI,2016.0,2604955228.70117,1037653.0,2.73841208738755,21.680681325708917,13.852472953806734,59
DMA,2016.0,576229629.62963,69606.0,0.141816225732312,20.172016803502224,11.150620415977857,60
DNK,2016.0,312181849372.233,5728010.0,0.250000000000031,26.466851705519716,15.560878908011835,61
DOM,2016.0,75704647877.6559,10551430.0,1.61416607245223,25.050105394166234,16.17177204849853,62
DZA,2016.0,180763839522.151,40850721.0,6.39769480268757,25.920457262263852,17.5254350535327,63
ECU,2016.0,97671433000.0,16505139.0,1.72826463324533,25.304874958162607,16.619182405511555,64
EGY,2016.0,332441717791.411,101644589.0,13.813606214829,26.529730396843284,18.43699287478265,65
ERI,2016.0,189798603751.235,3124698.0,1.96682557818842,25.969229366679137,14.95484851651357,66
ESP,2016.0,1243015667917.12,46484062.0,-0.202598000426452,27.84856153329974,17.654620080629034,68
EST,2016.0,24561027787.7896,1315790.0,0.148684907627373,23.9244267874275,14.089948563665361,69
ETH,2016.0,74296745207.8721,106718162.0,6.62813337230924,25.031332981638904,18.485701926715073,70
FIN,2016.0,238777818792.608,5495303.0,0.356684500891695,26.198799328026755,15.519404467310524,71
FJI,2016.0,4930213634.35692,919166.0,3.86322538221269,22.318648157805928,13.731223104088945,72
FLK,2016.0,189798603751.235,11439213.0,1.96682557818842,25.969229366679137,16.252557835261833,73
FRA,2016.0,2470407619777.13,66724104.0,0.18333486112386,28.535404281203025,18.01607683990151,74
FRO,2016.0,2813278868.78208,49464.0,1.96682557818842,21.757616497616578,10.809020627757324,75
FSM,2016.0,325000000.0,109075.0,-1.03746806405349,19.599335743370936,11.599800165953452,76
GAB,2016.0,14023890265.3665,2100306.0,2.10670712784054,23.36402815983183,14.557594082485055,77
GBR,2016.0,2689106566899.61,65611593.0,1.0084173681141,28.62023012311078,17.99926297610291,78
GEO,2016.0,15444548901.9637,3727505.0,2.13492713939121,23.460521956219257,15.131249935277683,79
GHA,2016.0,56164929304.8754,29356742.0,17.4546347070868,24.7515583653527,17.195032822314534,80
GIB,2016.0,189798603751.235,33658.0,1.96682557818842,25.969229366679137,10.424035758450241,81
GIN,2016.0,8595955222.49719,12073030.0,8.17268112275132,22.874557606720227,16.306484680024308,82
GMB,2016.0,1484578885.97132,2283769.0,7.22879272057922,21.118396991188195,14.641338144162006,83
GNB,2016.0,1245074264.10396,1831893.0,1.50312055861088,20.94246101576996,14.420860962280234,84
GNQ,2016.0,11240808847.8878,1508186.0,1.41193915479015,23.142816640467665,14.226418825167055,85
GRC,2016.0,193097239005.87,10775971.0,-0.825653978390973,25.986459728023195,16.19282939870222,86
GRD,2016.0,1061640740.74074,115130.0,1.65038994431573,20.78308141792177,11.653825889463395,87
GRL,2016.0,2707139544.46695,56186.0,2.06159619443141,21.719158396108423,10.936440692397964,88
GTM,2016.0,66053403469.0024,16268760.0,4.44844199942827,24.91372939527761,16.604757323867695,89
GUM,2016.0,5901000000.0,164233.0,1.96682557818842,22.498387665190904,12.00904751912098,90
GUY,2016.0,4482697336.56174,763548.0,0.836008061506207,22.22349078647046,13.545732579708543,91
HKG,2016.0,320860317562.562,7336600.0,2.40930743862224,26.494271717595094,15.808386214317423,92
HND,2016.0,21717604952.1835,9412380.0,2.72461223295289,23.801389056741606,16.05753650824808,94
HRV,2016.0,52654855638.1057,4106867.0,-1.12500000000002,24.68702429613825,15.22817125217383,95
HTI,2016.0,14069277526.2278,10671457.0,11.5029073942666,23.367259358298597,16.183083258741387,96
HUN,2016.0,128609822750.039,9814023.0,0.394769306686392,25.580049028033883,16.099322941115037,97
IDN,2016.0,931877364034.196,264627418.0,3.5258051568793,27.560467059320892,19.393833428615125,98
IND,2016.0,2294796885663.16,1343944296.0,4.94821634062141,28.46166545254586,21.018874632503948,99
IOT,2016.0,189798603751.235,11439213.0,1.96682557818842,25.969229366679137,16.252557835261833,100
IRL,2016.0,305733136180.907,4755335.0,0.0201247735963237,26.445978454414178,15.37477791392572,101
IRN,2016.0,459042684192.698,83812228.0,7.24542548952979,26.852409036569345,18.24408948559304,102
IRQ,2016.0,166743557747.671,38469627.0,0.556521397155511,25.839722886804946,17.465379604809097,103
ISL,2016.0,20793168030.9524,335439.0,1.69692761997751,23.757890309696595,12.723198381844645,104
ISR,2016.0,320958936788.842,8546000.0,-0.551552352993558,26.494579029120533,15.960974012199909,105
ITA,2016.0,1887111188176.93,60627498.0,-0.09401665691575,28.2660683038318,17.92025912699093,106
JAM,2016.0,14077096714.1279,2809915.0,2.35102197485846,23.367814967204662,14.848665147624683,107
JOR,2016.0,39892551126.7606,10006367.0,-0.778430463054142,24.409455454886455,16.118732248287237,108
JPN,2016.0,5003677627544.24,127076000.0,-0.127258844489754,29.241194283505376,18.660295898504067,109
KAZ,2016.0,137278320084.171,18363600.0,14.3610942386247,25.645276235469368,16.72588105682268,110
KEN,2016.0,74815144163.8931,48139687.0,6.29724953814625,25.03828616353166,17.689617509201398,111
KGZ,2016.0,6813095379.1187,6175337.5,0.388838296895799,22.642112388363813,15.63607425678964,112
KHM,2016.0,26556545153.3573,15852803.0,3.01913975139128,24.002542076074214,16.578856951158446,113
KIR,2016.0,206467834.045145,118478.0,1.91731090233378,19.14565519573988,11.682491008662982,114
KNA,2016.0,1006818518.51852,47075.0,-0.687037123294039,20.73006121549261,10.759518595997553,115
KOR,2016.0,1499679823909.61,51217803.0,0.971685739912168,28.036272750526603,17.751597763939152,116
KWT,2016.0,109406674087.947,4004096.0,3.19839776658374,25.41833773137099,15.202828644898034,117
LAO,2016.0,15912501722.6143,6908802.0,1.59691227583204,23.49037090914819,15.74830695353134,118
LBN,2016.0,51147308774.1294,6323060.0,-0.783359624361508,24.65797571359289,15.659713984313525,119
LBR,2016.0,3398419600.0,4755608.0,8.83424868336488,21.946576337269423,15.374835321470414,120
LBY,2016.0,49912073701.298,6632126.0,25.8538742124461,24.633528768398662,15.707436125191721,121
LCA,2016.0,1868555555.55556,175646.0,-3.07821765676927,21.34843153968598,12.076231578128818,122
LKA,2016.0,88012282205.8357,21209000.0,3.9588884659307,25.20074221221778,16.869936225007276,123
LSO,2016.0,2114426452.2019,2130422.0,6.59650490696543,21.47204943214937,14.571831109518213,124
LTU,2016.0,42970749245.0336,2868231.0,0.905525075460342,24.483785471072657,14.869206370038107,125
LUX,2016.0,62216885435.9488,582014.0,0.290833333333317,24.853892269897628,13.274251499577328,126
LVA,2016.0,27117105059.5075,1959537.0,0.140633334505327,24.023430548764384,14.488219289136007,127
MAC,2016.0,45070808688.9611,652500.0,2.36895749705898,24.531500616464722,13.38856795074486,128
MAR,2016.0,111572947004.917,35023457.0,1.63531114327064,25.43794444716624,17.371528623522256,129
MDA,2016.0,7980917075.7748,2803186.0,6.35930898037931,22.800319163706718,14.846267542156378,130
MDG,2016.0,11848613858.442,26099952.0,6.03575858154679,23.195476723798823,17.07744407152502,131
MDV,2016.0,4409942623.85538,443308.0,0.502509413611612,22.207127516083656,13.002022322805423,132
MEX,2016.0,1112233497452.7,122251351.0,2.8217078474766,27.73739126943883,18.621589745562805,133
MHL,2016.0,201800000.0,47709.0,1.96682557818842,19.122787670839184,10.772896298510153,134
MKD,2016.0,10672467073.2873,1906313.0,-0.23929078768441,23.09093309149323,14.460682092544765,135
MLI,2016.0,14026048335.7047,19191289.0,-1.79964707083386,23.36418203327683,16.769967088236275,136
MLT,2016.0,12025782834.3596,455356.0,0.642702771527304,23.210318751472887,13.028837005667967,137
MMR,2016.0,63298361996.2153,51495696.0,6.92882525816076,24.871125288940487,17.757008808745127,138
MNE,2016.0,4376930578.32395,622303.0,-0.271385023385176,22.199613534696734,13.34118399830461,139
MNG,2016.0,11181350649.3573,3088856.0,0.733272227314397,23.137513106889656,14.94331167753035,140
MNP,2016.0,1230000000.0,50773.0,1.96682557818842,20.930280007143747,10.835139691522983,141
MOZ,2016.0,12069051237.1711,27337105.0,17.4180418197597,23.213910264009492,17.123755531426173,142
MRT,2016.0,6398747592.13185,4086657.0,1.47171045650004,22.579368119589383,15.223238079084199,143
MSR,2016.0,194567373678.099,16073372.0,2.06159619443141,25.994044334261293,16.592674609901806,144
MUS,2016.0,12594155464.4136,1263747.0,0.977675134719049,23.256498691339946,14.049592466724071,145
MWI,2016.0,7909868618.46366,17557739.0,21.7111132136499,22.791377009164982,16.68100543629395,146
MYS,2016.0,301256033870.334,31789685.0,2.09056659525742,26.4312263509991,17.274652455518293,147
NAM,2016.0,10722018732.0936,2439213.0,6.72858234593338,23.095565289514344,14.707186414226461,149
NCL,2016.0,8724568954.89799,283423.0,0.578317435520754,22.889408900479044,12.55469928860931,150
NER,2016.0,10398861981.7583,20685753.0,1.65388922387806,23.064962212371636,16.844955808748235,151
NFK,2016.0,189798603751.235,11439213.0,1.96682557818842,25.969229366679137,16.252557835261833,152
NGA,2016.0,404649125252.16,195443700.0,15.6968126387972,26.726286171148878,19.090782921492547,153
NIC,2016.0,13286101094.3863,6232666.0,3.52317317628473,23.309984295327023,15.645314889046944,154
NIU,2016.0,189798603751.235,11439213.0,1.96682557818842,25.969229366679137,16.252557835261833,155
NLD,2016.0,797163949289.885,17030314.0,0.316666666666743,27.40432620260031,16.650505549238215,156
NOR,2016.0,370956547619.048,5234519.0,3.54999999999998,26.639350770376563,15.470785707538527,157
NPL,2016.0,24524109483.5293,27955462.0,8.79034332004633,23.92292253121991,17.146123194638047,158
NRU,2016.0,97276023.0784346,11150.0,1.96682557818842,18.393063104442643,9.319284458965361,159
NZL,2016.0,188898209220.167,4714100.0,0.646240284454524,25.964474131372768,15.366068787789631,160
OMN,2016.0,75128738621.5865,4390877.0,1.10920805807027,25.042468993922416,15.295039765054021,161
PAK,2016.0,313630000130.435,220138869.0,3.7651191635658,26.47147978453161,19.209769132449225,162
PAN,2016.0,59760858700.0,4029086.0,0.739734025300033,24.813616746827712,15.209050357387854,163
PCN,2016.0,189798603751.235,11439213.0,1.96682557818842,25.969229366679137,16.252557835261833,164
PER,2016.0,191898104390.379,30866494.0,3.55717663556279,25.98023036180486,17.245181849377758,165
PHL,2016.0,318627003012.52,106735719.0,1.25369880080982,26.487286986052183,18.485866430633134,166
PLW,2016.0,298323500.0,17797.0,-1.04230533415074,19.51368902948601,9.786841370416807,167
PNG,2016.0,20758876952.6232,8961718.0,6.6737288135593,23.75623979713454,16.008472619228314,168
POL,2016.0,473259583969.643,37970087.0,-0.664767331433961,26.882909878221476,17.452309249824474,169
PRK,2016.0,189798603751.235,25698326.0,1.96682557818842,25.969229366679137,17.061936450470263,170
PRT,2016.0,206305431241.638,10325452.0,0.607397074641719,26.052623583592425,16.15012256994094,171
PRY,2016.0,36089700222.9461,6249126.0,4.08682280577241,24.30927334921987,15.647952331956425,172
PSE,2016.0,15405400000.0,4367088.0,-0.219106604907316,23.45798393431844,15.28960721238368,173
PYF,2016.0,5497036476.8031,279178.0,1.96682557818842,22.42747496175036,12.539608432141858,174
QAT,2016.0,151732181868.132,2477113.0,2.6765917009819,25.74538284232568,14.722604730827873,175
ROU,2016.0,185290759248.844,19702267.0,-1.54479666813897,25.94519209986224,16.796244313985177,176
RUS,2016.0,1276786350881.14,145015460.0,7.04244762954799,27.87536737348624,18.792350922286737,177
RWA,2016.0,8695272300.91019,11919183.0,7.17434301982009,22.88604530133074,16.293659760882395,178
SAU,2016.0,666000000000.0,30954198.0,2.06884036053473,27.2245555074883,17.248019218328665,179
SDN,2016.0,42630376000.0,41259892.0,17.750253831196,24.475832887787845,17.535401472293305,180
SEN,2016.0,19040312333.1864,15034521.0,0.837284942557434,23.669824270281513,16.525859581415173,181
SGP,2016.0,319053943915.005,5607283.0,-0.532268739716253,26.488626028619894,15.539577024795092,182
SGS,2016.0,189798603751.235,11439213.0,1.96682557818842,25.969229366679137,16.252557835261833,183
SHN,2016.0,189798603751.235,11439213.0,1.96682557818842,25.969229366679137,16.252557835261833,184
SLB,2016.0,1379490304.2254,662379.0,0.512485626268792,21.04497992385165,13.403594688360647,185
SLE,2016.0,6042615859.61074,7205328.0,10.8860609413903,22.522102844642035,15.79033144910746,186
SLV,2016.0,24191430000.0,6200800.0,0.60404908699661,23.90926427519936,15.64018903521894,187
SMR,2016.0,1468343139.74326,33101.0,0.644075340346552,21.10740048692445,10.407348982500485,188
SOM,2016.0,6613743089.99932,14348740.0,1.96682557818842,22.61241560754012,16.47917276112931,189
SPM,2016.0,189798603751.235,11439213.0,1.96682557818842,25.969229366679137,16.252557835261833,190
SRB,2016.0,42225495909.5633,7058322.0,1.12231397417769,24.46629004404883,15.769718045842655,191
SSD,2016.0,189798603751.235,10830102.0,379.999585624026,25.969229366679137,16.1978401295506,192
STP,2016.0,292267272.196925,203689.0,5.43051966119156,19.493179260750964,12.224354509208187,193
SUR,2016.0,3317421648.09918,587757.0,55.4123879763196,21.922453706438592,13.284070577538948,194
SVK,2016.0,90347173228.6356,5430798.0,-0.520010196278266,25.22692556660683,15.507596826573312,195
SVN,2016.0,44290685824.0682,2065042.0,-0.054999541670474,24.5140402396356,14.540661607405022,196
SWE,2016.0,514218206628.325,9923085.0,0.984269244577992,26.965913538831888,16.110374519592675,197
SWZ,2016.0,3705918654.13708,1149507.0,7.8472745908568,22.03319701506439,13.954844582708786,198
SYC,2016.0,1568513348.14463,94677.0,-1.01548191697626,21.173394096329993,11.458236939619427,199
SYR,2016.0,12597854877.4254,19193834.0,47.7051615298923,23.256792388666035,16.770099691686376,200
TCA,2016.0,1032452000.0,38315.0,1.96682557818842,20.75520239358326,10.553622842502783,201
TCD,2016.0,10097778098.1707,15114655.0,-0.792440525236016,23.035581246411116,16.531175427087884,202
TGO,2016.0,6071170959.12093,7858289.0,1.28544847051417,22.52681733282356,15.87707958348447,203
THA,2016.0,413366349747.508,70859841.0,0.188149704448234,26.74760008211108,18.076214427650314,204
TJK,2016.0,6992416096.89018,8865631.0,6.00458082322139,22.66809198409678,15.997692786545485,205
TKL,2016.0,189798603751.235,11439213.0,1.96682557818842,25.969229366679137,16.252557835261833,206
TKM,2016.0,36169428571.4286,6360041.0,1.96682557818842,24.311480084401012,15.665545539068084,207
TLS,2016.0,1640464600.0,1228312.0,-1.33853876185163,21.218245331955234,14.021152241204794,208
TON,2016.0,420828262.317922,105524.0,2.57815515245081,19.857735382811732,11.5667031706507,209
TTO,2016.0,23722678429.8078,1353895.0,3.07066742464024,23.889697323369223,14.11849692005089,210
TUN,2016.0,44360072680.4476,11528674.0,3.62939937384381,24.515605637872852,16.260347968035465,211
TUR,2016.0,869682881593.041,79277962.0,7.7751341532833,27.491394478232447,18.188470753912224,212
TUV,2016.0,41629064.2232388,10930.0,1.96682557818842,17.54430916451691,9.299358068293836,213
TZA,2016.0,49774409374.4538,53824013.0,5.17476629301493,24.630766820938852,17.801230282421738,214
UGA,2016.0,29203988696.2626,38799152.0,5.70637504616212,24.097571136113146,17.47390897445832,215
UKR,2016.0,93355869403.9223,45616832.0,13.9127101997797,25.259684580211164,17.6357873511043,216
UMI,2016.0,189798603751.235,11439213.0,1.96682557818842,25.969229366679137,16.252557835261833,217
URY,2016.0,57480788390.2581,3379283.0,9.6394134763508,24.774716613986243,15.033174410699615,218
USA,2016.0,18804913000000.0,323071755.0,1.26158320570536,30.565139281411057,19.593385011312968,219
UZB,2016.0,86138288644.171,31284568.0,8.130886695236,25.17921984924211,17.258635530749462,220
VAT,2016.0,189798603751.235,11439213.0,1.96682557818842,25.969229366679137,16.252557835261833,221
VCT,2016.0,814303703.703704,106349.0,-0.149641647633284,20.51784395598332,11.574490820628384,222
VEN,2016.0,189798603751.235,30765720.0,254.948534781816,25.969229366679137,17.241911673604527,223
VGB,2016.0,189798603751.235,33878.0,1.96682557818842,25.969229366679137,10.43055063239178,224
VNM,2016.0,257096001177.982,94000117.0,2.66824816969082,26.272715397534412,18.35880659555264,225
VUT,2016.0,780889605.899977,272087.0,0.842069084035061,20.475944349413815,12.513880822365545,226
WLF,2016.0,189798603751.235,11439213.0,1.96682557818842,25.969229366679137,16.252557835261833,227
WSM,2016.0,843924796.697421,203499.0,1.30471869303179,20.553573946336147,12.223421283864786,228
YEM,2016.0,31317824943.2073,32109010.0,1.96682557818842,24.167453259431692,17.28464726521764,229
ZAF,2016.0,323585509674.481,57259551.0,6.60290842394872,26.50272924262223,17.863105033642757,230
ZMB,2016.0,20958412538.3093,16914423.0,17.8697300795268,23.76580595590264,16.64367730700112,231
ZWE,2016.0,20548678100.0,14600294.0,-1.54366960054161,23.74606244983425,16.49655229195389,232
ABW,2017.0,3092429050.27933,108735.0,-1.02828178762012,21.852222719778357,11.596678205031603,0
AFG,2017.0,18753456497.8159,35688935.0,4.97595150553833,23.6546439189766,17.390351282749602,1
AGO,2017.0,73690154990.7312,30234839.0,29.8444799015679,25.023135045017057,17.22450545979518,2
AIA,2017.0,189798603751.235,11439213.0,1.96682557818842,25.969229366679137,16.252557835261833,3
ALB,2017.0,13019726211.7369,2873457.0,2.06059845920226,23.289731445298127,14.871026740501554,4
AND,2017.0,3000162081.11976,73763.0,2.06159619443141,21.821932151528348,11.20862608669501,5
ARE,2017.0,390516804016.501,9223225.0,1.96682557818842,26.69073683735536,16.037235425875135,6
ARG,2017.0,643628393281.364,44288894.0,1.96682557818842,27.19038736744077,17.60624452638968,7
ARM,2017.0,11527458709.0158,2979400.0,0.969553268816138,23.167997740170648,14.90723283156562,8
ASM,2017.0,612000000.0,51586.0,1.96682557818842,20.232242842110587,10.851024981743453,9
ATA,2017.0,189798603751.235,11439213.0,1.96682557818842,25.969229366679137,16.252557835261833,10
ATF,2017.0,189798603751.235,11439213.0,1.96682557818842,25.969229366679137,16.252557835261833,11
ATG,2017.0,1531151851.85185,90468.0,2.43248789041363,21.14928613410632,11.412762529570834,12
AUS,2017.0,1325582658156.54,24592588.0,1.94864740944527,27.912873220714243,17.017955695352033,13
AUT,2017.0,414926138132.691,8797566.0,2.08126911385587,26.751366360935975,15.98998576394882,14
AZE,2017.0,40866627351.9817,9854033.0,12.9359184187335,24.433579609781134,16.103391472455574,15
BDI,2017.0,2723586962.84034,11506762.0,16.0525353030392,21.725215585190778,16.258445507434633,16
BEL,2017.0,500908767351.53,11375158.0,2.12597086002607,26.939689820356104,16.246942500725574,17
BEN,2017.0,12701655845.9612,12039780.0,0.0432648555103608,23.264998203562495,16.30372680831075,18
BES,2017.0,189798603751.235,11439213.0,1.96682557818842,25.969229366679137,16.252557835261833,19
BFA,2017.0,14106955615.3442,19894407.0,1.48299897161325,23.369933818818772,16.805949245180287,20
BGD,2017.0,293732446624.596,162186147.0,5.70207015717239,26.405935144451124,18.90425529525891,21
BGR,2017.0,59309748166.1179,7075947.0,2.06159619443141,24.806039516743823,15.772211985450186,22
BHR,2017.0,37204813829.7872,1501116.0,1.38671830576406,24.339703993906948,14.221720055612453,23
BHS,2017.0,12236700000.0,390485.0,1.51820700736147,23.227705469918448,12.875147396146728,24
BIH,2017.0,18326373366.1105,3428682.0,0.810133321953039,23.6316070269101,15.047686780394104,25
BLM,2017.0,189798603751.235,11439213.0,1.96682557818842,25.969229366679137,16.252557835261833,26
BLR,2017.0,54725302249.8088,9458989.0,6.03183725177793,24.72559200342476,16.062476170000544,27
BLZ,2017.0,2266300000.0,373202.0,1.14765339305816,21.541414383110407,12.829877786508225,28
BMU,2017.0,7142316000.0,63578.0,2.06159619443141,22.68930293058932,11.060038506124684,29
BOL,2017.0,37508642165.3366,11344587.0,2.8227580554717,24.34783720114044,16.24425135997914,30
BRA,2017.0,2063514977334.32,204703445.0,3.44637335032669,28.355431944331908,19.137072884881615,31
BRB,2017.0,5517340450.0,280171.0,4.66018463955996,22.431161778776293,12.543158979269434,32
BRN,2017.0,12128168046.7827,432772.0,-1.2605056462896,23.21879652193304,12.977968620095218,33
BTN,2017.0,2591358009.79792,754335.0,4.95508366985129,21.67544790373911,13.533593171071674,34
BVT,2017.0,189798603751.235,11439213.0,1.96682557818842,25.969229366679137,16.252557835261833,35
BWA,2017.0,16105155856.7708,2266747.0,3.30828076768219,23.502405297284163,14.63385676318741,36
CAF,2017.0,2072349972.6818,4793511.0,4.18072331871267,21.451949053297685,15.382773894886062,37
CAN,2017.0,1649265644244.09,36545075.0,1.59688412852977,28.131351240676732,17.414057015522324,38
CCK,2017.0,189798603751.235,11439213.0,1.96682557818842,25.969229366679137,16.252557835261833,39
CHE,2017.0,695200833086.499,8451840.0,0.533787839825897,27.26746660923908,15.949894845425659,40
CHL,2017.0,276154259987.103,18558868.0,2.18271846868519,26.344225459530236,16.736458345965563,41
CHN,2017.0,12310491333980.9,1396215000.0,1.59313600071436,30.141472968730657,21.057030841605584,42
CIV,2017.0,52512343996.69,26733372.0,0.685881065304603,24.684314102672253,17.101423267958054,43
CMR,2017.0,36098547033.1655,24128601.0,0.64040914988195,24.309518453114194,16.99890849974382,44
COD,2017.0,38019264794.8263,87083398.0,1.96682557818842,24.361358836519,18.282376826641887,45
COG,2017.0,11834473039.3645,5351011.0,0.450063823285546,23.194282553392085,15.49279625986241,46
COK,2017.0,189798603751.235,11439213.0,1.96682557818842,25.969229366679137,16.252557835261833,47
COL,2017.0,311866875156.879,48131078.0,4.31431325695011,26.46584225151486,17.689438659478032,48
COM,2017.0,1077439756.59451,756669.0,1.96682557818842,20.797853468954138,13.536682506066116,49
CPV,2017.0,1996741544.61574,512893.0,0.784415251101334,21.41478246168031,13.147824475122155,50
CRI,2017.0,60516044656.5206,4913177.0,1.62590692991732,24.826174367774403,15.407431540903598,51
CUB,2017.0,96850649691.7406,11247829.0,1.96682557818842,25.296435935013783,16.23568577912036,52
CUW,2017.0,3033433240.22346,160175.0,1.58558801700345,21.83296089792578,11.984028489659265,53
CXR,2017.0,189798603751.235,11439213.0,1.96682557818842,25.969229366679137,16.252557835261833,54
CYM,2017.0,5166281305.12522,64535.0,1.96682557818842,22.365418983510587,11.07497848661681,55
CYP,2017.0,22946570628.7576,1254275.0,0.531766496174467,23.856434334390233,14.042069071651278,56
CZE,2017.0,221563575696.217,10594438.0,2.4505339846014,26.12397540871198,16.175839798778178,57
DEU,2017.0,3763092263752.95,82657002.0,1.50949485109628,28.956262145908937,18.230210109434356,58
DJI,2017.0,2762581334.22612,1054841.0,0.568112117084804,21.739431345972648,13.868901550643526,59
DMA,2017.0,521551851.851852,68496.0,0.296252889279487,20.07231925766714,11.134545227670822,60
DNK,2017.0,331610593961.988,5764980.0,1.14713216957602,26.527227207715885,15.56731241592965,61
DOM,2017.0,79998046305.79,10666843.0,3.27955694678546,25.105268050156965,16.1826507969577,62
DZA,2017.0,189880896903.073,41689299.0,5.59111590961664,25.96966285414941,17.54575505911875,63
ECU,2017.0,104467486000.0,16759519.0,0.417335588666825,25.372141721191163,16.63447701298995,64
EGY,2017.0,248362771739.13,103696057.0,29.5066083940039,26.23815630355207,18.45697465897674,65
ERI,2017.0,189798603751.235,3150347.0,1.96682557818842,25.969229366679137,14.963023480890246,66
ESH,2017.0,189798603751.235,11439213.0,1.96682557818842,25.969229366679137,16.252557835261833,67
ESP,2017.0,1321754088818.83,46593236.0,1.95607633363963,27.90998082554675,17.656965959808314,68
EST,2017.0,27469461919.1189,1317384.0,3.41723549488054,24.03634074895199,14.09115926906045,69
ETH,2017.0,81770886825.6048,109666481.0,10.6871150284238,25.127187110440044,18.512954336169543,70
FIN,2017.0,253846138440.0,5508214.0,0.754015047084346,26.259994166252476,15.521751172201043,71
FJI,2017.0,5353469171.0611,918759.0,3.3475783475784,22.401010631081668,13.73078021380369,72
FLK,2017.0,189798603751.235,11439213.0,1.96682557818842,25.969229366679137,16.252557835261833,73
FRA,2017.0,2588868323334.71,66918020.0,1.03228275064662,28.582241955356526,18.01897886102159,74
FRO,2017.0,2980057377.87967,50182.0,1.96682557818842,21.815208391935965,10.823431602908185,75
FSM,2017.0,359000000.0,109481.0,0.58225373525489,19.698832949238067,11.60351543116459,76
GAB,2017.0,14929487485.1623,2156900.0,2.65192583143902,23.426604120122786,14.584183027238714,77
GBR,2017.0,2680148052335.3,66058859.0,2.55775577557747,28.61689315233452,18.006056720738957,78
GEO,2017.0,16473125375.0684,3728004.0,6.03531725272117,23.524996124886265,15.131383795988436,79
GHA,2017.0,60405924078.7278,30008354.0,12.3719215507048,24.824353017867768,17.2169864008525,80
GIB,2017.0,189798603751.235,34245.0,1.96682557818842,25.969229366679137,10.441325048548917,81
GIN,2017.0,10324668271.1362,12385659.0,8.91435947913097,23.05780184667071,16.332049909756208,82
GMB,2017.0,1504909462.69521,2342189.0,8.03418974545911,21.131998576324595,14.666596947090836,83
GNB,2017.0,1469978606.12143,1877072.0,1.69111461822289,21.108513684652543,14.445224206661072,84
GNQ,2017.0,12200913878.9827,1562396.0,0.74435474661241,23.224776694075448,14.261731738419876,85
GRC,2017.0,200381103984.298,10754679.0,1.12125452031419,26.02348691022087,16.190851566638344,86
GRD,2017.0,1125685185.18519,115438.0,0.908458255874249,20.84165774159128,11.65649753090157,87
GRL,2017.0,2851613679.03433,56172.0,2.06159619443141,21.771150874515055,10.93619149339347,88
GTM,2017.0,71653754066.2763,16567357.0,4.42453655182538,24.995111384366908,16.622944931910354,89
GUM,2017.0,6013000000.0,163490.0,1.96682557818842,22.51718962917015,12.004513221932806,90
GUY,2017.0,4748174334.14044,768479.0,1.90465615515584,22.281026030614626,13.552169816898651,91
HKG,2017.0,341273289534.466,7393200.0,1.49387243939522,26.55594942883979,15.81607135205008,92
HMD,2017.0,189798603751.235,11439213.0,1.96682557818842,25.969229366679137,16.252557835261833,93
HND,2017.0,23136247990.5977,9588137.0,3.93436084442044,23.864666401727597,16.076037267424073,94
HRV,2017.0,56186190437.9959,4041407.0,1.12937210282347,24.751936841925474,15.212103704071623,95
HTI,2017.0,15093357161.1498,10817754.0,10.6800887242584,23.437520560936324,16.1966993237176,96
HUN,2017.0,143112196040.326,9787966.0,2.34824281150154,25.686894747279865,16.09666433206374,97
IDN,2017.0,1015618744168.08,267346658.0,3.80879806953157,27.646519142858175,19.404056722553793,98
IND,2017.0,2651474262755.45,1359657400.0,3.32817337461298,28.60613692680345,21.030498593930048,99
IRL,2017.0,348532394023.595,4807388.0,0.362173038229378,26.57699701555196,15.38566466725496,101
IRN,2017.0,489168731811.147,85026754.0,8.04492437660278,26.91597332173412,18.258476529632457,102
IRQ,2017.0,187217660050.676,39337353.0,0.18405889884769,25.95553773442325,17.48768510887667,103
ISL,2017.0,24728285177.4603,343400.0,1.76041559180596,23.93121357432297,12.746654139497183,104
ISR,2017.0,357227098125.658,8713300.0,0.25941497450575,26.601637545687957,15.98036126669729,105
ITA,2017.0,1970720904584.71,60536709.0,1.22653316645812,28.30942053315228,17.91876051584593,106
JAM,2017.0,14808985171.3441,2815764.0,4.37839864991561,23.41849993974151,14.850744541073237,107
JOR,2017.0,41608435915.493,10234226.0,3.32389447576097,24.451568770109393,16.14124824906659,108
JPN,2017.0,4930837369151.42,126972000.0,0.484199796126385,29.226529941315025,18.65947715555005,109
KAZ,2017.0,166805788827.233,18651931.0,7.44266321306792,25.84009603147408,16.741460291182065,110
KEN,2017.0,82036510877.2599,49197766.0,8.00564967709945,25.13043023972717,17.71135879425369,111
KGZ,2017.0,7702938379.42036,6306695.5,3.1753098637994,22.764867700859092,15.657122563352683,112
KHM,2017.0,29355665909.7905,16073372.0,2.91263557371478,24.102751410953708,16.592674609901806,113
KIR,2017.0,222875724.653979,120275.0,0.355520888546828,19.22212489002104,11.697544380812866,114
KNA,2017.0,1056977777.77778,47050.0,0.694916711613604,20.77867952069752,10.758987398772785,115
KOR,2017.0,1623074183501.9,51361911.0,1.94433230786366,28.1153431110584,17.754407444067386,116
KWT,2017.0,120687539675.517,4154812.0,2.17183298510006,25.516470725889246,15.239777979242037,117
LAO,2017.0,17071155481.4994,7018147.0,0.825478607568026,23.560656062293674,15.764009923532175,118
LBN,2017.0,53027680685.9038,6160128.0,4.32135218303191,24.694079891270704,15.633608276848873,119
LBR,2017.0,3390703400.0,4848925.0,12.4196323907138,21.944303229735446,15.394267795092508,120
LBY,2017.0,67157452181.7738,6738770.0,25.8036184788338,24.930305731908057,15.723388122048112,121
LCA,2017.0,1998518518.51852,176342.0,0.104262078958441,21.41567200278201,12.080186241085622,122
LKA,2017.0,94376237797.2367,21444000.0,7.70413767850602,25.270555160172496,16.880955490562656,123
LSO,2017.0,2306741672.29006,2157110.0,4.447699373763,21.559101834701483,14.584280384408867,124
LTU,2017.0,47756764508.446,2828403.0,3.72288862303707,24.589386558958882,14.855223152938347,125
LUX,2017.0,65712180342.9836,596336.0,1.73079959118887,24.908550138617276,13.29856122249026,126
LVA,2017.0,29391059767.4259,1942248.0,2.93036312374665,24.103956375537134,14.479357137945756,127
MAC,2017.0,50383871120.8733,648400.0,1.22812404052816,24.642936943384083,13.382264611100334,128
MAR,2017.0,118540573367.844,35446392.0,0.754663249323619,25.498521130217334,17.383532056823462,129
MDA,2017.0,9514404016.20949,2755189.0,6.57022997455604,22.976072699601374,14.82899696370838,130
MDG,2017.0,13176313593.5509,26788375.0,8.60905075422949,23.30168662997499,17.103478620049156,131
MDV,2017.0,4816426256.52914,458287.0,2.81747338234509,22.295298049659433,13.035253086431963,132
MEX,2017.0,1190721475906.0,123400057.0,6.04145724018986,27.80558052161193,18.63094213945166,133
MHL,2017.0,213700000.0,46529.0,1.96682557818842,19.180083724968835,10.747852544838695,134
MKD,2017.0,11307067069.6658,1898657.0,1.35161889677442,23.148693771664522,14.456657878788679,135
MLI,2017.0,15365713048.1993,19813011.0,1.75985742927156,23.455404438819418,16.801849451539162,136
MLT,2017.0,14161366723.6779,467999.0,1.36435448150708,23.373783440658592,13.056223574899784,137
MMR,2017.0,66053040483.0016,51894938.0,4.5725365531752,24.91372389992114,17.764731828930408,138
MNE,2017.0,4856599480.79882,622373.0,2.3802359905313,22.30360433485483,13.34129647719485,139
MNG,2017.0,11480847740.736,3148917.0,4.30143105302342,23.163946070210372,14.962569459731412,140
MNP,2017.0,1560000000.0,49959.0,1.96682557818842,21.16795165884888,10.818977964239513,141
MOZ,2017.0,13264640645.7768,28166393.0,15.1132073899384,23.308367733839486,17.153640123139063,142
MRT,2017.0,6800135898.28827,4210600.0,2.25427651934813,22.64020843411822,15.253115950814408,143
MSR,2017.0,189798603751.235,11439213.0,1.96682557818842,25.969229366679137,16.252557835261833,144
MUS,2017.0,13713506130.6081,1264887.0,3.66699702675908,23.34164703317298,14.05049413867467,145
MWI,2017.0,8943543793.5839,18039715.0,11.5433939188771,22.914197745191522,16.70808632968104,146
MYS,2017.0,319109094160.343,32355644.0,3.87120115774237,26.488798869233293,17.292299061369842,147
NAM,2017.0,12895153370.9132,2506853.0,6.14579981111164,23.280117370114624,14.734539138508017,149
NCL,2017.0,9174048681.98577,283546.0,1.96682557818842,22.939644539733184,12.55513317324161,150
NER,2017.0,11185104251.6943,21435446.0,2.79637318871284,23.1378487526045,16.880556511540654,151
NFK,2017.0,189798603751.235,11439213.0,1.96682557818842,25.969229366679137,16.252557835261833,152
NGA,2017.0,375745731053.427,200254579.0,16.5022662139641,26.65217850438236,19.115100015061934,153
NIC,2017.0,13785924216.2724,6316231.0,3.85067166284727,23.346913924316016,15.658633385791992,154
NIU,2017.0,189798603751.235,11439213.0,1.96682557818842,25.969229366679137,16.252557835261833,155
NLD,2017.0,848233537845.884,17131296.0,1.38145871407206,27.46642183322748,16.65641758255373,156
NOR,2017.0,401745275035.261,5276968.0,1.87510059552554,26.719084080539705,15.478862437820617,157
NPL,2017.0,28971588940.364,28011258.0,3.62709610696607,24.089581495044225,17.148117094458925,158
NRU,2017.0,108862278.516511,11324.0,1.96682557818842,18.505594150641876,9.334767950351235,159
NZL,2017.0,206566916732.292,4813600.0,1.85078767452536,26.0538902488312,15.38695601063298,160
OMN,2017.0,80856697009.1027,4537396.0,1.58909413567799,25.11594425206975,15.327864057573082,161
PAK,2017.0,339205534861.1,223273967.0,4.08537368032608,26.54987205813109,19.223910131420755,162
PAN,2017.0,64327688800.0,4098707.0,0.875585918759878,24.88725599448935,15.226182360061962,163
PER,2017.0,211007984080.911,31324637.0,2.99490045809443,26.075161808957354,17.259915502414668,165
PHL,2017.0,328480736798.792,108119693.0,2.85318772590947,26.517744033272823,18.498749449179837,166
PLW,2017.0,285600000.0,17812.0,1.4179881966692,19.470102791931104,9.787683806792485,167
PNG,2017.0,22742699138.356,9178714.0,5.42204568023834,23.84751001388712,16.032397774585302,168
POL,2017.0,528356676667.211,37974826.0,2.0759355367385,26.993037416581867,17.45243405080703,169
PRK,2017.0,189798603751.235,25817709.0,1.96682557818842,25.969229366679137,17.06657124851224,170
PRT,2017.0,220862990767.229,10300300.0,1.36861411643472,26.120808394939928,16.147683676073843,171
PRY,2017.0,38997129473.5558,6338660.0,3.60247741348943,24.38675387715069,15.662178105369644,172
PSE,2017.0,16128000000.0,4454805.0,0.212570934228881,23.503822728897372,15.309494071361987,173
PYF,2017.0,5833352692.7995,280087.0,1.96682557818842,22.486857748139318,12.542859118488263,174
QAT,2017.0,161099122225.275,2545820.0,0.394878914083005,25.805285678488023,14.749963749264959,175
ROU,2017.0,210147385855.419,19588715.0,1.3390212110439,26.0710749589027,16.79046424412793,176
RUS,2017.0,1574199360089.0,145293260.0,3.68332944412233,28.08476791615614,18.794264747561282,177
RWA,2017.0,9252834336.49492,12202060.0,8.27953672260832,22.948195756399613,16.3171154298619,178
SAU,2017.0,714994666666.667,30977355.0,-0.838194579675018,27.295540920406538,17.248767043926755,179
SDN,2017.0,41283617976.1905,42714306.0,32.3516260968437,24.44373159907542,17.57004448062728,180
SEN,2017.0,20996562943.5979,15475002.0,1.3181531484778,23.76762459196969,16.55473657039598,181
SGP,2017.0,343257164581.712,5612253.0,0.576260310166349,26.561745754159503,15.540462979337086,182
SHN,2017.0,189798603751.235,11439213.0,1.96682557818842,25.969229366679137,16.252557835261833,184
SLB,2017.0,1469789119.08756,685672.0,0.488686760261083,21.10838477172355,13.438156116676879,185
SLE,2017.0,5818480351.63706,7379299.0,18.2215094003386,22.484304956800862,15.81418934112951,186
SLV,2017.0,24979190000.0,6213533.0,1.0123540331558,23.94130891521739,15.64224037416944,187
SMR,2017.0,1528620346.31168,33825.0,1.01413313194508,21.14763143176106,10.428985016533987,188
SOM,2017.0,7621501720.00021,14916629.0,1.96682557818842,22.75423926347474,16.51798725591345,189
SPM,2017.0,189798603751.235,11439213.0,1.96682557818842,25.969229366679137,16.252557835261833,190
SRB,2017.0,45972834713.8077,7020858.0,3.13106248590115,24.55131650931427,15.764396133188413,191
SSD,2017.0,189798603751.235,10259154.0,187.851630279442,25.969229366679137,16.14368103564077,192
STP,2017.0,322002845.229335,206970.0,5.6902961992902,19.590070942691153,12.2403339658147,193
SUR,2017.0,3591679430.99988,593713.0,21.9969430173304,22.001885738414895,13.294153000913871,194
SVK,2017.0,95978130734.9766,5439232.0,1.31194588223228,25.287386197629207,15.50914861624467,195
SVN,2017.0,48153200134.6613,2066388.0,1.42910743319306,24.59765343478188,14.541313197482081,196
SWE,2017.0,536083940228.684,10057698.0,1.79449904665589,27.007556590662073,16.123848968839518,197
SWZ,2017.0,4437538381.32249,1158195.0,6.22137528933118,22.213365641248,13.962374180132912,198
SYC,2017.0,1675370641.01416,95843.0,2.85679575568437,21.239300256559318,11.47047714870539,199
SYR,2017.0,16369843352.3453,19224668.0,18.0752696281771,23.518706659153878,16.771704856042614,200
TCA,2017.0,1028941663.2,39913.0,1.96682557818842,20.751796600451733,10.59448241852793,201
TCD,2017.0,10000394381.0177,15622759.0,-1.53709962980849,23.02589036736456,16.56423938330971,202
TGO,2017.0,6387422517.69225,8057140.0,-0.981889868943119,22.577596662256635,15.902069336916494,203
THA,2017.0,456356813536.764,71160187.0,0.665631893135106,26.8465408263068,18.080444062692088,204
TJK,2017.0,7536402852.85802,9085946.0,1.96682557818842,22.743010830044607,16.02223949213457,205
TKL,2017.0,189798603751.235,11439213.0,1.96682557818842,25.969229366679137,16.252557835261833,206
TKM,2017.0,37926285714.2857,6507061.0,1.96682557818842,24.358910263130046,15.688398606632127,207
TLS,2017.0,1584878400.0,1251703.0,0.557215537430361,21.183773522720646,14.04001638096492,208
TON,2017.0,459976850.268529,105356.0,7.51706283551115,19.94668672285187,11.565109862207676,209
TTO,2017.0,24040211327.4898,1356633.0,1.88038440183532,23.902993737277352,14.120517189836695,210
TUN,2017.0,42163530590.9462,11650498.0,5.30884839565844,24.464821480366517,16.27085956967672,211
TUR,2017.0,858988492853.742,80312698.0,11.1443110840765,27.479021362862756,18.201438310871755,212
TUV,2017.0,45276595.3533146,10869.0,1.96682557818842,17.62830082015832,9.293761980115255,213
TZA,2017.0,53274884532.7886,55652890.0,5.31871605228931,24.698730847566726,17.834644584022023,214
UGA,2017.0,30744473841.424,40177388.0,5.20971705914209,24.148976102607225,17.508814932661206,215
UKR,2017.0,112090505081.739,45436041.0,14.4383227488749,25.442572463015644,17.631816224710168,216
UMI,2017.0,189798603751.235,11439213.0,1.96682557818842,25.969229366679137,16.252557835261833,217
URY,2017.0,65006039994.56,3388438.0,6.2180938256186,24.89774602553359,15.035879901330455,218
USA,2017.0,19612102000000.0,325122128.0,2.13011000365961,30.60716794060147,19.599711451244275,219
UZB,2017.0,69703222282.7278,31819178.0,13.8757425441635,24.967512384400777,17.275579779158274,220
VAT,2017.0,189798603751.235,11439213.0,1.96682557818842,25.969229366679137,16.252557835261833,221
VCT,2017.0,844040740.740741,105663.0,2.15333648840511,20.553711323599835,11.5680195272798,222
VEN,2017.0,189798603751.235,30565323.0,1.96682557818842,25.969229366679137,17.23537672174867,223
VGB,2017.0,189798603751.235,32699.0,1.96682557818842,25.969229366679137,10.395130356885344,224
VNM,2017.0,281353605986.903,95176977.0,3.52025688811617,26.362878099476827,18.37124864278546,225
VUT,2017.0,880061833.690341,278507.0,3.08452624403546,20.595502729661508,12.537202063251096,226
WLF,2017.0,189798603751.235,11439213.0,1.96682557818842,25.969229366679137,16.252557835261833,227
WSM,2017.0,884844384.463214,205415.0,1.74989677484705,20.60092235187652,12.232792470229555,228
YEM,2017.0,26842228828.5629,33090921.0,1.96682557818842,24.01324218694205,17.314769542912458,229
ZAF,2017.0,381448814653.456,57635162.0,5.18618655524149,26.667242510004904,17.869643408155873,230
ZMB,2017.0,25873601260.8353,17441320.0,6.57731154205644,23.97648902955717,16.674352718989415,231
ZWE,2017.0,51074660513.3715,14812482.0,0.893962316050027,24.65655433082177,16.51098082917964,232
ABW,2018.0,3276184357.5419,108908.0,3.62604141352961,21.90994527685502,11.598267950134272,0
AFG,2018.0,18053222687.4126,36743039.0,0.626149149168847,23.61659004808285,17.419459377931894,1
AGO,2018.0,79450688259.3664,31297155.0,19.6289379701521,25.098402392703022,17.259037788762317,2
AIA,2018.0,189798603751.235,11439213.0,1.96682557818842,25.969229366679137,16.252557835261833,3
ALB,2018.0,15379509891.7196,2866376.0,2.02805963071135,23.456301933982974,14.868559420938455,4
AND,2018.0,3218419896.9641,75162.0,1.96682557818842,21.892156361144778,11.227414367579149,5
ARE,2018.0,427049432149.345,9346701.0,3.06863379251997,26.78016560963471,16.050534111769245,6
ARG,2018.0,524819892360.176,44654882.0,1.96682557818842,26.986320978509557,17.614474221009356,7
ARM,2018.0,12457940694.7395,2969000.0,2.52023382001638,23.245624063431467,14.903736090559581,8
ASM,2018.0,639000000.0,50908.0,1.96682557818842,20.275415013906755,10.837795004197082,9
ATA,2018.0,189798603751.235,11439213.0,1.96682557818842,25.969229366679137,16.252557835261833,10
ATG,2018.0,1661529629.62963,90926.0,1.20715793367008,21.231004479262037,11.417812265763951,12
AUS,2018.0,1427809041019.44,24963258.0,1.91140094445691,27.987162246128385,17.03291566185238,13
AUT,2018.0,452582294972.775,8840521.0,1.9983798142954,26.83823545089589,15.994856482644213,14
AZE,2018.0,47112470051.7701,9939771.0,2.26854690373999,24.57580355988587,16.11205464074393,15
BDI,2018.0,2667182199.51333,11859446.0,-2.81469807668465,21.704288396465728,16.288635323128048,16
BEL,2018.0,542638913427.921,11427054.0,2.05316499865186,27.019709951202977,16.251494347279078,17
BEN,2018.0,14262408079.7014,12383347.0,0.919170717886054,23.380893107290095,16.33186322484685,18
BFA,2018.0,15890066221.2882,20438288.0,1.95594302672523,23.488959985031236,16.83292061138116,20
BGD,2018.0,321362752441.78,163523103.0,5.54362139486476,26.49583639194327,18.912464847186925,21
BGR,2018.0,66289266348.6504,7025037.0,2.81454473824829,24.91729382585306,15.764991182422122,22
BHR,2018.0,39567978723.4043,1503091.0,2.08766938046978,24.401286010028308,14.22303487777331,23
BHS,2018.0,12615800000.0,392717.0,2.26586346678736,23.258215833675532,12.880847076032065,24
BIH,2018.0,20484053868.9246,3387000.0,1.41710814018034,23.742912560397027,15.035455427046395,25
BLR,2018.0,60031173807.7196,9438785.0,4.87230220550684,24.8181298277208,16.060337928156862,27
BLZ,2018.0,2293250000.0,380226.0,0.269982622646335,21.5532358627901,12.84852372177013,28
BMU,2018.0,7225977000.0,63831.0,1.96682557818842,22.700948286854725,11.064009910988117,29
BOL,2018.0,40287647930.4761,11508368.0,2.27205987230155,24.419310755976383,16.258585067790193,30
BRA,2018.0,1916933898038.36,206107261.0,3.66485028376729,28.28174809741494,19.143907280562598,31
BRB,2018.0,5629916200.0,280711.0,3.67381410406801,22.451360394617787,12.545084511703397,32
BRN,2018.0,13566908401.1864,437810.0,1.02505179290212,23.330899458911084,12.989542589383397,33
BTN,2018.0,2583335721.20625,759759.0,2.72396386183713,21.67234731636813,13.540757872916835,34
BWA,2018.0,17031943186.1353,2299141.0,3.23801558947715,23.558356428877687,14.648046567823089,36
CAF,2018.0,2220979146.11241,4878657.0,1.61215686991555,21.52121399285128,15.400380740009895,37
CAN,2018.0,1725329192783.02,37072620.0,2.26822567248103,28.176438984601457,17.428389276700873,38
CHE,2018.0,725568717468.001,8514329.0,0.936335464113563,27.31022162217877,15.95726118430902,40
CHL,2018.0,295857562991.709,18893191.0,2.43488981353057,26.413143969347946,16.75431220349786,41
CHN,2018.0,13894907857880.6,1402760000.0,2.07479039965576,30.262543547786283,21.061707562136863,42
CIV,2018.0,58522477786.6889,27464173.0,0.359409031380677,24.792676753071582,17.128392949666154,43
CMR,2018.0,39955552189.795,24806383.0,1.0688581131292,24.41103347799507,17.02661159736337,44
COD,2018.0,47568210009.8172,90047644.0,1.96682557818842,24.585430518152407,18.315849477106564,45
COG,2018.0,14773900288.5135,5483118.0,1.15277896375523,23.416127966978706,15.517184657597687,46
COK,2018.0,189798603751.235,11439213.0,1.96682557818842,25.969229366679137,16.252557835261833,47
COL,2018.0,334198218098.276,49024465.0,3.24056932930569,26.5350001212541,17.707830037585527,48
COM,2018.0,1188797449.38584,771590.0,1.96682557818842,20.896208087229844,13.556209895871035,49
CPV,2018.0,2205099509.15987,513415.0,1.25699566690509,21.51403847415113,13.14884171171736,50
CRI,2018.0,62420164991.5374,4957818.0,2.22111461526581,24.857154217049526,15.416476484254979,51
CUB,2018.0,100050036096.123,11227118.0,1.96682557818842,25.328936258766923,16.2338427488325,52
CUW,2018.0,3046364804.46927,159336.0,2.58368756641814,21.837214849668058,11.978776735093,53
CYM,2018.0,5530178440.71376,65941.0,1.96682557818842,22.433485919901063,11.096530846769337,55
CYP,2018.0,25754001367.5448,1270737.0,1.43549119531759,23.971855844937117,14.055108392022381,56
CZE,2018.0,251992360762.236,10629928.0,2.14949494949493,26.25266460956674,16.17918407108604,57
DEU,2018.0,4052008447223.53,82905782.0,1.73216879766942,29.03023378701778,18.23321537641797,58
DJI,2018.0,2913466732.12507,1071882.0,0.14797084987711,21.79260952629964,13.88492747286544,59
DMA,2018.0,554770370.37037,68174.0,0.98919111918989,20.134064840815903,11.129833207713789,60
DNK,2018.0,355293374912.393,5793636.0,0.813609467455631,26.596209693341322,15.572270804330481,61
DOM,2018.0,85555390139.118,10782053.0,3.56443426013508,25.17242984102886,16.193393643328456,62
DZA,2018.0,194554483655.528,42505035.0,4.26999020467084,25.99397808240557,17.565133120992417,63
ECU,2018.0,107478962000.0,17049547.0,-0.224103246005552,25.400560963045653,16.651634251078466,64
EGY,2018.0,262588632526.73,105682094.0,14.4014657807422,26.29385450971261,18.475946041978823,65
ERI,2018.0,189798603751.235,3192760.0,1.96682557818842,25.969229366679137,14.976396617658345,66
ESP,2018.0,1431642809327.06,46797754.0,1.6749813686379,27.98984371852619,17.661345789651804,68
EST,2018.0,31222632740.7247,1321977.0,3.43632688420446,24.164409077168965,14.094639657802952,69
ETH,2018.0,84269196625.8784,112664152.0,13.8330356586661,25.15728223336232,18.53992185387941,70
FIN,2018.0,273869255596.078,5515525.0,1.08382098409305,26.335916660099226,15.523077582368314,71
FJI,2018.0,5581425324.91185,917180.0,4.08147637644526,22.442710015472958,13.729060114531087,72
FRA,2018.0,2781576320884.39,67158348.0,1.85081508315502,28.65403890483614,18.022563806786277,74
FRO,2018.0,3188600927.46688,50998.0,1.96682557818842,21.882848077120737,10.83956130367109,75
FSM,2018.0,392000000.0,109909.0,1.49840023593737,19.786772400305757,11.607417128062947,76
GAB,2018.0,16867326401.9626,2212318.0,4.74906652083221,23.54864423860691,14.609551844608168,77
GBR,2018.0,2871340347581.79,66460344.0,2.29283990345938,28.68580005674384,18.012116011969635,78
GEO,2018.0,17902544880.6471,3726549.0,2.6152447139767,23.60820871184667,15.130993430629678,79
GHA,2018.0,67298914624.3723,30637585.0,7.80876516610703,24.932409946058016,17.23773811383211,80
GIB,2018.0,189798603751.235,34854.0,1.96682557818842,25.969229366679137,10.4589518779205,81
GIN,2018.0,11857030366.7891,12704774.0,9.82761701259191,23.196186808588763,16.35748846501642,82
GMB,2018.0,1670671327.81651,2399632.0,6.52096823946573,21.236491375900712,14.690826366958563,83
GNB,2018.0,1554133593.91699,1922168.0,0.381324702791081,21.164184053611844,14.468964793887201,84
GNQ,2018.0,13097012133.6159,1616422.0,1.06007410662171,23.295649959811985,14.295726241236423,85
GRC,2018.0,213298873494.394,10732882.0,0.62562141345364,26.085960181094222,16.188822764444588,86
GRD,2018.0,1166514814.81481,115691.0,0.804102313277033,20.87728635042938,11.65868676645238,87
GTM,2018.0,73328365862.4329,16845685.0,3.75186186704516,25.01821335411041,16.6396051582441,89
GUM,2018.0,6051000000.0,162679.0,1.96682557818842,22.52348938475186,11.999540360021161,90
GUY,2018.0,4787636997.85343,791556.0,1.28284288443528,22.289302806992243,13.581757170871324,91
HKG,2018.0,361731070995.726,7452600.0,2.40613432046534,26.61416687488777,15.82407365694169,92
HMD,2018.0,189798603751.235,11439213.0,1.96682557818842,25.969229366679137,16.252557835261833,93
HND,2018.0,24067750760.499,9765210.0,4.34734937777528,23.904138638654214,16.094336729842368,94
HRV,2018.0,61668130122.5878,3988775.0,1.50012501041756,24.845033104808888,15.198994974886157,95
HTI,2018.0,16403864617.8458,10962362.0,12.4814111170435,23.52078279150665,16.209978418435114,96
HUN,2018.0,160565642983.587,9775564.0,2.85024792594646,25.801968686460814,16.095396462676828,97
IDN,2018.0,1042271532953.49,269951846.0,3.1983464156241,27.672423613560575,19.413754156612942,98
IND,2018.0,2702929641648.74,1374659064.0,3.9388264669163,28.625357353157753,21.041471584592312,99
IRL,2018.0,395461216460.418,4867316.0,0.471130713712916,26.70331855730127,15.39805341921973,101
IRN,2018.0,398880231367.268,86117998.0,18.0141183371874,26.711927036766287,18.271228995169597,102
IRQ,2018.0,227367469034.031,40265624.0,0.367441488936849,26.149833351894912,17.511008685256968,103
ISL,2018.0,26260850582.0687,352721.0,2.68291768267392,23.99134509612165,12.773435490235748,104
ISR,2018.0,375149611117.199,8882800.0,0.794075660242718,26.650590746334117,15.99962749315935,105
ITA,2018.0,2099435266458.67,60421760.0,1.13748763600391,28.37268950375877,17.916859879476217,106
JAM,2018.0,15730792835.5811,2820097.0,3.73663882152163,23.478885955580562,14.852282194083518,107
JOR,2018.0,43370860704.2254,10462306.0,4.46231108475481,24.49305364023258,16.163289546775793,108
JPN,2018.0,5040880939324.86,126811000.0,0.989094598021848,29.248601972286693,18.65820835487916,109
KAZ,2018.0,179339977690.485,18932727.0,6.16366247577751,25.912549158078004,16.756402622681176,110
KEN,2018.0,92202979985.2863,50207107.0,4.6898064677633,25.247258287879127,17.731667168264025,111
KGZ,2018.0,8271106235.41552,6444078.5,1.54266145238436,22.83603410202001,15.678672360260629,112
KHM,2018.0,33145892168.8958,16274522.0,2.45908515380146,24.224184629456442,16.605111436873635,113
KIR,2018.0,233514703.710292,122084.0,0.564030491493476,19.26875560829505,11.712472802429252,114
KNA,2018.0,1076548148.14815,47008.0,-1.03712214131572,20.797025601263247,10.75809435172215,115
KOR,2018.0,1725373496825.43,51585058.0,1.47583935002645,28.1764646628742,17.758742634259296,116
KWT,2018.0,138646316321.596,4323515.0,0.543133148199567,25.65519204048069,15.27957951808122,117
LAO,2018.0,18141641089.7963,7128045.0,2.04039266890201,23.62147574561177,15.77954770153508,118
LBN,2018.0,54901519155.5556,5984119.0,6.07698907889607,24.728806856418863,15.604619851911318,119
LBR,2018.0,3422754800.0,4944726.0,23.5635148953742,21.953711561150445,15.41383231423489,120
LBY,2018.0,76686029772.1483,6849055.0,13.1702038536721,25.062985387571477,15.739621390522728,121
LCA,2018.0,2060962962.96296,177017.0,1.93561893150602,21.446439168757784,12.084006701300643,122
LKA,2018.0,94493871200.7869,21670000.0,2.135037737132,25.271800814335386,16.89143941965929,123
LSO,2018.0,2556247291.99785,2183603.0,4.7518030162474,21.66180611878088,14.596487280725395,124
LTU,2018.0,54261795148.5372,2801543.0,2.69792779208394,24.717086227845503,14.845681251735995,125
LUX,2018.0,71000359760.4611,607950.0,1.5281952430738,24.985950781037722,13.317849565595322,126
LVA,2018.0,33247935477.3576,1927174.0,2.53445424186598,24.22725851124409,14.47156575801103,127
MAC,2018.0,55190661339.7796,658900.0,3.00446293166938,24.73405959730808,13.398328574581743,128
MAR,2018.0,127341147581.818,35839760.0,1.80391671141896,25.57013552345336,17.394568477521982,129
MDA,2018.0,11252353420.8798,2707203.0,3.04505397337058,23.143843136775008,14.81142692593432,130
MDG,2018.0,13760033282.2925,27494926.0,8.59422958870476,23.345034088292614,17.12951207289234,131
MDV,2018.0,5404344162.69888,473099.0,-0.133373386117595,22.410468941859314,13.06706206161924,132
MEX,2018.0,1256300182879.73,124573711.0,4.89935015356551,27.85919215452768,18.640408162925173,133
MHL,2018.0,220000000.0,45285.0,1.96682557818842,19.20913810886209,10.720753212932467,134
MKD,2018.0,12683068114.2388,1889051.0,1.45831298507117,23.263533721610894,14.451585673897247,135
MLI,2018.0,17070867589.9055,20442030.0,0.299546507387934,23.560639197938958,16.833103682355677,136
MLT,2018.0,16153779511.1559,484630.0,1.15782362451517,23.505419884755867,13.091143055603322,137
MMR,2018.0,67860515989.517,52272247.0,6.87232865662935,24.940720200024206,17.77197615722557,138
MNE,2018.0,5506942238.35668,622227.0,2.611223782638,22.42927535858571,13.341061864040332,139
MNG,2018.0,13178094720.4986,3208189.0,6.82424790145522,23.301821797263063,14.981217473147366,140
MNP,2018.0,1301000000.0,49077.0,1.96682557818842,20.98639903724542,10.801166148198302,141
MOZ,2018.0,15017358952.8452,29018644.0,3.91133439990729,23.43247263252497,17.183449112393617,142
MRT,2018.0,7473550557.07378,4337685.0,3.06735996058356,22.734636032146692,15.282851584162232,143
MSR,2018.0,189798603751.235,11439213.0,1.96682557818842,25.969229366679137,16.252557835261833,144
MUS,2018.0,14735695930.9727,1265577.0,3.21605383144587,23.413538681879796,14.051039492785021,145
MWI,2018.0,9879231591.52434,18528081.0,12.420178108921,23.013700571645632,16.73479808507909,146
MYS,2018.0,358788845712.53,32910967.0,0.884709160571235,26.605999878892884,17.309316534039066,147
NAM,2018.0,13682019076.4022,2577327.0,4.29159105337875,23.33934833162734,14.762263761317811,149
NCL,2018.0,9896402283.68587,283541.0,1.96682557818842,23.015437122451857,12.55511553932524,150
NER,2018.0,12837307496.8821,22188069.0,2.96760366004456,23.27562141679223,16.915065315010768,151
NFK,2018.0,189798603751.235,11439213.0,1.96682557818842,25.969229366679137,16.252557835261833,152
NGA,2018.0,421739251509.08,204938755.0,12.0951065173432,26.767653072594452,19.138221741248135,153
NIC,2018.0,13025234820.8225,6400080.0,4.94723728039886,23.290154452970164,15.67182120449981,154
NLD,2018.0,929733599796.862,17231624.0,1.7034979474447,27.558163930228297,16.662256916303075,156
NOR,2018.0,439788625883.8,5311916.0,2.76483134528788,26.809560052715362,15.485463345016335,157
NPL,2018.0,33111525237.149,28079689.0,4.0611633875107,24.2231472532298,17.150557097174904,158
NRU,2018.0,130937589.753517,11477.0,1.96682557818842,18.69023136118611,9.348187438668308,159
NZL,2018.0,211846555690.736,4900600.0,1.59829703801696,26.079128055646247,15.404868408620807,160
OMN,2018.0,91505851755.5267,4597877.0,0.889312370970404,25.239668760806182,15.341105450677913,161
PAK,2018.0,356128166704.921,226928892.0,5.07805725868917,26.598556521844067,19.240147279677647,162
PAN,2018.0,67316471200.0,4167860.0,0.761578359399944,24.932670786609332,15.242913512531024,163
PCN,2018.0,189798603751.235,11439213.0,1.96682557818842,25.969229366679137,16.252557835261833,164
PER,2018.0,222597009739.235,31897584.0,1.50915423024742,26.12862884236535,17.278040859560125,165
PHL,2018.0,346841896583.515,109465287.0,5.30934661627707,26.5721348836232,18.51111805239805,166
PLW,2018.0,288546281.25,17814.0,2.10970464135017,19.480366054789418,9.787796078039936,167
PNG,2018.0,24109780708.0268,9394513.0,4.37448921453162,23.90588343366166,16.05563645984825,168
POL,2018.0,594616687350.017,37974750.0,1.81295156542679,27.11118281195181,17.452432049479256,169
PRK,2018.0,189798603751.235,25931147.0,1.96682557818842,25.969229366679137,17.070955429577634,170
PRT,2018.0,242092894542.888,10283822.0,0.993715683468326,26.21258735119863,16.146082636017937,171
PRY,2018.0,40225448340.6322,6427382.0,3.97561015740694,24.41776567560817,15.676078014922666,172
PSE,2018.0,16276600000.0,4569087.0,-0.195107773730735,23.5129943305622,15.33482418059193,173
PYF,2018.0,6135116253.33452,279815.0,1.96682557818842,22.53729486429153,12.541887523281236,174
QAT,2018.0,183334953818.681,2580734.0,0.255815382724408,25.934580665482198,14.763584800047068,175
ROU,2018.0,243468683030.34,19473970.0,4.62548443137779,26.218254159416908,16.78458931135469,176
RUS,2018.0,1657328773461.31,145398106.0,2.87829723647884,28.136228249575055,18.79498610372172,177
RWA,2018.0,9637904655.17446,12487996.0,-0.311210160390699,22.988969562624902,16.340278500946756,178
SAU,2018.0,846583733333.333,30196281.0,2.45814158007532,27.464474950738474,17.22322936218334,179
SDN,2018.0,32333780383.2924,44230596.0,63.2925073455888,24.199378353004423,17.604927347379462,180
SEN,2018.0,23116701556.1381,15914498.0,0.460985642464282,23.863821204359045,16.582741138466734,181
SGP,2018.0,376892697588.005,5638676.0,0.43862011844684,26.655226362102127,15.545160021489263,182
SLB,2018.0,1615478393.28614,709101.0,3.46147484973729,21.202896969128957,13.471754659764771,185
SLE,2018.0,6390514688.52816,7554563.0,16.0295447693699,22.578080648184237,15.837662441897939,186
SLV,2018.0,26020850000.0,6219807.0,1.09033000581892,23.982163976714734,15.643249596071728,187
SMR,2018.0,1655353653.05934,34522.0,1.16333522293158,21.227280511200732,10.449381047562612,188
SOM,2018.0,7873440838.36559,15452487.0,1.96682557818842,22.78676101340378,16.553280583941895,189
SRB,2018.0,52787520248.9242,6982604.0,1.95984076293801,24.689540640818507,15.75893261428239,191
SSD,2018.0,189798603751.235,10122977.0,83.5015294921999,25.969229366679137,16.130318447309733,192
STP,2018.0,383717327.830508,210187.0,7.86859628873909,19.76541671664333,12.255757647308222,193
SUR,2018.0,3996198866.57453,599513.0,1.96682557818842,22.108609463154693,13.303874605971028,194
SVK,2018.0,106611673364.837,5446771.0,2.51403712883812,25.39245884892891,15.510533697586311,195
SVN,2018.0,53689067639.9176,2073894.0,1.7386086198818,24.706475235629764,14.54493903968193,196
SWE,2018.0,551312498430.164,10175214.0,1.95353530127028,27.035567633119758,16.135465419290824,197
SWZ,2018.0,4659474399.74018,1168929.0,4.81506167461513,22.262168489182013,13.971599358421791,198
SYC,2018.0,1784313926.76807,96762.0,3.70291839111568,21.30229982410345,11.480019968790666,199
SYR,2018.0,21497782867.6426,19577845.0,0.940983843906769,23.791215644373832,16.789909178800567,200
TCA,2018.0,1128749004.5304,41559.0,1.96682557818842,20.84437578165889,10.634893445213164,201
TCD,2018.0,11239167898.3395,16156531.0,4.27462198610545,23.142670648363705,16.597834984066104,202
TGO,2018.0,7029300383.08031,8258778.0,0.927755426457183,22.673353019193677,15.926787313747342,203
THA,2018.0,506754208404.485,71376079.0,1.06389754183015,26.95129192694159,18.083473357174483,204
TJK,2018.0,7764999999.45362,9307333.0,1.96682557818842,22.77289229360548,16.046313249490726,205
TKM,2018.0,40765428571.4286,6655524.0,1.96682557818842,24.43110022025093,15.710957894753944,207
TLS,2018.0,1555988600.0,1275959.0,2.63647201015892,21.1653769368403,14.059209394433132,208
TON,2018.0,489714518.002333,105567.0,5.03209691984874,20.009333165002342,11.567110574028307,209
TTO,2018.0,24569257295.0918,1359193.0,1.01856930188822,23.92476179494333,14.122402434968727,210
TUN,2018.0,42686504459.801,11765514.0,7.30759176031652,24.477148652442974,16.280683353091202,211
TUR,2018.0,778972108040.602,81407204.0,16.3324638988928,27.381241077351508,18.214974340569192,212
TZA,2018.0,57003712892.0858,57437145.0,3.49445848856181,24.766382241134732,17.866201794840293,214
UGA,2018.0,32927025619.6795,41565831.0,2.61601190952274,24.217559604951507,17.542789041588083,215
UKR,2018.0,130891088293.55,45208907.0,10.9518559353178,25.597631427289162,17.626804705030835,216
UMI,2018.0,189798603751.235,11439213.0,1.96682557818842,25.969229366679137,16.252557835261833,217
URY,2018.0,65344576348.2279,3394534.0,7.60653360377047,24.90294027968153,15.03767734346756,218
USA,2018.0,20656516000000.0,326838199.0,2.44258329692817,30.65905193035604,19.604975805183766,219
UZB,2018.0,58695899092.1083,32373490.0,17.5241796514055,24.79563569921236,17.292850466859083,220
VCT,2018.0,884329629.62963,104926.0,2.32414485367921,20.600340436425096,11.561020149254343,222
VEN,2018.0,189798603751.235,29807592.0,1.96682557818842,25.969229366679137,17.210273717677687,223
VGB,2018.0,189798603751.235,34657.0,1.96682557818842,25.969229366679137,10.45328385820019,224
VNM,2018.0,310106478394.659,96237319.0,3.53962805942641,26.460181554145976,18.38232778219392,225
VUT,2018.0,914736985.430944,285259.0,2.33096379566866,20.634147135395565,12.561156324077412,226
WLF,2018.0,189798603751.235,11439213.0,1.96682557818842,25.969229366679137,16.252557835261833,227
WSM,2018.0,878448433.404342,207582.0,4.19745888663752,20.593667766548627,12.243286538674218,228
YEM,2018.0,21606160783.9845,34085182.0,1.96682557818842,23.796244332495665,17.344373331695223,229
ZAF,2018.0,405260723892.517,58613001.0,4.50987264867388,26.727796459626674,17.886467107069254,230
ZMB,2018.0,26311507273.6735,17973569.0,7.4945719272852,23.99327221939884,16.704412903469308,231
ZWE,2018.0,34156069918.0609,15034452.0,10.6188658669575,24.254206150040293,16.525854991967076,232
ABW,2019.0,3395798882.68156,109203.0,4.25746204335428,21.945804882111094,11.600972971658708,0
AFG,2019.0,18799444490.1128,37856121.0,2.30237251516834,23.65709315800069,17.449303268493857,1
AGO,2019.0,70897962732.0277,32375632.0,17.080954143438,24.984507535699688,17.292916629916387,2
AIA,2019.0,189798603751.235,11439213.0,1.96682557818842,25.969229366679137,16.252557835261833,3
ALB,2019.0,15585105131.0644,2854191.0,1.41109078954251,23.469581495864126,14.864299348757527,4
AND,2019.0,3155149347.80639,76474.0,1.96682557818842,21.872301669000326,11.244719169019104,5
ARE,2019.0,417989721734.494,9445785.0,-1.93108114782173,26.758722680019314,16.061079274089465,6
ARG,2019.0,447754683615.225,44973465.0,1.96682557818842,26.827511338170268,17.621583229381496,7
ARM,2019.0,13619290539.2116,2962500.0,1.44344660770698,23.33475304675245,14.90154440197821,8
ASM,2019.0,647000000.0,50209.0,1.96682557818842,20.28785685401077,10.823969489028752,9
ATG,2019.0,1725351851.85185,91364.0,1.43135598182984,21.268696839297878,11.422617751938695,12
AUS,2019.0,1392723834562.64,25334826.0,1.61076787290379,27.962282538784226,17.047690568370708,13
AUT,2019.0,442983642371.842,8879920.0,1.53089564152644,26.816798681643544,15.999303218532383,14
AZE,2019.0,48174235294.1176,10024283.0,2.61057182799215,24.5980901776412,16.12052110715989,15
BDI,2019.0,2576518879.82353,12255336.0,-0.686772170797359,21.669705053795564,16.321472073546268,16
BEL,2019.0,536726344405.489,11488980.0,1.43681956996429,27.0087542008319,16.256898960078367,17
BEN,2019.0,14391686309.033,12726755.0,0.732849371240975,23.389916537222653,16.359217106951007,18
BFA,2019.0,16032813503.3707,20961952.0,-3.2333893398333,23.497903303099598,16.85821959055728,20
BGD,2019.0,351231654603.692,164913055.0,5.59199639930629,26.58471182734695,18.920928959653363,21
BGR,2019.0,68631726289.2794,6975761.0,3.10372944796781,24.952020747131833,15.757952127016479,22
BHR,2019.0,40446808510.6383,1483756.0,1.00582004702137,24.423253577749506,14.210087942670793,23
BHS,2019.0,13016200000.0,394675.0,2.49123527368046,23.289460572525673,12.885820454127002,24
BIH,2019.0,20482608755.379,3345533.0,0.56278215406123,23.742842009688058,15.023136880058763,25
BLR,2019.0,64410122847.3508,9419758.0,5.59815595039854,24.888536644790317,16.058320062361155,27
BLZ,2019.0,2388300000.0,385829.0,0.187069385181424,21.593847653145623,12.863152136928242,28
BMU,2019.0,7423465000.0,64107.0,1.96682557818842,22.72791176639073,11.068324440113466,29
BOL,2019.0,40895322843.7851,11671386.0,1.83954504969026,24.434281537582812,16.27265084895707,30
BRA,2019.0,1873288205186.45,207455459.0,3.73297621216894,28.258716401118285,19.15042722399188,31
BRB,2019.0,5788288000.0,281207.0,4.10028964518461,22.479102402770767,12.546849888016101,32
BRN,2019.0,13469235348.2211,442680.0,-0.390522069165529,23.32367405881017,13.000604699344274,33
BTN,2019.0,2735683570.28851,764824.0,2.72643037388832,21.729647176249482,13.547402328469596,34
BWA,2019.0,16725908148.5481,2332083.0,2.77286442863321,23.540224740413212,14.662272846386985,36
CAF,2019.0,2221301351.43918,4944703.0,2.68537355266787,21.52135905587797,15.41382766280449,37
CAN,2019.0,1743725183672.52,37618495.0,1.94926902411593,28.18704485082974,17.443006402303272,38
CHE,2019.0,721369112726.724,8575280.0,0.362886179940614,27.30441678876278,15.964394320158664,40
CHL,2019.0,278285058719.466,19197744.0,2.55754475703327,26.351911816363526,16.770303382183798,41
CHN,2019.0,14279968506271.7,1407745000.0,2.89923416358227,30.289878867394467,21.065254971036047,42
CIV,2019.0,60382894697.3557,28193009.0,-1.10686343994188,24.823971701420035,17.15458463284249,43
CMR,2019.0,39667757527.6578,25506095.0,2.45280214062732,24.403804541734157,17.054428040382177,44
COD,2019.0,51775829877.2088,92947442.0,1.96682557818842,24.670189272650234,18.347544762339673,45
COG,2019.0,13976637779.9763,5616661.0,2.20607305781525,23.360653042750727,15.541248095233655,46
COK,2019.0,189798603751.235,11439213.0,1.96682557818842,25.969229366679137,16.252557835261833,47
COL,2019.0,323031701192.84,49907985.0,3.52301932741447,26.501016301464013,17.72569158799686,48
COM,2019.0,1195019531.9011,786578.0,1.96682557818842,20.901428367720232,13.575448441445744,49
CPV,2019.0,2252177133.74705,514104.0,1.10666674296063,21.53516320076782,13.150182803730594,50
CRI,2019.0,64417670521.3545,4999553.0,2.09604635327807,24.888653819412575,15.424859266419817,51
CUB,2019.0,103427600000.0,11202846.0,1.96682557818842,25.36213768797718,16.231678500391457,52
CUW,2019.0,3026124134.07821,157441.0,2.62220783425059,21.830548474299388,11.966812415457428,53
CYM,2019.0,5941896607.58643,67327.0,1.96682557818842,22.505294213732185,11.117331476657327,55
CYP,2019.0,26196667099.5303,1286671.0,0.250370996758493,23.98889802971817,14.067569597842033,56
CZE,2019.0,256794209028.77,10671870.0,2.8478759591805,26.271540858000826,16.18312195935834,57
DEU,2019.0,3957208055215.68,83092962.0,1.44565976888253,29.006559855978335,18.23547057513293,58
DJI,2019.0,3088853638.56832,1088709.0,3.31925372703827,21.851065868591125,13.90050406709392,59
DMA,2019.0,611537037.037037,67880.0,1.50462353858141,20.231486080410228,11.125511451119438,60
DNK,2019.0,345401473012.615,5814422.0,0.75813157251162,26.567973267310045,15.575852112872369,61
DOM,2019.0,88941372558.2397,10894043.0,1.81060377042959,25.21124325432769,16.203726775838106,62
DZA,2019.0,193459662090.677,43294546.0,1.95176821052892,25.988334863041977,17.583537249707327,63
ECU,2019.0,107595829000.0,17340021.0,0.266012515466155,25.401647719991526,16.668527798058655,64
EGY,2019.0,318678815489.749,107553158.0,9.15279959324804,26.487449584527948,18.49349578563159,65
ERI,2019.0,189798603751.235,3240194.0,1.96682557818842,25.969229366679137,14.991144071142642,66
ESH,2019.0,189798603751.235,11439213.0,1.96682557818842,25.969229366679137,16.252557835261833,67
ESP,2019.0,1403496387686.27,47134837.0,0.699518994458739,27.96998765895613,17.668522945870023,68
EST,2019.0,31873748770.0313,1326898.0,2.27725931243522,24.18504858541238,14.09835519888795,69
ETH,2019.0,95912607722.3032,115737383.0,15.8096321719344,25.286703277591002,18.566834251469874,70
FIN,2019.0,267014821129.411,5521606.0,1.02409392963431,26.310570003657773,15.52417949907355,71
FJI,2019.0,5444407214.31758,914899.0,1.77310182460282,22.417854719694546,13.726570048667627,72
FLK,2019.0,189798603751.235,11439213.0,1.96682557818842,25.969229366679137,16.252557835261833,73
FRA,2019.0,2722793515171.76,67382061.0,1.10825492288294,28.632679496841433,18.025889398027118,74
FRO,2019.0,3266432734.22819,51795.0,1.96682557818842,21.90696431972575,10.855068205188731,75
FSM,2019.0,394000000.0,110282.0,1.92385170787923,19.791861469800278,11.610805068249771,76
GAB,2019.0,16874405465.391,2267706.0,2.46456756151187,23.54906384146308,14.634279746771677,77
GBR,2019.0,2851407164907.81,66836327.0,1.73810460086513,28.67883373043186,18.01775732301899,78
GEO,2019.0,17638337116.9126,3720161.0,4.85289821696723,23.59334061538955,15.129277773688223,79
GHA,2019.0,68337969247.7067,31258945.0,7.14364003330857,24.9477313677795,17.257816165178674,80
GIB,2019.0,189798603751.235,35494.0,1.96682557818842,25.969229366679137,10.477147120473486,81
GIN,2019.0,13442861496.4454,13034346.0,9.47001039253012,23.32171405841562,16.383098508199232,82
GMB,2019.0,1813609692.49994,2456844.0,7.11567625631192,21.31858500203741,14.714388564450285,83
GNB,2019.0,1588638853.59328,1967696.0,0.24660026814783,21.18614342025101,14.492374381326119,84
GNQ,2019.0,11364133549.7478,1670177.0,1.53027528964189,23.153728052959035,14.328440765539312,85
GRC,2019.0,207305649887.019,10721582.0,0.253007522038157,26.057460110662277,16.187769370615545,86
GRD,2019.0,1213485185.18519,115981.0,0.598149764736022,20.916762375545243,11.661190285634223,87
GRL,2019.0,2997309971.87623,56225.0,1.96682557818842,21.820981047652456,10.93713456235188,88
GTM,2019.0,77172317258.6478,17103803.0,3.69998398008598,25.06930664495068,16.654811452873542,89
GUM,2019.0,6355000000.0,161808.0,1.96682557818842,22.572507741745184,11.994171906286999,90
GUY,2019.0,5173760191.84652,807665.0,2.08723089162013,22.366865571133324,13.601903885707182,91
HKG,2019.0,363074545072.389,7507900.0,2.88320853773996,26.617874008457022,15.831466490666598,92
HND,2019.0,24882225741.8119,9943633.0,4.36587159819267,23.937419559932394,16.112443105381082,94
HRV,2019.0,61467582193.6824,3949390.0,0.771820346498019,24.841775753997283,15.189071947775586,95
HTI,2019.0,15016090929.5125,11105163.0,18.7037825672506,23.432388191787172,16.222920783324085,96
HUN,2019.0,164020460331.659,9771141.0,3.33858635382008,25.82325701511493,16.094943905622028,97
IDN,2019.0,1119099871385.79,272489381.0,3.03058664969487,27.743545791844813,19.423110206170797,98
IND,2019.0,2835606256558.19,1389030312.0,3.72950573539129,28.673276877357054,21.051871724094596,99
IRL,2019.0,407124824064.995,4934340.0,0.937842961189274,26.732385668405154,15.411729685965419,101
IRN,2019.0,333519146339.191,87051648.0,39.9073455697784,26.532966110969596,18.282012167135182,102
IRQ,2019.0,233636097800.338,41192171.0,-0.198965380023928,26.177030604221375,17.533758796267467,103
ISL,2019.0,24681343649.2952,360563.0,3.01397179156053,23.92931347738232,12.795424751156999,104
ISR,2019.0,399651065197.871,9054000.0,0.84978312826417,26.71385766634423,16.018717317426457,105
ITA,2019.0,2019606796583.53,59729081.0,0.611246943765304,28.333923953237715,17.905329595429155,106
JAM,2019.0,15830766570.7266,2823271.0,3.90510000865872,23.485221134918074,14.85340705399335,107
JOR,2019.0,44503006338.0282,10671891.0,0.761514047265601,24.518822582017062,16.183123927146305,108
JPN,2019.0,5117993853016.51,126633000.0,0.46877615938395,29.263783652613746,18.656803705111464,109
KAZ,2019.0,181667184854.501,19209555.0,5.33356098916669,25.925442195353078,16.77091842151563,110
KEN,2019.0,100378436207.371,51202827.0,5.23963795764792,25.332213242334685,17.751305322859373,111
KGZ,2019.0,9371275264.36735,6590211.0,1.13362257718804,22.96091502482885,15.701096075915725,112
KHM,2019.0,36685356407.7206,16481304.0,1.94257500833107,24.32564350444532,16.617737266203687,113
KIR,2019.0,216985362.338171,123921.0,-1.81307995302947,19.195340459175366,11.727407614405314,114
KNA,2019.0,1107855555.55556,46952.0,-0.329562063663977,20.82569205265383,10.756902380358612,115
KOR,2019.0,1651422932447.77,51764822.0,0.383000303608136,28.13265841550449,17.76222138387775,116
KWT,2019.0,140856394870.02,4442316.0,1.09184802655856,25.671006732233327,15.306686645140541,117
LAO,2019.0,18740561512.5555,7237636.0,3.32255881256925,23.653956076677886,15.794805329872489,118
LBN,2019.0,51605959131.2741,5794594.0,3.00538949390383,24.666902989825388,15.572436144479381,119
LBR,2019.0,3319596500.0,5043721.0,26.9662760197878,21.923109076645357,15.433654859559956,120
LBY,2019.0,69254496471.6938,6951033.0,-2.16217883470595,24.96105391091956,15.754400983453195,121
LCA,2019.0,2095370370.37037,177661.0,0.539087559191757,21.462996162938925,12.087638147718394,122
LKA,2019.0,89014978344.1404,21803000.0,3.52839358231811,25.21207048853118,16.897558178835432,123
LSO,2019.0,2390702295.82777,2209405.0,5.18708359197982,21.59485300777004,14.608234259086037,124
LTU,2019.0,55122066225.796,2794137.0,2.33450937988027,24.732815948921584,14.84303420913265,125
LUX,2019.0,69890505323.5842,620001.0,1.74332075653848,24.970195644693817,13.337477982822524,126
LVA,2019.0,33099503950.847,1913822.0,2.81140920075615,24.2227841328681,14.464613370229793,127
MAC,2019.0,55082293844.1008,672000.0,2.75193081051982,24.732094155638706,13.418015107599418,128
MAR,2019.0,128920266409.458,36210898.0,0.303386036590383,25.5824599603704,17.404870708829375,129
MDA,2019.0,11736797054.6965,2664224.0,4.83778351428722,23.185994790928838,14.795423766535377,130
MDG,2019.0,14104664678.5063,28219554.0,5.61051441492365,23.369771407952687,17.155525735306426,131
MDV,2019.0,5726094799.37709,487731.0,0.220029731065383,22.468299599611218,13.097521353652665,132
MEX,2019.0,1304106203694.81,125762982.0,3.63596142127046,27.896539020668584,18.649909606147578,133
MHL,2019.0,232900000.0,44007.0,1.96682557818842,19.26611973914826,10.692126714555293,134
MKD,2019.0,12606338448.547,1876262.0,0.766439573459716,23.257465575967178,14.444792590619995,135
MLI,2019.0,17280250810.0321,21068405.0,-1.65826694846365,23.572830114744306,16.863285130331956,136
MLT,2019.0,16337793530.7788,504062.0,1.6420600176894,23.516746882485393,13.130456539241656,137
MMR,2019.0,75065106227.6892,52640713.0,8.82506696804558,25.04162165696573,17.779000408719135,138
MNE,2019.0,5542054181.12616,622028.0,0.361563704540767,22.435631059977112,13.340741994428674,139
MNG,2019.0,14206359017.5143,3267673.0,7.30106953550723,23.376955519518212,14.99958897478419,140
MOZ,2019.0,15512759046.672,29884380.0,2.80270307928111,23.464928686623573,17.21284652729384,142
MRT,2019.0,7894764885.82312,4467708.0,2.30009262117937,22.789465704200847,15.312386307238194,143
MSR,2019.0,189798603751.235,11439213.0,1.96682557818842,25.969229366679137,16.252557835261833,144
MUS,2019.0,14436346979.6355,1265985.0,0.405655190309553,23.393014959226093,14.051361823173297,145
MWI,2019.0,11051865579.8121,19025752.0,9.3708360560567,23.125865081502575,16.761304040429433,146
MYS,2019.0,365177721021.516,33440596.0,0.662891865764326,26.6236499789392,17.325281198892228,147
NAM,2019.0,12541928303.48,2650494.0,3.72239414422695,23.25234313261652,14.790256972971697,149
NCL,2019.0,9475655324.59495,283606.0,1.96682557818842,22.97199174917439,12.55534475598712,150
NER,2019.0,12889555561.2299,22947757.0,-2.48979265070855,23.279683174034652,16.94873079906698,151
NFK,2019.0,189798603751.235,11439213.0,1.96682557818842,25.969229366679137,16.252557835261833,152
NGA,2019.0,474517490844.461,209485641.0,11.3964223378115,26.88556431595129,19.160165760371658,153
NIC,2019.0,12699028889.666,6483657.0,5.37628990844126,23.26479136218545,15.684795415227626,154
NIU,2019.0,189798603751.235,11439213.0,1.96682557818842,25.969229366679137,16.252557835261833,155
NLD,2019.0,928903005576.469,17344874.0,2.63369910249601,27.557270162965473,16.668807631672212,156
NOR,2019.0,408742840909.091,5347896.0,2.16773003305402,26.736352044411444,15.492213957482228,157
NPL,2019.0,34186180699.0255,28414064.0,5.56868547784929,24.255087326256767,17.162394827016247,158
NRU,2019.0,124871111.377973,11587.0,1.96682557818842,18.642792662340053,9.35772535888924,159
NZL,2019.0,212846907683.439,4979200.0,1.61963190184048,26.083839000970517,15.42077999436161,160
OMN,2019.0,88060858257.4772,4591241.0,0.490815362820671,25.201293983518568,15.339661133669628,161
PAK,2019.0,320909472770.669,230800899.0,10.5783618004555,26.49442490401472,19.257065992070686,162
PAN,2019.0,69778991200.0,4234700.0,-0.355083821021245,24.968598815750436,15.258823281450697,163
PER,2019.0,228346006003.648,32449303.0,2.25212191358027,26.1541278857507,17.295189552502226,165
PHL,2019.0,376823402244.928,110804683.0,2.39206534422404,26.655042485591363,18.52327960575215,166
PLW,2019.0,281941562.5,17798.0,0.26737967914444,19.457210385797815,9.786897554926753,167
PNG,2019.0,24750626040.5917,9609010.0,3.92867290939597,23.932116620250973,16.078211862018872,168
POL,2019.0,602683770144.88,37965475.0,2.227478809383,27.124658468494566,17.452187778414693,169
PRK,2019.0,189798603751.235,26037632.0,1.96682557818842,25.969229366679137,17.075053472555602,170
PRT,2019.0,240115970063.019,10286263.0,0.338178410046034,26.2043878521808,16.146319970941356,171
PRY,2019.0,37925338329.1494,6515058.0,2.75709727562775,24.3588852831735,15.689626824524636,172
PSE,2019.0,17133500000.0,4685306.0,1.58018333639455,23.56430144837693,15.359941999789525,173
PYF,2019.0,6022276196.13871,279034.0,1.96682557818842,22.518731130640138,12.53909250096423,174
QAT,2019.0,176371267689.082,2638657.0,-0.666641124861147,25.89585708567696,14.785781012543975,175
ROU,2019.0,251677082534.495,19371648.0,3.82785432599438,26.251412684229145,16.77932116340656,176
RUS,2019.0,1693115002708.32,145453291.0,4.47036660760173,28.157591145130063,18.795365575856646,177
RWA,2019.0,10349300380.33,12776103.0,3.34787655037648,23.06018475836631,16.363087109106846,178
SAU,2019.0,838564800000.0,30063799.0,-2.09333333333329,27.454957696083532,17.218832348138534,179
SDN,2019.0,32338079165.2893,45548175.0,50.9940515002965,24.19951129434964,17.63428113696067,180
SEN,2019.0,23403995992.1354,16352922.0,1.76011151192938,23.87617261366812,16.609917216087286,181
SGP,2019.0,376901649222.451,5703569.0,0.565260568780326,26.65525011296862,15.556602852540376,182
SLB,2019.0,1619155017.3924,728147.0,1.63485544012247,21.20517025652851,13.498259603220145,185
SLE,2019.0,6523577590.38319,7731991.0,14.8049990906021,22.59868877273335,15.860877084648674,186
SLV,2019.0,26881140000.0,6222318.0,0.0753241350024612,24.014690762453537,15.643653224813677,187
SMR,2019.0,1616232125.12587,34663.0,0.472651967352852,21.203363429134356,10.453456963419745,188
SOM,2019.0,8655023960.002,16030971.0,1.96682557818842,22.88140579402852,16.590033159054354,189
SPM,2019.0,189798603751.235,11439213.0,1.96682557818842,25.969229366679137,16.252557835261833,190
SRB,2019.0,53864693664.5568,6945235.0,1.84922984511086,24.709741066198642,15.753566514874729,191
SSD,2019.0,189798603751.235,10423384.0,87.2413641500033,25.969229366679137,16.159562397581258,192
STP,2019.0,412976082.620705,213392.0,7.72024525213248,19.838900240339818,12.270890815062488,193
SUR,2019.0,4016040575.08796,605768.0,1.96682557818842,22.113562322892356,13.314254004261981,194
SVK,2019.0,105843498304.094,5454147.0,2.66456133425431,25.3852274089761,15.511886978066434,195
SVN,2019.0,53909922735.545,2088385.0,1.63052260754344,24.710580393215583,14.551902076799454,196
SWE,2019.0,532169294165.94,10278887.0,1.78415097403835,27.000227497784444,16.14560264093414,197
SWZ,2019.0,4594818143.27624,1179874.0,2.59801620311077,22.248195015099547,13.980919058627245,198
SYC,2019.0,1868690096.73454,97625.0,1.80709400809982,21.348503539865515,11.488899130367374,199
SYR,2019.0,22583045060.0821,20353534.0,13.4175653228571,23.840465243133707,16.82876516484074,200
TCA,2019.0,1177285211.72521,43166.0,1.96682557818842,20.886476957641005,10.672831593431527,201
TCD,2019.0,11314951091.7283,16685223.0,-0.971939175419317,23.149390793683047,16.63003409530974,202
TGO,2019.0,6992700101.37188,8463068.0,0.674652770077436,22.66813259934483,15.951222431756191,203
THA,2019.0,543976691793.886,71522271.0,0.706728601314311,27.022172236919157,18.08551945566277,204
TJK,2019.0,8300813599.3084,9529966.0,1.96682557818842,22.839619371078456,16.069951812875175,205
TKL,2019.0,189798603751.235,11439213.0,1.96682557818842,25.969229366679137,16.252557835261833,206
TKM,2019.0,45232857142.8571,6803944.0,1.96682557818842,24.53508958766188,15.733013148984913,207
TLS,2019.0,2032550400.0,1300945.0,0.958812739703141,21.43255719661876,14.078602250099786,208
TON,2019.0,494197841.113077,105669.0,1.17954334821808,20.018446485084883,11.568076309435076,209
TTO,2019.0,23775659262.5735,1363985.0,1.00054293027237,23.891928174270955,14.125921853403252,210
TUN,2019.0,41905642418.825,11875081.0,6.72007532863799,24.458686318765764,16.289952813124295,211
TUR,2019.0,761005915750.925,82579440.0,15.1768215720022,27.3579069684335,18.2292713092058,212
TUV,2019.0,54123198.5662913,10581.0,1.96682557818842,17.806773479369525,9.266909723464076,213
TZA,2019.0,61026731925.9213,59174891.0,3.4642805799902,24.834577833435926,17.8960078882676,214
UGA,2019.0,35348155095.4215,42999637.0,2.867588034469,24.2885120382926,17.57670225501775,215
UKR,2019.0,153883047509.577,44957458.0,7.88671745611133,25.75945871909617,17.621227245048654,216
UMI,2019.0,189798603751.235,11439213.0,1.96682557818842,25.969229366679137,16.252557835261833,217
URY,2019.0,62222325807.0578,3397206.0,7.88198870879619,24.85397970811036,15.038464181406297,218
USA,2019.0,21539982000000.0,328329953.0,1.81221007526021,30.70093195200189,19.609529618029498,219
UZB,2019.0,67293639798.3996,32964701.0,14.5257359560687,24.93233156392168,17.310947910597882,220
VCT,2019.0,910766666.666667,104167.0,0.91306972532459,20.62979729471943,11.553760259408564,222
VEN,2019.0,189798603751.235,28938098.0,1.96682557818842,25.969229366679137,17.180669589380507,223
VGB,2019.0,189798603751.235,36395.0,1.96682557818842,25.969229366679137,10.502214157476581,224
VNM,2019.0,334365270496.667,97173776.0,2.7958236745225,26.535499856596267,18.392011449081814,225
VUT,2019.0,936526267.622513,291985.0,2.76252019386111,20.657688129238814,12.58446113489553,226
WSM,2019.0,912950466.064906,209780.0,0.982326569888117,20.63219218414654,12.253819408402888,228
YEM,2019.0,189798603751.235,35111408.0,1.96682557818842,25.969229366679137,17.37403667835619,229
ZAF,2019.0,389330032224.269,59587885.0,4.10285075461156,26.687693232757074,17.902962856342917,230
ZMB,2019.0,23308667781.2258,18513839.0,9.15031644316296,23.872091136161163,16.734029118463276,231
ZWE,2019.0,25717409842.4479,15271368.0,255.304990757856,23.970434025313384,16.541490326090443,232
ABW,2020.0,2481857122.8401,108587.0,1.96682557818842,21.632272957140437,11.595316183139133,0
AFG,2020.0,19955929052.1496,39068979.0,5.60188791482224,23.716792131775,17.480839359703,1
AGO,2020.0,48501561203.5686,33451132.0,22.271539247051,24.60486182415669,17.325596215414812,2
AIA,2020.0,189798603751.235,11439213.0,1.96682557818842,25.969229366679137,16.252557835261833,3
ALB,2020.0,15241458744.8688,2837849.0,1.62088661717004,23.447285100857073,14.858557281182675,4
AND,2020.0,2891001149.3611,77380.0,1.96682557818842,21.784868697891678,11.256496551406977,5
ARE,2020.0,349473015336.939,9401038.0,-2.07940317940944,26.579692186305973,16.056330773046923,6
ARG,2020.0,385740508436.965,45191965.0,1.96682557818842,26.67843072241182,17.626429885641404,7
ARM,2020.0,12641698583.2152,2961500.0,1.21143577838465,23.26026659829931,14.901206792365823,8
ASM,2020.0,721000000.0,49761.0,1.96682557818842,20.396149696636186,10.815006919531392,9
ATG,2020.0,1410796296.2963,91846.0,0.625989707046719,21.067420131780835,11.42787942816103,12
AUS,2020.0,1328414058378.38,25649248.0,0.846905537459305,27.915006909334423,17.060024850399984,13
AUT,2020.0,434397601557.696,8916864.0,1.38191063351862,26.797226084277174,16.003454985381463,14
AZE,2020.0,42693000000.0,10093121.0,2.75980947008127,24.477300809339468,16.127364759733396,15
BDI,2020.0,2649680261.44299,12617036.0,7.32110643415521,21.69770481398317,16.3505586014569,16
BEL,2020.0,529694473501.791,11538604.0,0.740791812220344,26.995566212183622,16.261208927855034,17
BEN,2020.0,15651545208.8783,13070169.0,3.02272119663769,23.47383548451403,16.385843092401814,18
BFA,2020.0,17725010532.5268,21478690.0,1.88443993781991,23.59824250363956,16.88257188533831,20
BGD,2020.0,373979442362.193,166298024.0,5.69107474746211,26.647466665906872,18.929292067965154,21
BGR,2020.0,70716821234.5967,6934015.0,1.67244096855756,24.981949305673904,15.751949712694879,22
BHR,2020.0,35837632978.7234,1472204.0,-2.31770629331379,24.302264378779594,14.202271834878655,23
BHS,2020.0,9958200000.0,395863.0,0.0385210980054558,23.02166216941942,12.888825996906103,24
BIH,2020.0,20226036564.4129,3299349.0,-1.0512960076349,23.730236550266785,15.00923603733866,25
BLR,2020.0,61371755326.2351,9379952.0,5.54814357456511,24.840215555304926,16.054085310308874,27
BLZ,2020.0,2042850000.0,390812.0,0.121434644614894,21.43761172913686,12.87598446369473,28
BMU,2020.0,6887147000.0,64382.0,1.96682557818842,22.6529227579886,11.07260490208959,29
BOL,2020.0,36629843805.0216,11816299.0,0.940742153381849,24.324129149628167,16.28499049217369,30
BRA,2020.0,1476107231194.11,208660842.0,3.21176803803376,28.020429489329143,19.156220731061115,31
BRB,2020.0,5168344450.0,281698.0,1.96682557818842,22.365818251940944,12.548594403982408,32
BRN,2020.0,12005799664.2691,447404.0,1.94031996607184,23.208655675419045,13.011219503657436,33
BTN,2020.0,2457604334.15915,770006.0,5.62936522632508,21.622452864896847,13.554154884697635,34
BWA,2020.0,14960291105.9316,2365894.0,1.8903591682421,23.42866526832291,14.67666694383748,36
CAF,2020.0,2326720900.38047,5026628.0,1.71015659523153,21.56772577482982,15.430260138479198,37
CAN,2020.0,1655684730000.19,38028638.0,0.716999632307827,28.135235773332898,17.453850091727897,38
CHE,2020.0,741999406005.627,8638167.0,-0.725874933313384,27.332614279583318,15.971701081260171,40
CHL,2020.0,254042159309.311,19370624.0,3.04549084804326,26.260766071728195,16.779268301253957,41
CHN,2020.0,14687744162801.0,1411100000.0,2.41942189457782,30.3180345315451,21.067635379736657,42
CIV,2020.0,63027852805.4204,28915449.0,2.42500656821815,24.8668425736754,17.179886612310003,43
CMR,2020.0,40773241177.0505,26210558.0,2.43760882182236,24.431291849711396,17.08167290280966,44
COD,2020.0,48716961860.1325,95989998.0,1.96682557818842,24.609293099231483,18.379754566921967,45
COG,2020.0,11468687464.0046,5752791.0,1.79537147083108,23.16288632954374,15.565195860142282,46
COK,2020.0,189798603751.235,11439213.0,1.96682557818842,25.969229366679137,16.252557835261833,47
COL,2020.0,270348342541.465,50629997.0,2.52663500084706,26.322977121971334,17.74005480444382,48
COM,2020.0,1225039196.61091,802163.0,1.96682557818842,20.926238678480896,13.595068354721725,49
CPV,2020.0,1821565617.6945,514679.0,0.605795808395385,21.32296219830122,13.151300627298927,50
CRI,2020.0,62395610760.0492,5034320.0,0.724911478131376,24.856760769479994,15.431789219032966,51
CUB,2020.0,107351800000.0,11176354.0,1.96682557818842,25.399377128722616,16.229310943909802,52
CUW,2020.0,2534327597.76536,154947.0,1.96682557818842,21.65319419176998,11.950844855743112,53
CYM,2020.0,5655358021.43209,68684.0,1.96682557818842,22.455869255285357,11.137286113759306,55
CYP,2020.0,25555093854.2968,1302247.0,-0.638422797978959,23.964102501838322,14.079602559802842,56
CZE,2020.0,251109660602.536,10697858.0,3.16129528497801,26.24915557550224,16.185554185952824,57
DEU,2020.0,3940142541354.1,83160871.0,0.144877925813982,29.00223801659289,18.236287506709598,58
DJI,2020.0,3185150981.03207,1105188.0,1.7774078380617,21.8817655289387,13.915526919032175,59
DMA,2020.0,504214814.814815,67573.0,-0.727116412668203,20.0385129570837,11.120978572662972,60
DNK,2020.0,355631021931.621,5831404.0,0.420711974110115,26.597159575061834,15.578768524146282,61
DOM,2020.0,78844656298.1776,11008300.0,3.78103179915517,25.090745377598285,16.21416018253143,62
DZA,2020.0,164873415325.201,44042091.0,2.41513094083414,25.82844383657273,17.600656370961218,63
ECU,2020.0,95865472000.0,17546065.0,-0.338872392562139,25.28621171230554,16.680340323204483,64
EGY,2020.0,383817841547.099,109315124.0,5.04493288977539,26.673433906016143,18.509745324176897,65
ERI,2020.0,189798603751.235,3291271.0,1.96682557818842,25.969229366679137,15.006784674160745,66
ESH,2020.0,189798603751.235,11439213.0,1.96682557818842,25.969229366679137,16.252557835261833,67
ESP,2020.0,1289783836971.21,47365655.0,-0.322753017299739,27.885495752022408,17.673407967085023,68
EST,2020.0,31820771493.8974,1329522.0,-0.44453109767983,24.18338510515916,14.100330789252316,69
ETH,2020.0,107657734392.446,118917671.0,20.3563468559061,25.40222290576942,18.593941979716885,70
FIN,2020.0,270000311606.226,5529543.0,0.290554555653239,26.32168895004496,15.525615910785723,71
FJI,2020.0,4432466237.09588,914963.0,-2.5952432588738,22.212221978984786,13.726639999221357,72
FRA,2020.0,2647926055110.05,67601110.0,0.476498852725066,28.6047978288064,18.029134975789383,74
FRO,2020.0,3271813311.5831,52571.0,1.96682557818842,21.908610198002645,10.8699389376019,75
FSM,2020.0,372000000.0,110916.0,0.554594630853174,19.734404414925592,11.616537452843936,76
GAB,2020.0,15342236163.9864,2322539.0,1.35276110675333,23.453875395728772,14.658171972342057,77
GBR,2020.0,2696778386607.65,67081234.0,0.989486703772491,28.62307898637577,18.02141490560252,78
GEO,2020.0,16010869215.68,3722716.0,5.2024648897534,23.496533654591204,15.129964335998416,79
GHA,2020.0,70043099675.68,31887809.0,9.88728956269944,24.9723765991912,17.277734363062724,80
GIB,2020.0,189798603751.235,36173.0,1.96682557818842,25.969229366679137,10.49609590771746,81
GIN,2020.0,14088693742.9464,13371183.0,10.6016203387167,23.36863845053567,16.40861250162694,82
GMB,2020.0,1812170891.19069,2515733.0,5.93127636562441,21.317791351483677,14.73807516784293,83
GNB,2020.0,1646400349.84867,2013255.0,1.14000939393213,21.22185713614454,14.515263869909155,84
GNQ,2020.0,9893816007.7398,1716468.0,4.76669523944228,23.015175753332784,14.355779831710974,85
GRC,2020.0,191362985554.861,10698599.0,-1.24798355581405,25.977437909363,16.185623449750192,86
GRD,2020.0,1043411111.11111,116341.0,-0.740732597045498,20.76576109840108,11.664289408308909,87
GTM,2020.0,77719464220.73,17357325.0,3.21444062197352,25.076371567733098,16.669525223074228,89
GUM,2020.0,5916000000.0,162158.0,1.96682557818842,22.500926381963996,11.996332614357977,90
GUY,2020.0,5471256594.72422,807481.0,0.99333702283873,22.42277415199284,13.601676042808828,91
HKG,2020.0,344943149590.058,7481000.0,0.2509620210808,26.566645456605396,15.827877164526502,92
HND,2020.0,23352232483.755,10119640.0,3.46841177951184,23.87395842611649,16.129988746886067,94
HRV,2020.0,57963370885.0798,3914206.0,0.154811374562106,24.783077111542788,15.180123312611736,95
HTI,2020.0,14508222518.3018,11243848.0,22.7963113642528,23.39798139594601,16.235331781533823,96
HUN,2020.0,157288955508.176,9750149.0,3.32674385766738,25.781350431635087,16.092793227471073,97
IDN,2020.0,1059054842711.55,274814866.0,1.9209680056685,27.68839796847088,19.431608218013537,98
IND,2020.0,2674851578587.27,1402617695.0,6.62343677628535,28.614915010097288,21.061606110556724,99
IRL,2020.0,436555518400.451,4985382.0,-0.326183651280033,26.802181394061257,15.422020788918239,101
IRN,2020.0,262186179355.944,87723443.0,30.5941390387295,26.292320696577637,18.289699742029168,102
IRQ,2020.0,180898797516.874,42116605.0,0.574162679425795,25.921203582105413,17.555952662686117,103
ISL,2020.0,21629953194.0659,366463.0,2.84792401518665,23.79734491301934,12.811655569017733,104
ISR,2020.0,411728563086.632,9215100.0,-0.61441235846577,26.743630141716555,16.036354109416664,105
ITA,2020.0,1907481094079.23,59438851.0,-0.13770757391651,28.276804688695606,17.90045864459373,106
JAM,2020.0,13812421803.4084,2830739.0,5.2267777929352,23.348834154989056,14.856048719537352,107
JOR,2020.0,43700383098.5916,10865228.0,0.333294350628378,24.500622705590573,16.20107824830283,108
JPN,2020.0,5055587093501.59,126261000.0,-0.024995834027731,29.251515102805012,18.65386175895723,109
KAZ,2020.0,171082365861.423,19482117.0,6.71815454861464,25.865410949192565,16.785007577167708,110
KEN,2020.0,100657505750.545,52217334.0,5.40516207933392,25.3349895590441,17.770925085846418,111
KGZ,2020.0,8270468614.24051,6726595.5,6.32542296338078,22.83595700885554,15.721579853047302,112
KHM,2020.0,34818073901.4851,16725474.0,2.9402951426397,24.273402453917452,16.632443564173183,113
KIR,2020.0,223123620.597516,126099.0,2.5532455441463,19.223236532764883,11.744830521953011,114
KNA,2020.0,883922222.222222,46870.0,-1.16724501769353,20.599879633950913,10.755154426298283,115
KOR,2020.0,1644312831906.17,51836239.0,0.537288023411737,28.128343681508408,17.763600076513605,116
KWT,2020.0,111045470461.207,4400267.0,2.101729548274,25.433205598181296,15.297176006124515,117
LAO,2020.0,18981805250.2424,7346533.0,5.10407262959919,23.666746738947797,15.809739195341605,118
LBN,2020.0,31712128253.7961,5702398.0,84.8643330472041,24.179965039447442,15.556397521453798,119
LBR,2020.0,3176126300.0,5149463.0,16.9557241496255,21.878928146857984,15.45440318955356,120
LBY,2020.0,46854285440.642,7045399.0,1.44703656998741,24.570308312987425,15.767885479559752,121
LCA,2020.0,1499296296.2963,178250.0,-1.75580833517594,21.128261699840458,12.090947948358982,122
LKA,2020.0,84304298770.5329,21919000.0,6.15394508391738,25.1576986943852,16.90286444418801,123
LSO,2020.0,2053699870.07191,2235727.0,4.97809676252309,21.442908818531876,14.620077460061612,124
LTU,2020.0,57412038533.2718,2794885.0,1.19989444983569,24.77351984884378,14.843301876619662,125
LUX,2020.0,73699366700.2134,630419.0,0.819957302127036,25.023260043176876,13.354141542910876,126
LVA,2020.0,33379927434.6149,1900449.0,0.219064904842156,24.231220581289627,14.457601258199269,127
MAC,2020.0,25343525935.8358,685400.0,0.811410511491651,23.955789147259694,13.437759347423624,128
MAR,2020.0,121353645057.144,36584208.0,0.705968661338261,25.521974806229863,17.415127257183656,129
MDA,2020.0,11530746234.4492,2635130.0,3.76597122245358,23.168282890334197,14.78444345409185,130
MDG,2020.0,13051441203.9474,28953556.0,4.20179312190557,23.2921644017781,17.181203621447835,131
MDV,2020.0,3712604583.36665,502118.0,-1.36977425569811,22.03499951155161,13.126592422374358,132
MEX,2020.0,1121064767261.88,126799054.0,3.39683415570006,27.745300034676863,18.65811414725824,133
MHL,2020.0,241800000.0,42706.0,1.96682557818842,19.303621500280617,10.662118120207166,134
MKD,2020.0,12361036913.8409,1856124.0,1.20007348888487,23.237815178243633,14.434001539198363,135
MLI,2020.0,17465392764.3706,21713836.0,0.438088940320668,23.58348720366523,16.89346026506804,136
MLT,2020.0,16385919535.6742,515332.0,0.638544956776712,23.51968823816174,13.152568572630654,137
MMR,2020.0,79006113643.1906,53016522.0,1.96682557818842,25.09279107432029,17.786114177647974,138
MNE,2020.0,4769996866.00758,621306.0,-0.255655699848551,22.285611485034618,13.339580602687173,139
MNG,2020.0,13312981429.0891,3327204.0,3.79604026111247,23.312005443524722,15.017643170174798,140
MNP,2020.0,866000000.0,47528.0,1.96682557818842,20.579395467681444,10.769095330043152,141
MOZ,2020.0,14235420174.1884,30783688.0,3.48393567493204,23.378999074289503,17.24249552974581,142
MRT,2020.0,8260752385.23089,4600131.0,2.3856948845632,22.834781508252462,15.341595556699785,143
MSR,2020.0,189798603751.235,11439213.0,1.96682557818842,25.969229366679137,16.252557835261833,144
MUS,2020.0,11408106446.3144,1266014.0,2.58080077182822,23.157590031510512,14.0513847299573,145
MWI,2020.0,11769313597.8545,19533888.0,8.62551469650552,23.18876143866371,16.787661412573495,146
MYS,2020.0,337456163961.211,33889558.0,-1.1387021539305,26.544701454266853,17.33861753081046,147
NAM,2020.0,10583748541.5258,2728762.0,2.20938236933469,23.082585505212077,14.819358950921062,149
NCL,2020.0,9454629467.91408,284176.0,1.96682557818842,22.969770349385076,12.557352562446923,150
NER,2020.0,13744653103.058,23717613.0,2.8981937602627,23.343915720271912,16.98172853681504,151
NFK,2020.0,189798603751.235,11439213.0,1.96682557818842,25.969229366679137,16.252557835261833,152
NGA,2020.0,432198898467.795,213996181.0,13.2460234276597,26.792151732355133,19.181468731705476,153
NIC,2020.0,12681569254.2815,6565267.0,3.68181341625572,23.26341553660102,15.697303887429609,154
NLD,2020.0,932560861701.17,17441500.0,1.27246037789161,27.5612002535755,16.674363039255358,156
NOR,2020.0,367633418886.627,5379475.0,1.28658490708005,26.630352134306744,15.49810152962498,157
NPL,2020.0,33433659301.2466,28966574.0,5.05236655289212,24.232828993016607,17.18165313700554,158
NRU,2020.0,124530027.301054,11643.0,1.96682557818842,18.640057435960244,9.362546304865514,159
NZL,2020.0,212697530897.56,5090200.0,1.71456170007245,26.08313695070986,15.442827876941527,160
OMN,2020.0,75909492847.8544,4522497.0,-0.40640291946585,25.052807583999726,15.324575054018212,161
PAK,2020.0,300425609817.981,235001746.0,9.73999313898155,26.428466005596025,19.275103506123354,162
PAN,2020.0,57059846500.0,4293261.0,-1.5502754080376,24.767366492594952,15.27255737492751,163
PCN,2020.0,189798603751.235,11439213.0,1.96682557818842,25.969229366679137,16.252557835261833,164
PER,2020.0,201409694755.934,32838579.0,2.00241205759292,26.028606952899214,17.30711460166235,165
PHL,2020.0,361751145451.597,112081264.0,2.3931623931624,26.61422236887344,18.534734746510345,166
PLW,2020.0,258990843.75,17792.0,0.218181818181833,19.37230327058344,9.786560400506836,167
PNG,2020.0,23848447849.7467,9815746.0,4.87167398565555,23.894984972529727,16.099498490794595,168
POL,2020.0,605914237903.742,37899070.0,3.37446972618589,27.130004291391263,17.450437157878884,169
PRK,2020.0,189798603751.235,26136312.0,1.96682557818842,25.969229366679137,17.078836208010127,170
PRT,2020.0,229618773422.577,10297081.0,-0.0124383299575305,26.15968626383131,16.14737111209169,171
PRY,2020.0,35432178068.1814,6603739.0,1.76751592356698,24.290886229214575,15.703146713168394,172
PSE,2020.0,15531700000.0,4803269.0,-0.735332001092191,23.466148933731024,15.384807493932675,173
PYF,2020.0,5792545870.80614,279209.0,1.96682557818842,22.479837733411852,12.539719465847865,174
QAT,2020.0,144411363345.27,2794148.0,-2.5403150300476,25.69593175384269,14.84303814593833,175
ROU,2020.0,252033792712.145,19265250.0,2.63107311184743,26.25282901353553,16.77381356476624,176
RUS,2020.0,1493075894362.14,145245148.0,3.38165937237898,28.031859466658556,18.79393355554822,177
RWA,2020.0,10174387374.3478,13065837.0,9.85039902274207,23.04313935765142,16.385511595714206,178
SAU,2020.0,734271200000.0,31552510.0,3.44545825956692,27.322144279609343,17.26716373174017,179
SDN,2020.0,27034593750.0,46789231.0,163.257782355458,24.020383132887375,17.66116364894407,180
SEN,2020.0,24530513037.7518,16789219.0,2.54314685681652,23.923183609745422,16.63624757175066,181
SGP,2020.0,349488382610.662,5685807.0,-0.181916666666634,26.579736158043957,15.55348380347558,182
SLB,2020.0,1536145814.17007,744498.0,2.96354992076065,21.152542398917504,13.520466787921954,185
SLE,2020.0,6688594757.62129,7912558.0,13.4468711101052,22.623669637994535,15.883961801962851,186
SLV,2020.0,24921190000.0,6234673.0,-0.371590212324095,23.93898428257465,15.645636850244175,187
SMR,2020.0,1544714493.24409,34770.0,-0.133368898372915,21.1581049368502,10.456538985013989,188
SOM,2020.0,8628393719.99922,16651191.0,1.96682557818842,22.87832419737135,16.627992363419764,189
SRB,2020.0,55874017668.998,6899126.0,1.57553290083415,24.74636530887545,15.746905439823808,191
SSD,2020.0,189798603751.235,10698467.0,29.6758435538571,25.969229366679137,16.185611111611156,192
STP,2020.0,471229484.607144,217435.0,9.81932791540146,19.970855763910826,12.289659833336442,193
SUR,2020.0,2911807496.20227,612317.0,34.889784309078,21.792039858365715,13.32500703438819,194
SVK,2020.0,107732602896.441,5458827.0,1.93694126694223,25.402918094866127,15.512744672665395,195
SVN,2020.0,53384760135.1581,2102419.0,-0.05485681576061,24.70079115147223,14.558599620164776,196
SWE,2020.0,545147614972.141,10353442.0,0.497367318853572,27.024322448097287,16.15282967936241,197
SWZ,2020.0,4105756862.55271,1192729.0,1.96682557818842,22.135655938873345,13.991755355264598,198
SYC,2020.0,1382551751.56908,98462.0,1.20266463987123,21.047196724706478,11.497436122074095,199
SYR,2020.0,12047752036.091,21049429.0,1.96682557818842,23.212143926541405,16.86238403934124,200
TCA,2020.0,774653669.315186,44386.0,1.96682557818842,20.467926610425668,10.700701912755346,201
TCD,2020.0,10715396042.3343,17224679.0,4.4641443723286,23.09494742676932,16.661853797042664,202
TGO,2020.0,7400284167.78479,8669720.0,1.69928463299408,22.72478423760636,15.975347168308144,203
THA,2020.0,500461898480.246,71641484.0,-0.845937147357041,26.93879730589329,18.087184863585165,204
TJK,2020.0,8133963550.65742,9749310.0,1.96682557818842,22.819314163435102,16.092707173810357,205
TKM,2020.0,45818000000.0,6949912.0,1.96682557818842,24.547942863979394,15.754239699477013,207
TLS,2020.0,2162619200.0,1326053.0,0.495499215459571,21.494585917100867,14.097718172880647,208
TON,2020.0,496856295.76752,105704.0,-0.349737696727496,20.02381140093866,11.568407474429232,209
TTO,2020.0,20807716174.0546,1366725.0,0.598986330824643,23.75858972481589,14.127928656698185,210
TUN,2020.0,42491780918.361,11974057.0,5.63415115897625,24.472576504041818,16.298253034284,211
TUR,2020.0,720338490327.248,83384680.0,12.2789574462574,27.302987063938062,18.238975169402387,212
TZA,2020.0,66068737786.0639,60972798.0,3.29029062798325,24.913961518629296,17.925938404653788,214
UGA,2020.0,37600368241.6657,44457152.0,3.31332289544502,24.35027968098222,17.61003642936227,215
UKR,2020.0,156617722013.342,44680014.0,2.73249209419427,25.777073781496988,17.615036867885898,216
UMI,2020.0,189798603751.235,11439213.0,1.96682557818842,25.969229366679137,16.252557835261833,217
URY,2020.0,53668636567.8667,3398968.0,9.75640636078194,24.70609461884128,15.038982708307154,218
USA,2020.0,21354105000000.0,331526933.0,1.23358439630629,30.692265108784166,19.61921961315846,219
UZB,2020.0,66443265418.3086,33586372.0,12.8677297362606,24.919614268877933,17.32963097719332,220
VCT,2020.0,869111111.111111,103526.0,-0.628131309354654,20.582981537094113,11.54758772723223,222
VEN,2020.0,189798603751.235,28444077.0,1.96682557818842,25.969229366679137,17.163450542212132,223
VGB,2020.0,189798603751.235,37135.0,1.96682557818842,25.969229366679137,10.522342128514218,224
VNM,2020.0,346615738537.796,98079191.0,3.22093436652514,26.57148262156051,18.40128579194532,225
VUT,2020.0,909421043.508407,298858.0,5.32935073101715,20.62831874017871,12.60772716924147,226
WSM,2020.0,868898358.266437,211944.0,-1.56891247740895,20.582736713519513,12.264082086033074,228
YEM,2020.0,189798603751.235,36134863.0,1.96682557818842,25.969229366679137,17.4027687190281,229
ZAF,2020.0,337974655408.055,60562381.0,3.23238831615113,26.546236745621112,17.91918449921295,230
ZMB,2020.0,18137764930.651,19059395.0,15.7330604721369,23.621262061895028,16.763070766286322,231
ZWE,2020.0,26867936444.6826,15526888.0,557.201817362051,24.01419945892031,16.558083853100246,232
ABW,2021.0,2929446578.25104,107700.0,1.96682557818842,21.798079361333468,11.587114148152441,0
AFG,2021.0,14259995441.0759,40000412.0,5.13320340824963,23.380723932302487,17.504400337024908,1
AGO,2021.0,66505129987.7235,34532429.0,25.7542948841891,24.920544924320446,17.357409440478254,2
AIA,2021.0,189798603751.235,11439213.0,1.96682557818842,25.969229366679137,16.252557835261833,3
ALB,2021.0,18032010563.7558,2811666.0,2.04147163139545,23.615414380132957,14.849288103847735,4
AND,2021.0,3324647529.381,78364.0,1.96682557818842,21.924629499534756,11.269132678088168,5
ARE,2021.0,415178792769.884,9575152.0,0.179935336174431,26.751975090352193,16.07468207201559,6
ARG,2021.0,486564085480.036,45312281.0,1.96682557818842,26.910634457504624,17.629088679533112,7
ARM,2021.0,13878908628.9378,2962300.0,7.18483629443371,23.353636159966634,14.901476889173537,8
ASM,2021.0,750000000.0,49225.0,1.96682557818842,20.435583765827964,10.804177218181632,9
ATG,2021.0,1601366666.66667,92349.0,2.06299638545334,21.194123268890536,11.433340985627385,12
AUS,2021.0,1556735770437.26,25685412.0,2.86391042204994,28.073612290100435,17.061433801178023,13
AUT,2021.0,480467037338.783,8955797.0,2.7666666666667,26.898024462253947,16.007811701734497,14
AZE,2021.0,54825411764.7059,10137750.0,6.65029912708779,24.72741964176855,16.131776736655397,15
BDI,2021.0,2775798697.46022,12965481.0,8.40453845076341,21.744204361997735,16.377801153278895,16
BEL,2021.0,598494036474.409,11586195.0,2.44024851144084,27.11768239777685,16.26532494746437,17
BEN,2021.0,17690083519.9323,13413417.0,1.73353962694036,23.59627006647114,16.411766107194964,18
BFA,2021.0,19697516284.3787,21995243.0,3.65353287214209,23.703758387857665,16.90633680613375,20
BGD,2021.0,416271647911.014,167658854.0,5.54565430773473,26.754603883884577,18.93744184785328,21
BGR,2021.0,84417951260.8091,6877743.0,3.29774435299515,25.159045908607904,15.743801249159533,22
BHR,2021.0,40840212765.9574,1504365.0,-0.60631938514085,24.432933039998094,14.223882104950684,23
BHS,2021.0,11368900000.0,396373.0,2.90491262928478,23.154147394294295,12.890113488974016,24
BIH,2021.0,23672712242.2149,3244907.0,1.98163900587622,23.88758883959502,14.992597556408715,25
BLR,2021.0,69673747131.87,9302585.0,9.46028389623103,24.96708942856495,16.045802983986842,27
BLZ,2021.0,2420550000.0,395346.0,3.23563659237071,21.607260624432875,12.887519139257307,28
BMU,2021.0,7286607000.0,64648.0,1.96682557818842,22.70930384265831,11.076727916176276,29
BOL,2021.0,40406111695.179,11937360.0,0.737383721452275,24.422246890080302,16.295183619724273,30
BRA,2021.0,1670647399034.67,209550294.0,8.30165975585673,28.144232331328116,19.160474340112938,31
BRB,2021.0,5275242050.0,282147.0,1.96682557818842,22.386290401701288,12.550187034944022,32
BRN,2021.0,14006496614.3195,451721.0,1.73341388450593,23.362787102877967,13.020822225349278,33
BTN,2021.0,2768802959.60794,775442.0,7.3468144053353,21.74168091955959,13.561189757930284,34
BWA,2021.0,18750946600.1423,2401441.0,7.24097765588442,23.654510073482744,14.691579948223428,36
CAF,2021.0,2516498412.46384,5112100.0,4.25936417542868,21.64613425372702,15.447121032277822,37
CAN,2021.0,2007472181464.15,38239864.0,3.39519318527528,28.327897425368775,17.459389115806516,38
CHE,2021.0,813408787222.499,8704546.0,0.581814168489856,27.424499633439,15.979356090772335,40
CHL,2021.0,315515014838.539,19456334.0,4.52456838259144,26.477472108411888,16.78368328193861,41
CHN,2021.0,17820459508852.2,1412360000.0,0.981015135544882,30.511368323769688,21.068527901736438,42
CIV,2021.0,72794636653.7793,29639736.0,4.09195189692863,25.010908117110652,17.204626485208394,43
CMR,2021.0,45011937346.8384,26915758.0,2.27185762503637,24.53019356593411,17.108222509468124,44
COD,2021.0,55328482783.5393,99148932.0,1.96682557818842,24.736553672272063,18.412133651399657,45
COG,2021.0,14825690210.9157,5892183.0,1.7156427545126,23.419627338042613,15.589137284861842,46
COK,2021.0,189798603751.235,11439213.0,1.96682557818842,25.969229366679137,16.252557835261833,47
COL,2021.0,318524633225.395,51188173.0,3.49505757399448,26.486965650338096,17.751019086768043,48
COM,2021.0,1296089479.91978,818174.0,1.96682557818842,20.982617476412656,13.614831529134067,49
CPV,2021.0,2051842609.64558,516649.0,1.86215297494647,21.442004060848188,13.155120941642501,50
CRI,2021.0,64960725734.1965,5059988.0,1.72647755109241,24.897048704769393,15.436874867348243,51
CUB,2021.0,189798603751.235,11122168.0,1.96682557818842,25.969229366679137,16.224450881722994,52
CUW,2021.0,2739608156.42458,152369.0,1.96682557818842,21.731080738880532,11.9340670524634,53
CYM,2021.0,6060026520.10608,70108.0,1.96682557818842,22.524980013438203,11.157806452798765,55
CYP,2021.0,30372874319.6285,1317309.0,2.44608867175474,24.136815754944447,14.091102336474309,56
CZE,2021.0,290972714482.313,10505772.0,3.83984491500146,26.39649533505957,16.16743547356168,57
DEU,2021.0,4348297440387.53,83196078.0,3.06666666666673,29.100805491400774,18.23671077727706,58
DJI,2021.0,3385825228.86997,1121248.0,1.18191775339802,21.94286350381134,13.929953800492983,59
DMA,2021.0,555266666.666667,67202.0,1.4831944499819,20.134959038598343,11.11547316837192,60
DNK,2021.0,408378204639.999,5856733.0,1.8530454398968,26.735459554136515,15.583102668298746,61
DOM,2021.0,94243425938.3647,11123476.0,8.24300347981809,25.26914690953532,16.224568477768667,62
DZA,2021.0,186231205262.082,44761099.0,7.22606307415477,25.950254777775033,17.61685001661988,63
ECU,2021.0,107435101000.0,17682454.0,0.133251386096389,25.400152790588287,16.68808346300003,64
EGY,2021.0,424671765455.704,110957008.0,5.21404940513043,26.77458239090828,18.524653377947843,65
ERI,2021.0,189798603751.235,3350183.0,1.96682557818842,25.969229366679137,15.024525827666041,66
ESP,2021.0,1461244901852.69,47415794.0,3.0931351197642,28.010309860832635,17.67446595900534,68
EST,2021.0,37204563051.4723,1330932.0,4.65316673847473,24.339697253403926,14.101390758018583,69
ETH,2021.0,111261882958.426,122138588.0,26.8395221557722,25.435152565407083,18.62066693337552,70
FIN,2021.0,294223210496.119,5541017.0,2.19457432340007,26.40760453560181,15.52768879635531,71
FJI,2021.0,4305031630.81808,916711.0,0.155855722131516,22.183050322492043,13.728548634297264,72
FRA,2021.0,2966433692008.09,67842811.0,1.64233141038385,28.718381570131378,18.032703999060573,74
FSM,2021.0,390000000.0,111624.0,3.19128406597466,19.781657299652068,11.6229003181788,76
GAB,2021.0,19444935097.2395,2376722.0,1.0869074651941,23.69085246683909,14.681233206106262,77
GBR,2021.0,3143323050707.26,67026292.0,2.51837109614213,28.776301652651757,18.020595533209434,78
GEO,2021.0,18853115588.8106,3708610.0,9.56691433824769,23.659944020461733,15.126167970949865,79
GHA,2021.0,79524421861.2743,32518665.0,9.9710886750444,25.09933000466867,17.297324820892296,80
GIB,2021.0,189798603751.235,36858.0,1.96682557818842,25.969229366679137,10.514855101175929,81
GIN,2021.0,17069115737.8259,13710513.0,12.5972882566934,23.560536570350408,16.4336735417183,82
GMB,2021.0,2014158842.14596,2576010.0,7.37034758876618,21.42346749761932,14.7617526363836,83
GNB,2021.0,1853796455.89489,2058841.0,2.24248879577659,21.340501512138072,14.5376542467858,84
GNQ,2021.0,12215878032.7166,1758786.0,-0.0971007664640198,23.226002420670515,14.380134924858247,85
GRC,2021.0,218303801895.326,10569207.0,1.22382501019854,26.10915351627519,16.173455425994632,86
GRD,2021.0,1122800000.0,116688.0,1.21951193916838,20.839091403342632,11.667267555048804,87
GRL,2021.0,3235809504.29871,56653.0,1.96682557818842,21.89754496707329,10.944717872966102,88
GTM,2021.0,86478835636.3813,17598650.0,4.26105127422813,25.18316554623415,16.683332809343522,89
GUM,2021.0,6234000000.0,163730.0,1.96682557818842,22.55328401845197,12.005980116231084,90
GUY,2021.0,8041363893.04556,815482.0,5.03285574626702,22.807864544313173,13.61153585471924,91
HKG,2021.0,368954169748.818,7413100.0,1.56875834445922,26.633938272053324,15.818759398259383,92
HND,2021.0,28144331506.6149,10289877.0,4.48087963413445,24.060611803852304,16.146671251568907,94
HRV,2021.0,69006802298.6956,3878981.0,2.55450699642041,24.957470920738142,15.171083306040108,95
HTI,2021.0,20877414952.6375,11374586.0,16.8415240198785,23.76193378739397,16.24689221444984,96
HUN,2021.0,182109999477.691,9709891.0,5.11096534382855,25.927876734191535,16.088655717651584,97
IDN,2021.0,1186509691070.97,276758053.0,1.56012990525673,27.802037080569715,19.438654231207252,98
IND,2021.0,3167270623260.47,1414203896.0,5.13140747176369,28.78389133081679,21.06983259275217,99
IRL,2021.0,531306516907.984,5033164.0,2.34034113447044,26.99860493629643,15.431559568849181,101
IRN,2021.0,383436202446.695,88455488.0,43.3890162681514,26.672439087846424,18.298010034304266,102
IRQ,2021.0,209691945713.103,43071211.0,6.04186489058044,26.068905365504843,17.578365396871188,103
ISL,2021.0,25825287184.3818,372520.0,4.44423970189739,23.97461997233101,12.82804869105162,104
ISR,2021.0,489708278893.053,9371400.0,1.51020047690539,26.91707570156457,16.053173162781505,105
ITA,2021.0,2179207773596.09,59133173.0,1.87378325762481,28.409982520074525,17.89530264469225,106
JAM,2021.0,14657586127.0331,2837682.0,5.86278242801063,23.408223862823796,14.858498432084255,107
JOR,2021.0,46296100140.8451,11066356.0,1.34609377243118,24.558323564293307,16.219420162899397,108
JPN,2021.0,5034620784584.98,125681593.0,-0.233352779398264,29.247359323390988,18.649262234835668,109
KAZ,2021.0,197112255360.612,19743603.0,8.04147134028396,26.007039227566874,16.79834014876002,110
KEN,2021.0,109703658904.994,53219166.0,6.10793603659176,25.421048557417897,17.789929171380802,111
KGZ,2021.0,9249133946.26531,6851224.0,11.9050398185147,22.947795756764766,15.739938026366639,112
KHM,2021.0,36790163687.4421,16974305.0,2.92073477592949,24.32849635531773,16.647211346920844,113
KIR,2021.0,289339292.157301,128377.0,2.05361676773907,19.483110582214305,11.762734315993836,114
KNA,2021.0,858622222.222222,46763.0,1.195688870384,20.57083959651111,10.75286895512671,115
KOR,2021.0,1818432106880.04,51769539.0,2.49833333333339,28.22899576599464,17.76231250338371,116
KWT,2021.0,148459291453.471,4360865.0,3.42362947609188,25.7235766259885,15.288181219455321,117
LAO,2021.0,18827148530.9347,7453194.0,3.75562036658877,23.658565735962306,15.824153357482382,118
LBN,2021.0,23131941556.7843,5718122.0,154.756096023393,23.86448025077301,15.559151162650874,119
LBR,2021.0,3513049500.0,5259323.0,7.81559385858648,21.979750300936406,15.475513059344594,120
LBY,2021.0,35217995647.2862,7135175.0,2.86833027751019,24.284823028919945,15.780547475722692,121
LCA,2021.0,1867185185.18518,178522.0,2.41070312174393,21.34769788575964,12.0924727234418,122
LKA,2021.0,88609324901.9774,22156000.0,7.01478071238195,25.207502936231283,16.913618943269633,123
LSO,2021.0,2412130056.55851,2261542.0,6.04774591950676,21.603776035401822,14.631557881648082,124
LTU,2021.0,67037321008.9679,2800839.0,4.68354420903453,24.928515331253276,14.845429930154431,125
LUX,2021.0,85584105993.8746,640064.0,2.52692009066166,25.17276542522391,13.369325012678733,126
LVA,2021.0,38185125732.9451,1884490.0,3.27582937431156,24.365711898038835,14.449168315875323,127
MAC,2021.0,30969334705.0515,682500.0,0.0264543647054126,24.15626334881675,13.433519271241643,128
MAR,2021.0,142022058447.231,36954442.0,1.40195883962006,25.679248223668203,17.4251964417022,129
MDA,2021.0,13691869264.0794,2595809.0,5.10641129002836,23.340068009298196,14.769409164605293,130
MDG,2021.0,14554754116.5427,29691083.0,5.81225118787715,23.401183520668614,17.20635735668308,131
MDV,2021.0,5252457369.55218,516154.0,0.543149688737013,22.381961874620448,13.154162386953278,132
MEX,2021.0,1316569466932.59,127648148.0,5.68920847683753,27.906050580866363,18.664788200959087,133
MHL,2021.0,258900000.0,41367.0,1.96682557818842,19.37195244858426,10.630262914076058,134
MKD,2021.0,14000283827.0154,1837114.0,3.23074912132919,23.36234343978584,14.423706964306426,135
MLI,2021.0,19309463508.0377,22388630.0,3.92560283104276,23.683861149937062,16.924063843338033,136
MLT,2021.0,19718565605.433,518536.0,1.49789217934724,23.704826445464867,13.158766663797154,137
MMR,2021.0,66345291160.1683,53387102.0,1.96682557818842,24.918138625517663,17.7930797579066,138
MNE,2021.0,5861427505.12493,619211.0,2.41080198403165,22.491659012597054,13.336202980914829,139
MNG,2021.0,15286441737.6686,3383741.0,7.35281243380219,23.45023211160081,15.034492755666996,140
MOZ,2021.0,16168055475.4449,31707800.0,6.40847652975692,23.50630324829153,17.272073296900817,142
MRT,2021.0,9222536364.01272,4734874.0,3.56516484650185,22.944915930502713,15.370465885098625,143
MSR,2021.0,189798603751.235,11439213.0,1.96682557818842,25.969229366679137,16.252557835261833,144
MUS,2021.0,11484348857.8529,1266334.0,4.02852888157383,23.164250976561046,14.051637459636613,145
MWI,2021.0,12378129750.9872,20047258.0,9.33014410835212,23.239197022676503,16.813602994142006,146
MYS,2021.0,373784823672.946,34282399.0,2.47710241465447,26.64694613102046,17.35014266091176,147
NAM,2021.0,12402486183.6396,2810548.0,3.61690530108814,23.24116278822147,14.84889039589246,149
NCL,2021.0,10071349663.8484,285214.0,1.96682557818842,23.032960562982726,12.560998560809633,150
NER,2021.0,14915002436.069,24502140.0,3.8378680284051,23.425633418310294,17.01427105945197,151
NGA,2021.0,440833635873.827,218529286.0,16.9528457221608,26.811933398305023,19.202430600131088,153
NIC,2021.0,14144060853.1362,6644741.0,4.92841396948968,23.37256064530248,15.709336423190626,154
NLD,2021.0,1054472123449.6,17533044.0,2.67572008805385,27.68406140071742,16.679597944037692,156
NOR,2021.0,503367986030.268,5408320.0,3.48388055266678,26.944587322137203,15.503449251452285,157
NPL,2021.0,36924841394.2605,29475010.0,4.14968003360264,24.332150370033315,17.199053377585265,158
NRU,2021.0,175513984.500084,11709.0,1.96682557818842,18.983229287154327,9.368198456591763,159
NZL,2021.0,253644079784.977,5111300.0,3.94112060778728,26.259197860595958,15.446964528600938,160
OMN,2021.0,87323797139.1417,4500424.0,1.68221185876085,25.19288885302559,15.319682394725398,161
PAK,2021.0,348516647445.148,239477801.0,9.49621056124947,26.576951834861614,19.29397128575983,162
PAN,2021.0,67396392500.0,4345405.0,1.63070337301898,24.933857329708193,15.284629753052794,163
PCN,2021.0,189798603751.235,11439213.0,1.96682557818842,25.969229366679137,16.252557835261833,164
PER,2021.0,226354278280.885,33155882.0,4.27166381536798,26.145367211828834,17.316730724914255,165
PHL,2021.0,394087359848.11,113100950.0,3.92718022100332,26.699838447172233,18.543791349539063,166
PLW,2021.0,235752906.25,17783.0,2.6124818577648,19.27829481132121,9.786054455644033,167
PNG,2021.0,26109413522.3081,10012896.0,4.48359014042398,23.985561757639882,16.119384520009646,168
POL,2021.0,689170230665.35,36981559.0,5.05502704719272,27.258754146625435,17.42592996799834,169
PRK,2021.0,189798603751.235,26232534.0,1.96682557818842,25.969229366679137,17.082510992236127,170
PRT,2021.0,256055879091.139,10361831.0,1.26565719069044,26.268661535310528,16.15363961313916,171
PRY,2021.0,39950899938.7482,6684182.0,4.787983101236,24.410917035556995,15.71525454713771,172
PSE,2021.0,18109000000.0,4922749.0,1.23748102831369,23.61967488926084,15.409377875407417,173
PYF,2021.0,6150640646.38319,279792.0,1.96682557818842,22.5398220836457,12.541805323030658,174
QAT,2021.0,179732009554.846,2504910.0,2.30446565742003,25.914732742618448,14.733763762927818,175
ROU,2021.0,286578196368.297,19122059.0,5.05232876096582,26.381277272577325,16.766353200369704,176
RUS,2021.0,1843392293734.38,144746762.0,6.69445891957612,28.242628628034712,18.790496311473028,177
RWA,2021.0,11069280649.6459,13355260.0,-0.391346748300791,23.127439599680738,16.407420947577464,178
SAU,2021.0,874156000000.0,30784383.0,3.06328988941547,27.496524686378216,17.242518106382246,179
SDN,2021.0,34229513774.9936,48066924.0,359.093040778999,24.256354084771598,17.68810486861246,180
SEN,2021.0,27520784129.7508,17220867.0,2.18032278088147,24.038207342728846,16.66163246219756,181
SGP,2021.0,434111559282.849,5453566.0,2.30485959040484,26.7965673870565,15.511780447963556,182
SLB,2021.0,1522794913.0914,762591.0,-0.115437894412839,21.143813242626877,13.544478435923091,185
SLE,2021.0,7165214367.64956,8094602.0,11.8739588840234,22.69250381664145,15.906708101272343,186
SLV,2021.0,29043140000.0,6255782.0,3.46692585313082,24.09204814781393,15.64901687390492,187
SMR,2021.0,1855395999.76534,34252.0,1.61551411551421,21.34136398772426,10.441529431095358,188
SOM,2021.0,9483997404.25227,17271431.0,1.96682557818842,22.972871731557404,16.664564365040853,189
SRB,2021.0,66159884072.5308,6834326.0,4.08510285335102,24.91534013544645,15.73746855950299,191
SSD,2021.0,189798603751.235,10865780.0,10.5167158294359,25.969229366679137,16.201129051279786,192
STP,2021.0,524402455.54816,221961.0,8.13777038378732,20.077769994335906,12.310261475031789,193
SUR,2021.0,3107923197.96954,617896.0,59.1196626251977,21.857220558390235,13.334077055882728,194
SVK,2021.0,120592216208.386,5447247.0,3.14960629921268,25.51568057694583,15.510621084978716,195
SVN,2021.0,61529280461.092,2108079.0,1.91706506089259,24.84277900353149,14.561288138587418,196
SWE,2021.0,637186904843.636,10415811.0,2.16319736447153,27.180328863679847,16.158835594112453,197
SWZ,2021.0,4737671576.32851,1206593.0,1.96682557818842,22.278811623549487,14.003312072326013,198
SYC,2021.0,1487173794.80528,99258.0,9.76909936973542,21.120143374397344,11.505487874539,199
SYR,2021.0,14353205678.4991,21628839.0,1.96682557818842,23.387239146503287,16.889538167272466,200
TCA,2021.0,1045782453.5755,45243.0,1.96682557818842,20.768031202541327,10.719825343651271,201
TCD,2021.0,11779981332.8631,17828273.0,-0.772844370359139,23.18966743060689,16.696296182012823,202
TGO,2021.0,8342243645.94438,8878379.0,4.1862150652352,22.84459803955242,15.9991296658931,203
THA,2021.0,506256494297.34,71727332.0,1.23039541318384,26.950309283528515,18.088382446315606,204
TJK,2021.0,8937805347.13963,9966908.0,1.96682557818842,22.913555909209744,16.114781063778487,205
TKM,2021.0,50007428571.4286,7092043.0,1.96682557818842,24.635437402787485,15.774484150330707,207
TLS,2021.0,3624889700.0,1350139.0,3.69792094666786,22.011089697479786,14.115718848741459,208
TON,2021.0,518228012.09129,105490.0,5.64051140636751,20.065925883086003,11.566380920202446,209
TTO,2021.0,24496397204.7176,1367558.0,2.05922746915458,23.92179189085591,14.12853795677171,210
TUN,2021.0,46812290143.344,12048622.0,5.706350208307,24.569411615315943,16.30446093751226,211
TUR,2021.0,819865223976.115,84147318.0,19.5964926913324,27.432405802692443,18.248079618319345,212
TZA,2021.0,70655628147.8986,62830412.0,3.69091958802199,24.98108360530886,17.95594979765054,214
UGA,2021.0,40529788748.6737,45910930.0,2.20457204757414,24.425303065376493,17.64221379482615,215
UKR,2021.0,199765859570.935,44298640.0,9.36313917695223,26.02041181554707,17.606464557343905,216
UMI,2021.0,189798603751.235,11439213.0,1.96682557818842,25.969229366679137,16.252557835261833,217
URY,2021.0,60760798595.5436,3396695.0,7.74791402314762,24.830210658046195,15.038313752411074,218
USA,2021.0,23681171000000.0,332048977.0,4.69785886363742,30.79570137573525,19.62079304009654,219
UZB,2021.0,77340060003.0347,34243696.0,10.8492397508122,25.07147789897262,17.34901307653998,220
VCT,2021.0,872225925.925926,102841.0,1.57272932500558,20.586559038826486,11.540949108876447,222
VEN,2021.0,189798603751.235,28237826.0,1.96682557818842,25.969229366679137,17.15617302003663,223
VGB,2021.0,189798603751.235,37809.0,1.96682557818842,25.969229366679137,10.54032889688498,224
VNM,2021.0,366474752771.009,98935098.0,1.83471554810444,26.627195468511484,18.409974627465175,225
VUT,2021.0,950394006.532514,305868.0,2.34328358208953,20.67238720134709,12.63091218469643,226
WLF,2021.0,189798603751.235,11439213.0,1.96682557818842,25.969229366679137,16.252557835261833,227
WSM,2021.0,843923638.733018,213779.0,3.13320473174494,20.55357257421721,12.272702727827937,228
YEM,2021.0,189798603751.235,37140230.0,1.96682557818842,25.969229366679137,17.4302113335787,229
ZAF,2021.0,420886877628.703,61502603.0,4.61874544887136,26.76562993530583,17.934590073343788,230
ZMB,2021.0,22096416932.0089,19603607.0,22.0207676245777,23.818681302597568,16.791224188892453,231
ZWE,2021.0,27240515108.8049,15797210.0,98.5461050920624,24.027971228100505,16.575343963428544,232
ABW,2022.0,3279343543.60416,107310.0,1.96682557818842,21.91090910047182,11.583486439673765,0
AFG,2022.0,14497243872.1337,40578842.0,13.7121023720065,23.397224390590964,17.51875738037342,1
AGO,2022.0,104399746853.401,35635029.0,21.3552901320822,25.371493087625737,17.388839700786704,2
AIA,2022.0,189798603751.235,11439213.0,1.96682557818842,25.969229366679137,16.252557835261833,3
ALB,2022.0,19017242585.7803,2777689.0,6.7252027153006,23.668611909146925,14.837130204996965,4
AND,2022.0,3380612573.32922,79705.0,1.96682557818842,21.941322765028904,11.286100144253393,5
ARE,2022.0,502731935197.487,10074977.0,5.29122604376849,26.943322932976454,16.125565482171808,6
ARG,2022.0,632790070063.124,45407904.0,1.96682557818842,27.17340456121625,17.631196766797363,7
ARM,2022.0,19513506553.1251,2969200.0,8.64091108973855,23.69437270655039,14.903803451016527,8
ASM,2022.0,871000000.0,48342.0,1.96682557818842,20.585152535964884,10.786076712737268,9
ATG,2022.0,1867733333.33333,92840.0,7.53107834634288,21.347991411923104,11.438643631549667,12
AUS,2022.0,1690858246994.43,26014399.0,6.59409671341846,28.156257354416056,17.074160788823427,13
AUT,2022.0,471773629830.381,9041851.0,8.5468699318845,26.87976510967328,16.017374578642567,14
AZE,2022.0,78807470588.2353,10141756.0,13.8522590144267,25.09027363374851,16.132171815278813,15
BDI,2022.0,3338722827.65691,13321097.0,18.8008786664945,21.92885418417694,16.404859652111583,16
BEL,2022.0,593438820508.173,11680210.0,9.597511728725,27.10919996313714,16.273406600269677,17
BEN,2022.0,17401746309.2655,13759501.0,1.35077863583527,23.579836400789837,16.437240197954065,18
BFA,2022.0,18820218690.5948,22509038.0,14.2902354303358,23.658197591205887,16.92942751983475,20
BGD,2022.0,460131688909.301,169384897.0,7.69695437176898,26.854778565698968,18.947684186267168,21
BGR,2022.0,90642851835.8996,6643324.0,15.3252589264366,25.230192916508575,15.709123149129715,22
BHR,2022.0,46680398936.1702,1524693.0,3.62574104304482,24.56659019054012,14.237304292151888,23
BHS,2022.0,13136400000.0,397538.0,5.60540633583044,23.29865283993891,12.893048321471285,24
BIH,2022.0,24534663636.1778,3204802.0,14.0208440826771,23.923352796884533,14.980161179989109,25
BLR,2022.0,73775179924.603,9228071.0,15.209675274081,25.024288196614908,16.037760700586045,27
BLZ,2022.0,2846700000.0,402733.0,6.27689319447544,21.769426265963382,12.906031573372372,28
BMU,2022.0,7827980000.0,64749.0,1.96682557818842,22.780970331673707,11.078288979561783,29
BOL,2022.0,44008282877.9606,12077154.0,1.74632872945969,24.507643700397487,16.30682620948831,30
BRA,2022.0,1951923942083.32,210306415.0,9.28010608956873,28.299836639064182,19.1640761490045,31
BRB,2022.0,6257303500.0,282318.0,1.96682557818842,22.557015178619736,12.550792916262969,32
BRN,2022.0,16681536442.5498,455370.0,3.68225030604216,23.537568342557528,13.02886775030303,33
BTN,2022.0,2898227743.13545,780914.0,5.6391667139637,21.787365264415328,13.568221588071738,34
BWA,2022.0,20321958850.0363,2439892.0,11.665567478802,23.73496785515992,14.70746474384882,36
CAF,2022.0,2382618615.01694,5098039.0,5.58316735183247,21.591465978619308,15.444366710101619,37
CAN,2022.0,2161483369422.01,38939056.0,6.80280115341613,28.401815847026352,17.47750834087139,38
CHE,2022.0,818426550206.45,8777088.0,2.83502798644463,27.430649492660066,15.987655361661844,40
CHL,2022.0,302116539409.03,19553036.0,11.643866711056,26.434078671970273,16.788641177599363,41
CHN,2022.0,17881782683707.3,1412175000.0,1.97357555739051,30.514803583372185,21.068396906723002,42
CIV,2022.0,70173140101.4315,30395002.0,5.27616724262846,24.97423145513713,17.229788777865398,43
CMR,2022.0,44347206072.5513,27632771.0,6.24767713343861,24.515315546503416,17.13451301760021,44
COD,2022.0,65801547619.5815,102396968.0,1.96682557818842,24.909909195070718,18.44436767052223,45
COG,2022.0,15817030154.6941,6035104.0,3.04344334698478,23.484353054462844,15.613103810871117,46
COK,2022.0,189798603751.235,11439213.0,1.96682557818842,25.969229366679137,16.252557835261833,47
COL,2022.0,345329875078.512,51737944.0,10.1772313546166,26.567765956799068,17.761702016113514,48
COM,2022.0,1242519407.77603,834188.0,1.96682557818842,20.94040693655835,13.63421527437178,49
CPV,2022.0,2247003347.63376,519741.0,7.93092925430087,21.53286332041719,13.16108781358641,50
CRI,2022.0,69243626028.5936,5081765.0,8.27477490232654,24.960896934883696,15.441169396937923,51
CUB,2022.0,189798603751.235,11059820.0,1.96682557818842,25.969229366679137,16.21882936947903,52
CUW,2022.0,3075180834.72417,149996.0,1.96682557818842,21.84662954484133,11.91837057287839,53
CYM,2022.0,6600843963.37585,71591.0,1.96682557818842,22.610463351193967,11.178738614862693,55
CYP,2022.0,30976176886.8521,1331370.0,8.39548297993334,24.156484258505035,14.101719796328222,56
CZE,2022.0,301831228325.556,10672118.0,15.1001651468371,26.43313385150751,16.183145197750036,57
DEU,2022.0,4163596357879.39,83797985.0,6.87257438551097,29.057400325834816,18.243919531750617,58
DJI,2022.0,3674298479.07676,1137096.0,5.17980847967061,22.024628061614408,13.943989081318946,59
DMA,2022.0,607159259.259259,66826.0,7.7806152516404,20.224301687360075,11.109862469478076,60
DNK,2022.0,401945576107.963,5903037.0,7.6965669988926,26.719582533586827,15.590977691606815,61
DOM,2022.0,113537368176.13,11230734.0,8.81109209279587,25.455397854722698,16.234164774261224,62
DZA,2022.0,225638456572.143,45477389.0,9.26551551551553,26.142199805576492,17.632725837337066,63
ECU,2022.0,116586079000.0,17823897.0,3.46616972213077,25.481895712663082,16.696050699071588,64
EGY,2022.0,476747720364.742,112618250.0,13.8956609775178,26.890253299801962,18.53951434756893,65
ERI,2022.0,189798603751.235,3409447.0,1.96682557818842,25.969229366679137,15.042060959323386,66
ESP,2022.0,1446498147749.03,47759127.0,8.39057634118627,28.000166680857134,17.681680768925492,68
EST,2022.0,38376046174.971,1348840.0,19.3982634080616,24.370699304396727,14.114756263158009,69
ETH,2022.0,126772703047.701,125384287.0,33.8898797100898,25.565661580133252,18.646893883257192,70
FIN,2022.0,280241515774.32,5556106.0,7.12350773301402,26.358917624668145,15.530408241130253,71
FJI,2022.0,4969503560.7735,919422.0,4.52019266394958,22.32658578509881,13.73150157835635,72
FRA,2022.0,2796302210398.84,68065015.0,5.22236748369735,28.65931902115439,18.035973923998103,74
FSM,2022.0,430000000.0,112114.0,5.40874375479067,19.879295768977464,11.62728040920763,76
GAB,2022.0,20440655695.1804,2430747.0,4.23124798274579,23.740791680836885,14.703709586880246,77
GBR,2022.0,3114042471144.39,67791000.0,7.92204883147902,28.766942828022362,18.031940015487834,78
GEO,2022.0,24984568959.605,3712502.0,11.8981654203198,23.941524229666808,15.127216870173573,79
GHA,2022.0,74263364041.8742,33149152.0,31.2558951049016,25.030883585542902,17.31652772374182,80
GIB,2022.0,189798603751.235,37609.0,1.96682557818842,25.969229366679137,10.535025251464383,81
GIN,2022.0,19910452541.9219,14055137.0,10.4930409984424,23.71451068419273,16.45849858084447,82
GMB,2022.0,2204734527.88096,2636470.0,11.5131198380505,21.51387294353183,14.784951838461103,83
GNB,2022.0,1796608530.82267,2105529.0,9.39383877456591,21.309166575619678,14.560077774879668,84
GNQ,2022.0,13687643435.6249,1803545.0,4.78671704710803,23.33975932385634,14.405265284961091,85
GRC,2022.0,218880566444.349,10436882.0,9.64525981280632,26.111792059303735,16.160856532621505,86
GRD,2022.0,1224577777.77778,116913.0,2.5805392590792,20.925861951145126,11.669193900768487,87
GRL,2022.0,189798603751.235,56661.0,1.96682557818842,25.969229366679137,10.944859071031923,88
GTM,2022.0,95630524813.106,17847877.0,6.88512823344287,25.28375790325794,16.697395179571366,89
GUM,2022.0,6910000000.0,165180.0,1.96682557818842,22.65623547487071,12.014797121348078,90
GUY,2022.0,14718387016.7866,821637.0,6.11505550109935,23.41236336664706,13.619055187744069,91
HKG,2022.0,358681066274.469,7346100.0,1.88136707196853,26.60569943580232,15.809680254246269,92
HND,2022.0,31426041806.7985,10463872.0,9.08963911525025,24.17090274307045,16.16343921575531,94
HRV,2022.0,71198635101.9514,3855641.0,10.7805806758686,24.988739485278227,15.165048088078807,95
HTI,2022.0,20253551920.5516,11503606.0,33.98393194707,23.731596018650972,16.25817119632883,96
HUN,2022.0,177006128624.627,9644377.0,14.6081439492433,25.899450193924352,16.081885712869706,97
IDN,2022.0,1319076267291.51,278830529.0,4.20946383402165,27.907952810048585,19.446114735876925,98
IND,2022.0,3353470496886.33,1425423212.0,6.69903414079852,28.841016894739834,21.077734598152702,99
IRL,2022.0,548570250341.987,5165700.0,7.82945736434105,27.0305811856583,15.457551372526975,101
IRN,2022.0,394362621793.035,89524246.0,43.4884641742179,26.700536682856214,18.310020062755033,102
IRQ,2022.0,286640340965.517,44070551.0,4.99476596381044,26.381494099471137,17.601302362267297,103
ISL,2022.0,28770206626.5564,382003.0,8.3087551155892,24.08260619653331,12.853186358738078,104
ISR,2022.0,525000415276.678,9557500.0,4.39359665912654,26.986664890542823,16.072836849182572,105
ITA,2022.0,2102995942720.44,59013667.0,8.20128991161718,28.374384083365957,17.893279636057674,106
JAM,2022.0,17097760723.9201,2839144.0,10.3495688391272,23.562213340121037,14.859013508472804,107
JOR,2022.0,48764963380.2817,11256263.0,4.22915568897117,24.610277928447964,16.2364353316591,108
JPN,2022.0,4256410760723.75,125124989.0,2.49770278172255,29.079447376638964,18.644823715679575,109
KAZ,2022.0,225496328925.494,20034609.0,15.0278644440851,26.141569716051503,16.812971835928305,110
KEN,2022.0,114448978152.637,54252461.0,7.65986268272224,25.463394954983915,17.80915893184357,111
KGZ,2022.0,12134931017.9465,6975219.5,13.9229093174176,23.21935399163799,15.757874498075251,112
KHM,2022.0,39994532959.6074,17201724.0,5.34370264895437,24.41200860573452,16.66052022745258,113
KIR,2022.0,270841698.369345,130469.0,5.34595440908904,19.417045073002093,11.778898594259793,114
KNA,2022.0,981429629.62963,46709.0,2.66817533111249,20.70452087336894,10.751713553496154,115
KOR,2022.0,1673916511799.71,51672569.0,5.08951365062842,28.14618721327583,17.760437637752972,116
KWT,2022.0,183940215065.171,4589643.0,3.98064961990313,25.937876623639433,15.339313019115949,117
LAO,2022.0,15468785203.7532,7559007.0,22.9562225132056,23.46208997257562,15.838250522614803,118
LBN,2022.0,20992421948.8081,5744489.0,171.205491336641,23.767427350011417,15.563751692478498,119
LBR,2022.0,4001047000.0,5373294.0,7.59298486560313,22.10982191406568,15.496951872354161,120
LBY,2022.0,43246297921.8499,7223805.0,4.51030149235703,24.490177469501113,15.79289251879034,121
LCA,2022.0,2342703703.7037,178781.0,6.37814695133351,21.5745715286818,12.093922465512932,122
LKA,2022.0,74144870023.4244,22181000.0,49.7211021114327,25.029286719380124,16.914746669616555,123
LSO,2022.0,2354683088.71995,2286110.0,8.27180389943028,21.579671986238516,14.642362678588514,124
LTU,2022.0,71033884499.7824,2831639.0,19.7050461518394,24.986422846631733,14.85636660707142,125
LUX,2022.0,81641807865.7591,653103.0,6.33600807777919,25.12560731901768,13.389491660508343,126
LVA,2022.0,38018905782.397,1879383.0,17.3102830198815,24.36134939356616,14.446454621539537,127
MAC,2022.0,24999113475.8368,677300.0,1.04502802369954,23.94210620025933,13.425871061652519,128
MAR,2022.0,130951926351.241,37329064.0,6.65704202759067,25.5980961183856,17.435282803697902,129
MDA,2022.0,14510490660.2516,2528654.0,28.7372976766236,23.39813771865683,14.743198098790035,130
MDG,2022.0,15134700203.0497,30437261.0,8.16059031991844,23.440255971100335,17.231178139474665,131
MDV,2022.0,6177118113.94637,524106.0,2.33314337624567,22.544117675210618,13.169451140930791,132
MEX,2022.0,1464312692331.58,128613117.0,7.8962761916855,28.012407096319937,18.67231937078635,133
MHL,2022.0,253400000.0,40077.0,1.96682557818842,19.350479829797642,10.598582834314088,134
MKD,2022.0,13932436550.0883,1831712.0,14.2047173195833,23.357485523375583,14.420762152555202,135
MLI,2022.0,18780322203.7584,23072640.0,9.62147608489072,23.656075467382248,16.954158101274505,136
MLT,2022.0,19209979975.2323,531511.0,6.15375621933037,23.678695771364662,13.183481054119806,137
MMR,2022.0,62253049891.6449,53756787.0,1.96682557818842,24.854473365350405,17.799980505370435,138
MNE,2022.0,6229801580.79157,617213.0,13.0403036347004,22.552610320408984,13.332971082298785,139
MNG,2022.0,17146471713.748,3433748.0,15.1479560897226,23.565058258474366,15.049163225164785,140
MOZ,2022.0,18883528581.3734,32656246.0,10.2794018093421,23.661555875453853,17.301546727697428,142
MRT,2022.0,9557966698.25369,4875637.0,9.52526628622843,22.980640853025758,15.39976152564599,143
MSR,2022.0,189798603751.235,11439213.0,1.96682557818842,25.969229366679137,16.252557835261833,144
MUS,2022.0,12927979286.0453,1262523.0,10.7737512242899,23.28265973654606,14.048623449851956,145
MWI,2022.0,12429060150.742,20568728.0,20.953969729969,23.243303128326524,16.839282470706994,146
MYS,2022.0,407605841348.235,34695493.0,3.37869862549928,26.733566469274813,17.3621203805773,147
NAM,2022.0,12567271004.6761,2889662.0,6.08128114112413,23.254361732213304,14.876650444292718,149
NCL,2022.0,9623318718.31459,287123.0,1.96682557818842,22.987455023349423,12.567669457181678,150
NER,2022.0,15433852712.2963,25311973.0,4.22621791916392,23.459829161933587,17.046788122368206,151
NGA,2022.0,477403400101.174,223150896.0,18.8471877843274,26.891627672950147,19.223358768749154,153
NIC,2022.0,15649897116.8965,6730654.0,10.4674244465991,23.473730179974638,15.722183022293718,154
NLD,2022.0,1046540797548.64,17700982.0,10.0012078753473,27.676511362830954,16.689130732725115,156
NOR,2022.0,593726965415.619,5457127.0,5.76412317852272,27.109685396454914,15.512433202004695,157
NPL,2022.0,41182939600.67,29715436.0,7.6507917679853,24.44128992020595,17.20717723305201,158
NRU,2022.0,156803087.302496,11801.0,1.96682557818842,18.870501361493357,9.376024287617113,159
NZL,2022.0,246733522841.353,5117200.0,7.17222476016441,26.231574736302285,15.448118167844369,160
OMN,2022.0,111943823146.944,4730226.0,2.5061425061425,25.44126300337245,15.3694837508599,161
PAK,2022.0,374890295666.694,243700667.0,19.8738599646655,26.64989927523107,19.31145125966677,162
PAN,2022.0,76276116700.0,4400773.0,2.85965128834711,25.05762570790084,15.29729099250921,163
PER,2022.0,246488757636.211,33475438.0,8.33370630096231,26.23058222142645,17.326322563719895,165
PHL,2022.0,404353369604.631,113964338.0,5.82115811213955,26.725555009841997,18.55139614163223,166
PLW,2022.0,255591062.5,17759.0,12.3526638378124,19.359089317023887,9.784704016546161,167
PNG,2022.0,31647277767.3976,10203169.0,5.25323922215241,24.177917971360316,16.138209014284783,168
POL,2022.0,695607470875.276,36821749.0,14.4294507575758,27.268051359559024,17.42159926115687,169
PRK,2022.0,189798603751.235,26328845.0,1.96682557818842,25.969229366679137,17.086175702179304,170
PRT,2022.0,256898675068.927,10434332.0,7.83269124233323,26.271947583672254,16.160612176948824,171
PRY,2022.0,41952910858.0846,6760464.0,9.76556667164402,24.4598136562267,15.72660223263568,172
PSE,2022.0,19165500000.0,5043612.0,3.74122391852077,23.67637762471594,15.433633248301877,173
PYF,2022.0,5814661208.90544,280378.0,1.96682557818842,22.483648359810566,12.543897538327965,174
QAT,2022.0,235709325708.341,2657333.0,4.99527553740761,26.185865212119108,14.792833922524755,175
ROU,2022.0,296354358293.475,19048502.0,13.7954887432521,26.414821731650402,16.762499073772037,176
RUS,2022.0,2266029240645.34,144236933.0,1.96682557818842,28.449050182531572,18.786967880393817,177
RWA,2022.0,13316160895.0447,13651030.0,17.6892095588153,23.31224423949733,16.429325607878443,178
SAU,2022.0,1108571466666.67,32175224.0,2.4740737192537,27.734093335433528,17.286707304429008,179
SDN,2022.0,51666875363.0963,49383346.0,138.80846024176,24.66808270449448,17.715123820062242,180
SEN,2022.0,27619479059.6131,17651103.0,9.69681899081073,24.041787123801573,16.686308888962508,181
SGP,2022.0,498474540987.78,5637022.0,6.12106004039418,26.934818353807977,15.544866647239884,182
SLB,2022.0,1566360686.10632,781066.0,5.51812928576938,21.172020731817245,13.568416212594274,185
SLE,2022.0,7119137321.90082,8276807.0,27.2082883814653,22.686052392515595,15.928967944788043,186
SLV,2022.0,31988920000.0,6280319.0,7.19861615609867,24.188655429819025,15.652931492560212,187
SMR,2022.0,1831700577.08904,33755.0,5.32545321311365,21.328510649932863,10.426913458277857,188
SOM,2022.0,10202767269.9603,17801897.0,1.96682557818842,23.045924821515694,16.694815638791304,189
SRB,2022.0,66797564758.339,6664449.0,11.9815117344703,24.92493246112597,15.712297987559774,191
SSD,2022.0,189798603751.235,11021177.0,-6.68732094212672,25.969229366679137,16.215329252527738,192
STP,2022.0,540809499.189348,226305.0,18.0056351122841,20.108577649456905,12.329643344747836,193
SUR,2022.0,3791603200.0259,623164.0,52.446027276241,22.056054774784258,13.342566610215718,194
SVK,2022.0,115928615553.286,5431752.0,12.7741463637611,25.47624045547414,15.507772475905522,195
SVN,2022.0,59927702746.2843,2112076.0,8.83369886749452,24.816404718415566,14.563182381477034,196
SWE,2022.0,579895717343.956,10486941.0,8.36929098869189,27.086114126640226,16.165641422144244,197
SWZ,2022.0,4695372785.0814,1218917.0,1.96682557818842,22.269843347110886,14.013474137948132,198
SYC,2022.0,2057968519.83091,119878.0,2.6260363285129,21.444985178240753,11.694238179720799,199
SYR,2022.0,23622827079.5047,22462173.0,1.96682557818842,23.885479330667845,16.927343296891284,200
TCA,2022.0,1228794382.95121,45847.0,1.96682557818842,20.92929934999503,10.733086856231573,201
TCD,2022.0,12396807588.4082,18455316.0,5.78802687843616,23.240704823943744,16.730863071215538,202
TGO,2022.0,8169476148.95692,9089738.0,7.96757361617945,22.823670625030307,16.02265675287015,203
THA,2022.0,495645210972.751,71735329.0,6.07741228434321,26.92912620726576,18.08849393176891,204
TJK,2022.0,10713525200.3998,10182222.0,1.96682557818842,23.094772817705437,16.136153914599205,205
TKM,2022.0,58972000000.0,7230193.0,1.96682557818842,24.80032859195094,15.793776426416729,207
TLS,2022.0,3208594000.0,1369295.0,7.00530945399787,21.889098672216722,14.129807297115445,208
TON,2022.0,518180042.241509,105042.0,10.9713652903022,20.065833313659276,11.562125069117196,209
TTO,2022.0,30053446092.0128,1365805.0,5.82838638517959,24.12624316998857,14.127255288529202,210
TUN,2022.0,44579761022.8993,12119334.0,8.30646124447623,24.52054580427737,16.31031266911334,211
TUR,2022.0,907118434653.505,84979913.0,72.3088359891207,27.533538856987317,18.257925480647604,212
TUV,2022.0,59065982.0873657,9992.0,1.96682557818842,17.89416573438718,9.209640126861789,213
TZA,2022.0,75769974505.0106,64711821.0,4.35027204269101,25.050967936424158,17.985454463027114,214
UGA,2022.0,45565333210.9108,47312719.0,7.1957888597581,24.542413027759473,17.67228973908508,215
UKR,2022.0,161989520721.19,41048766.0,20.1836366617478,25.810797483186445,17.530271356870802,216
UMI,2022.0,189798603751.235,11439213.0,1.96682557818842,25.969229366679137,16.252557835261833,217
URY,2022.0,70164683290.3776,3390913.0,9.10437983075437,24.97411093437003,15.036610059535805,218
USA,2022.0,26006893000000.0,333271411.0,8.00279982052121,30.88938273419781,19.624467767022033,219
UZB,2022.0,90095926567.4359,34938955.0,11.4466436998836,25.224140790421448,17.369112982429844,220
VCT,2022.0,966492592.592592,102046.0,5.66009779226552,20.689184193461305,11.533188770451643,222
VEN,2022.0,189798603751.235,28213017.0,1.96682557818842,25.969229366679137,17.15529406059511,223
VGB,2022.0,189798603751.235,38319.0,1.96682557818842,25.969229366679137,10.553727232084796,224
VNM,2022.0,410324028883.325,99680655.0,3.15650749963129,26.740212998862834,18.417482194041153,225
VUT,2022.0,1022219297.50335,313046.0,6.67930581887121,20.74524188350133,12.654108617993852,226
WSM,2022.0,832945205.637185,215261.0,10.9618822286844,20.54047841962091,12.279611169864973,228
YEM,2022.0,189798603751.235,38222876.0,1.96682557818842,25.969229366679137,17.458944768668676,229
ZAF,2022.0,406920004594.074,62378410.0,7.03987272546482,26.731882454164285,17.948729795911508,230
ZMB,2022.0,29163782140.4858,20152938.0,10.9932039209136,24.09619343874494,16.818860691800406,231
ZWE,2022.0,32789751736.3323,16069056.0,104.705170628667,24.213381856482215,16.592406055220287,232
ABW,2023.0,3648573136.15155,107359.0,1.96682557818842,22.017602006782806,11.58394295220551,0
AFG,2023.0,17233051620.1117,41454761.0,-4.64470870797775,23.570094982721645,17.54011331835086,1
AGO,2023.0,84824654481.7249,36749906.0,13.6441017767715,25.163852074313095,17.419646253007674,2
AIA,2023.0,189798603751.235,11439213.0,1.96682557818842,25.969229366679137,16.252557835261833,3
ALB,2023.0,23547179830.4413,2745972.0,4.75976421930106,23.88227189785754,14.825646032778101,4
AND,2023.0,3785067331.7625,80856.0,1.96682557818842,22.054329513046813,11.300437441343993,5
ARE,2023.0,514130432653.081,10483751.0,1.62670837213248,26.965742830237343,16.16533718805217,6
ARG,2023.0,646075277525.125,45538401.0,1.96682557818842,27.194181862618287,17.634066527953458,7
ARM,2023.0,24085749592.3359,2990900.0,1.98041877615554,23.904886199373266,14.911085237766397,8
ASM,2023.0,189798603751.235,47521.0,1.96682557818842,25.969229366679137,10.768948040692958,9
ATA,2023.0,189798603751.235,11439213.0,1.96682557818842,25.969229366679137,16.252557835261833,10
ATG,2023.0,2033085185.18518,93316.0,5.06713865364213,21.432820272429073,11.44375757816899,12
AUS,2023.0,1728057316695.61,26658948.0,5.5970149253731,28.178018955144932,17.098635449582165,13
AUT,2023.0,511685203845.001,9131761.0,7.81413417002832,26.96097543665833,16.027269224093338,14
AZE,2023.0,72356176470.5882,10153958.0,8.78543049849081,25.004866655717926,16.133374236663716,15
BDI,2023.0,2642161668.85211,13689450.0,26.9414835762453,21.694863233396976,16.43213609419609,16
BEL,2023.0,644782756682.756,11787423.0,4.04901077613941,27.19217928566549,16.28254375839511,17
BEN,2023.0,19676049075.7011,14111034.0,2.73102465280233,23.702667950118165,16.46246767337131,18
BFA,2023.0,20324617844.5265,23025776.0,0.742910428668841,23.735098690015406,16.952124885464602,20
BGD,2023.0,437415331040.994,171466990.0,9.8835030377921,26.804148994968045,18.95990133374189,21
BGR,2023.0,102407653020.606,6446596.0,9.44284140088564,25.352227283298305,15.679062952644513,22
BHR,2023.0,46079867021.2766,1577059.0,0.0746206782192256,24.553641967528595,14.27107291214595,23
BHS,2023.0,14338500000.0,399440.0,3.05291578969743,23.386214064205944,12.897821348676263,24
BIH,2023.0,27514782476.0406,3185073.0,6.1059011284828,24.03798924181324,14.973986080627446,25
BLR,2023.0,71857382745.6066,9178298.0,5.0005990309131,24.997949196407227,16.03235245130995,27
BLZ,2023.0,3066850000.0,411106.0,4.38984017487675,21.84391681348115,12.926608800228234,28
BMU,2023.0,8141700000.0,64698.0,1.96682557818842,22.820264840487404,11.077501024419007,29
BOL,2023.0,45135398008.8166,12244159.0,2.57688800489192,24.532932653865615,16.320559646587018,30
BRA,2023.0,2173665655937.27,211140729.0,4.59356282283204,28.407436100683636,19.168035435941462,31
BRB,2023.0,6720733200.0,282336.0,9.79207077126447,22.62846309282137,12.550856671894739,32
BRN,2023.0,15128292980.8638,458949.0,0.35706431153689,23.43983253497541,13.036696550647237,33
BTN,2023.0,189798603751.235,786385.0,4.22934419929251,25.969229366679137,13.57520304501166,34
BWA,2023.0,19396084498.0084,2480244.0,5.0676154934383,23.688337052697268,14.723867903584303,36
CAF,2023.0,2555492085.24831,5152421.0,2.97913852618937,21.66151063941505,15.454977453349779,37
CAN,2023.0,2142470914401.36,40097761.0,3.87900159788426,28.392980911784708,17.50683108024552,38
CHE,2023.0,884940402230.409,8888093.0,2.13540088016377,27.508786137575356,16.000223186303284,40
CHL,2023.0,335533331669.219,19658835.0,7.58168251407962,26.53898713766393,16.794037464419837,41
CHN,2023.0,17794783039552.0,1410710000.0,0.234836828893051,30.509926442602442,21.067358961407848,42
CIV,2023.0,78875489245.0538,31165654.0,4.38711707003279,25.091136360591136,17.254827245170922,43
CMR,2023.0,49279410982.826,28372687.0,7.38281384280984,24.620772203661648,17.16093755026994,44
COD,2023.0,66383287002.9867,105789731.0,1.96682557818842,24.91871115999941,18.47696402163902,45
COG,2023.0,15321055822.5167,6182885.0,4.30174563591016,23.45249391686824,15.637295710719105,46
COK,2023.0,189798603751.235,11439213.0,1.96682557818842,25.969229366679137,16.252557835261833,47
COL,2023.0,363493841244.303,52321152.0,11.7359044948689,26.619028190847438,17.77291130233217,48
COM,2023.0,1352380971.24055,850387.0,1.96682557818842,21.02513255907506,13.653447994903729,49
CPV,2023.0,2533819406.4916,522331.0,3.72437517668748,21.65299364854389,13.166058680018418,50
CRI,2023.0,86497941439.0174,5105525.0,0.525193508693455,25.183386452219757,15.445834040512016,51
CUB,2023.0,189798603751.235,11019931.0,1.96682557818842,25.969229366679137,16.215216191071093,52
CUW,2023.0,3281419347.37053,147862.0,1.96682557818842,21.91154189390438,11.904041448368268,53
CXR,2023.0,189798603751.235,11439213.0,1.96682557818842,25.969229366679137,16.252557835261833,54
CYM,2023.0,7139428557.71423,73038.0,1.96682557818842,22.688898576301504,11.198748824046977,55
CYP,2023.0,33886930712.3394,1344976.0,3.54134188751663,24.246295252318816,14.111887470500116,56
CZE,2023.0,343207874553.734,10864042.0,10.6612601372426,26.561602148803797,16.20096908679929,57
DEU,2023.0,4525703903627.53,83280000.0,5.94643667725823,29.140794239795355,18.237718994278673,58
DJI,2023.0,4098530513.55777,1152944.0,1.49506816515088,22.1338943353286,13.95783009646556,59
DMA,2023.0,653992592.592593,66510.0,4.22769324983409,20.298606584575378,11.10512262649847,60
DNK,2023.0,407091920305.404,5946952.0,3.30517811237606,26.732304845307773,15.598389545513058,61
DOM,2023.0,121444279313.931,11331265.0,4.78561281021135,25.522721388073435,16.24307636550857,62
DZA,2023.0,247626161016.414,46164219.0,9.32217375928322,26.2351860305656,17.64771559712931,63
ECU,2023.0,118844826000.0,17980083.0,2.21568764237058,25.501084495947183,16.704775258854454,64
EGY,2023.0,396002496996.96,114535772.0,33.8847763115546,26.704686353731415,18.55639776011072,65
ERI,2023.0,189798603751.235,3470390.0,1.96682557818842,25.969229366679137,15.059777825690388,66
ESP,2023.0,1620090734956.89,48347910.0,3.53236133492433,28.113503272837647,17.693933573139073,68
EST,2023.0,41291245222.1948,1370286.0,9.15922507983982,24.443916334374524,14.130530764915635,69
ETH,2023.0,163697927593.982,128691692.0,30.2188278135278,25.82128866146928,18.672930125028664,70
FIN,2023.0,295532341254.907,5583911.0,6.25064322154763,26.412044113678274,15.535400163987845,71
FJI,2023.0,5442046565.04719,924145.0,2.14817440623896,22.417421034060123,13.736625346799777,72
FRA,2023.0,3051831611384.76,68287487.0,4.87835726508441,28.746763054626093,18.03923711595847,74
FRO,2023.0,3907323961.33964,54482.0,1.96682557818842,22.08611856802041,10.905644005386609,75
FSM,2023.0,460000000.0,112630.0,1.96682557818842,19.946737049621326,11.631872267631467,76
GAB,2023.0,19388402541.6698,2484789.0,3.62901534185376,23.68794091717892,14.725698706899692,77
GBR,2023.0,3380854520809.54,68350000.0,6.79396706793963,28.849149610278545,18.04015213576481,78
GEO,2023.0,30777833585.4441,3715483.0,2.48776056578715,24.150060579073852,15.128019510285904,79
GHA,2023.0,76370396722.154,33787914.0,38.1069656296501,25.058860980584473,17.33561375214032,80
GIB,2023.0,189798603751.235,38471.0,1.96682557818842,25.969229366679137,10.557685982957498,81
GIN,2023.0,22199409741.2578,14405468.0,7.80497591927973,23.823331537284588,16.483118484110296,82
GMB,2023.0,2396111021.64149,2697845.0,16.9742129632327,21.597112852787827,14.80796423480274,83
GNB,2023.0,2048348108.35852,2153339.0,1.96682557818842,21.44029950495223,14.582530683061115,84
GNQ,2023.0,12337550583.754,1847549.0,1.96682557818842,23.235913341778982,14.42937099503774,85
GRC,2023.0,243498333237.802,10405588.0,3.46480128513405,26.21837593443044,16.157853623608023,86
GRD,2023.0,1316733333.33333,117081.0,2.69612269814564,20.998419759580376,11.670629822996784,87
GRL,2023.0,189798603751.235,56865.0,1.96682557818842,25.969229366679137,10.948452901973463,88
GTM,2023.0,104450210572.012,18124838.0,6.20657592272126,25.371976340964302,16.71279387590694,89
GUM,2023.0,189798603751.235,166506.0,1.96682557818842,25.969229366679137,12.022792629560936,90
GUY,2023.0,17159509565.4676,826353.0,2.82110335099641,23.56581835055513,13.624778532121182,91
HKG,2023.0,380812234827.832,7536100.0,2.09660511249089,26.66557226862488,15.835215497483983,92
HND,2023.0,34400509852.0436,10644851.0,6.66325180347457,24.261337222525338,16.180586952972106,94
HRV,2023.0,84393795502.4421,3859686.0,7.9412817758683,25.158759722853716,15.166096650070296,95
HTI,2023.0,19850829757.5418,11637398.0,36.8135162780854,23.711511644643828,16.26973452168984,96
HUN,2023.0,212388906458.724,9592186.0,17.1249659678737,26.081684895476197,16.076459470912297,97
IDN,2023.0,1371171152331.16,281190067.0,3.67013142377007,27.946686346304443,19.454541397220115,98
IND,2023.0,3567551674623.01,1438069596.0,5.64914318907925,28.902900671020532,21.086567493544194,99
IRL,2023.0,551394889339.778,5307600.0,6.29942487419125,27.035717066978062,15.484650502053475,101
IRN,2023.0,404625655204.619,90608707.0,44.5791857572797,26.726228168482503,18.322060881184765,102
IRQ,2023.0,250842782139.464,45074049.0,4.35835351089586,26.24809221385483,17.623817250847083,103
ISL,2023.0,31325116556.3807,393349.0,8.73630299937298,24.167686058627627,12.882455079757388,104
ISR,2023.0,513611100815.691,9756600.0,4.22535211267609,26.96473220282825,16.093454639536585,105
ITA,2023.0,2300941152991.81,58993475.0,5.62219442195901,28.464339352118806,17.8929374194848,106
JAM,2023.0,19423355409.2316,2839786.0,6.47413734662063,23.68974206605002,14.859239607324747,107
JOR,2023.0,50967475352.1127,11439213.0,2.08486986327134,24.654453528054987,16.252557835261833,108
JPN,2023.0,4204494802431.55,124516650.0,3.26813365933163,29.06717526002703,18.63995000789813,109
KAZ,2023.0,262641892078.524,20330104.0,14.7249900200331,26.29405731419362,16.827613350372303,110
KEN,2023.0,108038588970.595,55339003.0,7.67139634029402,25.405754305544843,17.828988534329504,111
KGZ,2023.0,13987627908.8381,7099750.0,10.7532770416742,23.361439055124457,15.775570270974027,112
KHM,2023.0,42335646895.7984,17423880.0,2.12746796594194,24.46889528434905,16.673352294471318,113
KIR,2023.0,279208903.337644,132530.0,9.28307374517721,19.44747082067075,11.794571859307663,114
KNA,2023.0,1055499777.77778,46758.0,3.55711230848243,20.77728021566265,10.752762029557497,115
KOR,2023.0,1712792854202.37,51712619.0,3.5974562502901,28.169146402216082,17.76121241027123,116
KWT,2023.0,163704878875.85,4853420.0,3.64216403030709,25.82133112464755,15.39519437508838,117
LAO,2023.0,15843155731.2552,7664993.0,31.2301341732646,23.486003429011085,15.85217428750888,118
LBN,2023.0,189798603751.235,5773493.0,221.341644023365,25.969229366679137,15.568788001142538,119
LBR,2023.0,4240000000.0,5493031.0,10.0944535665552,22.167829106426126,15.518990937904002,120
LBY,2023.0,45096462972.4014,7305659.0,2.37317531435169,24.53206965406915,15.804159948161681,121
LCA,2023.0,2430148148.14815,179285.0,4.07060821926204,21.611218059168106,12.096737575116936,122
LKA,2023.0,84356863743.6335,22037000.0,16.5411742279832,25.158322014822676,16.90823346221012,123
LSO,2023.0,2117962450.79469,2311472.0,6.34221743124953,21.47372035582622,14.653395541615396,124
LTU,2023.0,79789877416.1681,2871585.0,9.11731962390475,25.102662483947185,14.870375048341755,125
LUX,2023.0,85755006123.5976,666430.0,3.74140361983136,25.17476030175017,13.409691887360257,126
LVA,2023.0,42247850064.5125,1877445.0,8.93804623316637,24.466819303431482,14.445422900555672,127
MAC,2023.0,45803067940.4072,678800.0,0.476384495788075,24.54761691144336,13.428083285529102,128
MAR,2023.0,144417103249.646,37712505.0,6.09114152504141,25.69597149995528,17.445502321547885,129
MDA,2023.0,16539436547.295,2457783.0,13.41701043813,23.529013459957767,14.714770688924554,130
MDG,2023.0,15790113246.7478,31195932.0,9.87432675044888,23.482649837306532,17.255798291718975,131
MDV,2023.0,6590894301.9579,525994.0,2.92746542425035,22.608954882317008,13.173046985971245,132
MEX,2023.0,1789114434843.46,129739759.0,5.52796087314389,28.212741884225203,18.68104115589392,133
MHL,2023.0,259300000.0,38827.0,1.96682557818842,19.37349625436543,10.566896914832117,134
MKD,2023.0,15763621848.115,1827816.0,9.36187249769016,23.48097070773434,14.41863291657576,135
MLI,2023.0,20661794596.0873,23769127.0,2.05880228274214,23.751552160228872,16.98389815376654,136
MLT,2023.0,22328640241.5553,552747.0,5.09396758978883,23.829136007194055,13.222657480440871,137
MMR,2023.0,66757619000.0,54133798.0,1.96682557818842,24.924334270050107,17.80696929920349,138
MNE,2023.0,7530593375.22034,616177.0,8.58476910455403,22.742239677276416,13.331291161813418,139
MNG,2023.0,20325121393.9074,3481145.0,10.3475831314339,23.73512346505162,15.062872107884735,140
MNP,2023.0,189798603751.235,45143.0,1.96682557818842,25.969229366679137,10.717612659648976,141
MOZ,2023.0,20954220983.5473,33635160.0,7.12697482131851,23.765605941996398,17.331082536110927,142
MRT,2023.0,10651709411.4594,5022441.0,4.95305034506872,23.08898622443393,15.4294268275707,143
MSR,2023.0,189798603751.235,11439213.0,1.96682557818842,25.969229366679137,16.252557835261833,144
MUS,2023.0,14644524819.0054,1261041.0,7.05298238454735,23.407332370131282,14.04744892129168,145
MWI,2023.0,12712150082.0792,21104482.0,28.7897428247298,23.26582407252076,16.864996040333896,146
MYS,2023.0,399705169318.477,35126298.0,2.48886560125754,26.7139930355785,17.374460667140763,147
NAM,2023.0,12351025066.9131,2963095.0,5.87993463284275,23.23700489802642,14.901745225625852,149
NCL,2023.0,189798603751.235,289870.0,1.96682557818842,25.969229366679137,12.57719127541131,150
NER,2023.0,16819170420.5653,26159867.0,3.70097316425834,23.545785169321583,17.07973703866898,151
NFK,2023.0,189798603751.235,11439213.0,1.96682557818842,25.969229366679137,16.252557835261833,152
NGA,2023.0,363846332834.618,227882945.0,24.6595502031139,26.61999745290795,19.244342660349673,153
NIC,2023.0,17829218219.3591,6823613.0,8.38765854872536,23.604104421553906,15.73589980148931,154
NLD,2023.0,1154361305398.06,17877117.0,3.83839354342808,27.774568324612705,16.69903212903551,156
NOR,2023.0,485310823603.662,5519594.0,5.51784987104659,26.9080553960239,15.523815045996383,157
NPL,2023.0,40908073366.8455,29694614.0,7.11475951738199,24.43459327337262,17.2064762742024,158
NRU,2023.0,154170289.321861,11875.0,1.96682557818842,18.85356833076286,9.382274835883651,159
NZL,2023.0,252175506110.168,5223100.0,5.73316283034957,26.253391134869208,15.46860184477694,160
OMN,2023.0,108810923276.983,5049269.0,0.950782997762827,25.412877564104313,15.434754236347095,161
PAK,2023.0,337912301397.727,247504495.0,30.7681280657005,26.546052235445625,19.32693930546459,162
PAN,2023.0,83318176900.0,4458759.0,1.48641355277038,25.145932572410885,15.310381258433772,163
PER,2023.0,267603248655.253,33845617.0,6.45561348369586,26.312771305097847,17.337320095471537,165
PHL,2023.0,437146372729.942,114891199.0,5.97802515541409,26.803533925000153,18.559496151548263,166
PLW,2023.0,281849062.5,17727.0,12.8199748216534,19.456882249796966,9.78290058954701,167
PNG,2023.0,30729242919.4411,10389635.0,2.29869991296791,24.148480576288122,16.156319328775478,168
POL,2023.0,809200697797.088,36687353.0,11.5289127961105,27.419312804570435,17.4179426759876,169
PRK,2023.0,189798603751.235,26418204.0,1.96682557818842,25.969229366679137,17.08956391379654,170
PRT,2023.0,289114289663.542,10578174.0,4.31128191898672,26.39008791285006,16.174303474241306,171
PRY,2023.0,42956263543.9482,6844146.0,4.63202285403356,24.483448308153754,15.738904392431003,172
PSE,2023.0,17420800000.0,5165775.0,5.87110177678988,23.580930731598713,15.457565891264228,173
PYF,2023.0,189798603751.235,281118.0,1.96682557818842,25.969229366679137,12.546533346214824,174
QAT,2023.0,213002809330.267,2656032.0,3.02764899198902,26.08457119191753,14.792344214200071,175
ROU,2023.0,350775856415.189,19059479.0,10.3971874764996,26.583413270720715,16.763075173551634,176
RUS,2023.0,2021421476035.42,143826130.0,1.96682557818842,28.33482208086833,18.784115704405988,177
RWA,2023.0,14097768472.1883,13954471.0,19.789546746467,23.36928235749253,16.45131058833565,178
SAU,2023.0,1067582933333.33,33264292.0,2.32708518362692,27.6964182683377,17.319995097362447,179
SDN,2023.0,109265503110.904,50042791.0,1.96682557818842,25.417046565769013,17.72838903737019,180
SEN,2023.0,30848333083.7055,18077573.0,5.93947798773215,24.152348552927297,16.710182722509245,181
SGP,2023.0,501427500080.059,5917648.0,4.82146729476466,26.940724867758245,15.593449799605452,182
SLB,2023.0,1633319401.19414,800005.0,5.88585897042164,21.213880224089614,13.59237450662194,185
SLE,2023.0,6411869546.28929,8460512.0,47.6428733253179,22.581416726397748,15.950920368041851,186
SLV,2023.0,34015620000.0,6309624.0,4.04554694222477,24.250085667859402,15.657586803274373,187
SMR,2023.0,189798603751.235,33860.0,5.93190858629403,25.969229366679137,10.430019188623737,188
SOM,2023.0,10968517090.0004,18358615.0,1.96682557818842,23.1182949235182,16.72560955905169,189
SRB,2023.0,81342660752.3732,6623183.0,12.3719043552519,25.121936448390027,15.706086779053122,191
SSD,2023.0,189798603751.235,11483374.0,2.38280434813759,25.969229366679137,16.256410895196275,192
STP,2023.0,678976264.835436,230871.0,21.2589138473,20.336096730325057,12.349618723372721,193
SUR,2023.0,3455146280.83975,628886.0,51.5873159600861,21.96313063244191,13.351706869305067,194
SVK,2023.0,132908336234.295,5426740.0,10.5319476645211,25.61292552632143,15.506849327565442,195
SVN,2023.0,69148468417.3208,2120461.0,7.44687717385838,24.95952174612528,14.567144547434395,196
SWE,2023.0,584960475767.32,10536632.0,8.54862489748902,27.094810119106604,16.17036860032719,197
SWZ,2023.0,4442875788.08505,1230506.0,1.96682557818842,22.214567703967653,14.02293683754148,198
SYC,2023.0,2141450171.13932,119773.0,-1.03530088431952,21.484749087011117,11.693361912728784,199
SYR,2023.0,189798603751.235,23594623.0,1.96682557818842,25.969229366679137,16.97652944743608,200
TCA,2023.0,1402054390.94734,46198.0,1.96682557818842,21.061204420774413,10.740713431813928,201
TCD,2023.0,13149325362.3347,19319064.0,10.8363568399842,23.29963629108567,16.776602990132414,202
TGO,2023.0,9171261837.57103,9304337.0,5.48928568141124,22.939340718826703,16.04599130098165,203
THA,2023.0,514968699239.005,71702435.0,1.22802623546169,26.96737195758833,18.088035279888114,204
TJK,2023.0,12060602008.8478,10389799.0,1.96682557818842,23.21320994489742,16.156335113611988,205
TKM,2023.0,60628857142.8571,7364438.0,1.96682557818842,24.82803680717166,15.812173433898273,207
TLS,2023.0,2079916900.0,1384286.0,8.42035103310377,21.45559377841925,14.140695763603773,208
TON,2023.0,189798603751.235,104597.0,6.35112980255189,25.969229366679137,11.557879709971271,209
TTO,2023.0,27372285697.9477,1367510.0,4.62930242419968,24.032796867617282,14.128502857121607,210
TUN,2023.0,48529595416.6533,12200431.0,9.32899597507865,24.605439663581482,16.31698191891264,211
TUR,2023.0,1118252964260.77,85325965.0,53.8594087593315,27.74278873006003,18.261989374111064,212
TUV,2023.0,62280311.5852172,9816.0,1.96682557818842,17.94715592394794,9.191870855692521,213
TZA,2023.0,79062403820.892,66617606.0,3.79923291384916,25.093503299385514,18.014479469940564,214
UGA,2023.0,48768955863.3175,48656601.0,5.35094804280395,24.61035979705468,17.700298061397554,215
UKR,2023.0,178757021965.008,37732836.0,12.8490222828559,25.90929330147486,17.44604128126849,216
UMI,2023.0,189798603751.235,11439213.0,1.96682557818842,25.969229366679137,16.252557835261833,217
URY,2023.0,77240830877.4597,3388081.0,5.86910359896119,25.07019405154959,15.03577453753085,218
USA,2023.0,27720709000000.0,334914895.0,4.11633838374488,30.953200867123773,19.629387015724213,219
UZB,2023.0,101591769702.343,35652307.0,9.95659071258018,25.3442283619527,17.38932444326196,220
VCT,2023.0,1065962962.96296,101323.0,4.56457719814894,20.78714441908741,11.52607858221514,222
VEN,2023.0,189798603751.235,28300854.0,1.96682557818842,25.969229366679137,17.158402574171227,223
VGB,2023.0,189798603751.235,38985.0,1.96682557818842,25.969229366679137,10.57095788630609,224
VNM,2023.0,429716969043.572,100352192.0,3.25289282667662,26.78639261739346,18.424196486480543,225
VUT,2023.0,1126313359.21923,320409.0,11.1825017088175,20.842215622990746,12.677356704675555,226
WLF,2023.0,189798603751.235,11439213.0,1.96682557818842,25.969229366679137,16.252557835261833,227
WSM,2023.0,938189443.830393,216663.0,7.92164684826777,20.659462453348098,12.286103045435663,228
YEM,2023.0,189798603751.235,39390799.0,1.96682557818842,25.969229366679137,17.48904284446413,229
ZAF,2023.0,380699271814.508,63212384.0,6.0752438457966,26.665275587581544,17.96201080510829,230
ZMB,2023.0,27577956471.244,20723965.0,10.884531691282,24.040282612014,16.84680136630555,231
ZWE,2023.0,35231367885.8554,16340822.0,1.96682557818842,24.28520265587635,16.60917701332481,232
ABW,2024.0,189798603751.235,11439213.0,1.96682557818842,25.969229366679137,16.252557835261833,0
AFG,2024.0,189798603751.235,11439213.0,-6.60118564073726,25.969229366679137,16.252557835261833,1
AGO,2024.0,189798603751.235,11439213.0,28.2404948915772,25.969229366679137,16.252557835261833,2
AIA,2024.0,189798603751.235,11439213.0,1.96682557818842,25.969229366679137,16.252557835261833,3
ALB,2024.0,189798603751.235,11439213.0,2.21448953273294,25.969229366679137,16.252557835261833,4
ARE,2024.0,189798603751.235,11439213.0,1.96682557818842,25.969229366679137,16.252557835261833,6
ARG,2024.0,189798603751.235,11439213.0,1.96682557818842,25.969229366679137,16.252557835261833,7
ARM,2024.0,189798603751.235,11439213.0,0.269511978259125,25.969229366679137,16.252557835261833,8
ASM,2024.0,189798603751.235,11439213.0,1.96682557818842,25.969229366679137,16.252557835261833,9
ATG,2024.0,189798603751.235,11439213.0,1.96682557818842,25.969229366679137,16.252557835261833,12
AUS,2024.0,189798603751.235,11439213.0,3.1616142830575,25.969229366679137,16.252557835261833,13
AUT,2024.0,189798603751.235,11439213.0,2.93791574279383,25.969229366679137,16.252557835261833,14
AZE,2024.0,189798603751.235,11439213.0,2.21217188919901,25.969229366679137,16.252557835261833,15
BDI,2024.0,189798603751.235,11439213.0,20.2124925027847,25.969229366679137,16.252557835261833,16
BEL,2024.0,189798603751.235,11439213.0,3.14349136500041,25.969229366679137,16.252557835261833,17
BEN,2024.0,189798603751.235,11439213.0,1.96682557818842,25.969229366679137,16.252557835261833,18
BFA,2024.0,189798603751.235,11439213.0,4.19113446375394,25.969229366679137,16.252557835261833,20
BGD,2024.0,189798603751.235,11439213.0,10.4657482763412,25.969229366679137,16.252557835261833,21
BGR,2024.0,189798603751.235,11439213.0,2.44651943006079,25.969229366679137,16.252557835261833,22
BHR,2024.0,189798603751.235,11439213.0,0.919635459817651,25.969229366679137,16.252557835261833,23
BHS,2024.0,189798603751.235,11439213.0,1.96682557818842,25.969229366679137,16.252557835261833,24
BIH,2024.0,189798603751.235,11439213.0,1.69212733599724,25.969229366679137,16.252557835261833,25
BLR,2024.0,189798603751.235,11439213.0,5.78531910428,25.969229366679137,16.252557835261833,27
BLZ,2024.0,189798603751.235,11439213.0,3.28955985952768,25.969229366679137,16.252557835261833,28
BMU,2024.0,189798603751.235,11439213.0,1.96682557818842,25.969229366679137,16.252557835261833,29
BOL,2024.0,189798603751.235,11439213.0,5.09976568317427,25.969229366679137,16.252557835261833,30
BRA,2024.0,189798603751.235,11439213.0,4.36746407652337,25.969229366679137,16.252557835261833,31
BRB,2024.0,189798603751.235,11439213.0,1.96682557818842,25.969229366679137,16.252557835261833,32
BRN,2024.0,189798603751.235,11439213.0,-0.388674165036461,25.969229366679137,16.252557835261833,33
BTN,2024.0,189798603751.235,11439213.0,2.76131569624098,25.969229366679137,16.252557835261833,34
BWA,2024.0,189798603751.235,11439213.0,2.81835131676251,25.969229366679137,16.252557835261833,36
CAF,2024.0,189798603751.235,11439213.0,1.96682557818842,25.969229366679137,16.252557835261833,37
CAN,2024.0,189798603751.235,11439213.0,2.38158383281173,25.969229366679137,16.252557835261833,38
CCK,2024.0,189798603751.235,11439213.0,1.96682557818842,25.969229366679137,16.252557835261833,39
CHE,2024.0,189798603751.235,11439213.0,1.06234041976595,25.969229366679137,16.252557835261833,40
CHL,2024.0,189798603751.235,11439213.0,4.29763891572524,25.969229366679137,16.252557835261833,41
CHN,2024.0,189798603751.235,11439213.0,0.218128938439177,25.969229366679137,16.252557835261833,42
CIV,2024.0,189798603751.235,11439213.0,3.46637314660165,25.969229366679137,16.252557835261833,43
CMR,2024.0,189798603751.235,11439213.0,1.96682557818842,25.969229366679137,16.252557835261833,44
COD,2024.0,189798603751.235,11439213.0,1.96682557818842,25.969229366679137,16.252557835261833,45
COG,2024.0,189798603751.235,11439213.0,1.96682557818842,25.969229366679137,16.252557835261833,46
COK,2024.0,189798603751.235,11439213.0,1.96682557818842,25.969229366679137,16.252557835261833,47
COL,2024.0,189798603751.235,11439213.0,6.60908593728228,25.969229366679137,16.252557835261833,48
COM,2024.0,189798603751.235,11439213.0,1.96682557818842,25.969229366679137,16.252557835261833,49
CPV,2024.0,189798603751.235,11439213.0,1.96682557818842,25.969229366679137,16.252557835261833,50
CRI,2024.0,189798603751.235,11439213.0,-0.41345934225229,25.969229366679137,16.252557835261833,51
CUB,2024.0,189798603751.235,11439213.0,1.96682557818842,25.969229366679137,16.252557835261833,52
CUW,2024.0,189798603751.235,11439213.0,1.96682557818842,25.969229366679137,16.252557835261833,53
CYM,2024.0,189798603751.235,11439213.0,1.96682557818842,25.969229366679137,16.252557835261833,55
CYP,2024.0,189798603751.235,11439213.0,1.80023018624815,25.969229366679137,16.252557835261833,56
CZE,2024.0,189798603751.235,11439213.0,2.43531202435314,25.969229366679137,16.252557835261833,57
DEU,2024.0,189798603751.235,11439213.0,2.2564981433876,25.969229366679137,16.252557835261833,58
DJI,2024.0,189798603751.235,11439213.0,1.96682557818842,25.969229366679137,16.252557835261833,59
DMA,2024.0,189798603751.235,11439213.0,1.96682557818842,25.969229366679137,16.252557835261833,60
DNK,2024.0,189798603751.235,11439213.0,1.37220049768918,25.969229366679137,16.252557835261833,61
DOM,2024.0,189798603751.235,11439213.0,3.30223338951227,25.969229366679137,16.252557835261833,62
DZA,2024.0,189798603751.235,11439213.0,4.04611455313434,25.969229366679137,16.252557835261833,63
ECU,2024.0,189798603751.235,11439213.0,1.54732515615369,25.969229366679137,16.252557835261833,64
EGY,2024.0,189798603751.235,11439213.0,1.96682557818842,25.969229366679137,16.252557835261833,65
ERI,2024.0,189798603751.235,11439213.0,1.96682557818842,25.969229366679137,16.252557835261833,66
ESH,2024.0,189798603751.235,11439213.0,1.96682557818842,25.969229366679137,16.252557835261833,67
ESP,2024.0,189798603751.235,11439213.0,2.77417826534772,25.969229366679137,16.252557835261833,68
EST,2024.0,189798603751.235,11439213.0,3.52056053296586,25.969229366679137,16.252557835261833,69
ETH,2024.0,189798603751.235,11439213.0,1.96682557818842,25.969229366679137,16.252557835261833,70
FIN,2024.0,189798603751.235,11439213.0,1.56568906231616,25.969229366679137,16.252557835261833,71
FJI,2024.0,189798603751.235,11439213.0,1.96682557818842,25.969229366679137,16.252557835261833,72
FLK,2024.0,189798603751.235,11439213.0,1.96682557818842,25.969229366679137,16.252557835261833,73
FRA,2024.0,189798603751.235,11439213.0,1.99904942291463,25.969229366679137,16.252557835261833,74
FSM,2024.0,189798603751.235,11439213.0,1.96682557818842,25.969229366679137,16.252557835261833,76
GAB,2024.0,189798603751.235,11439213.0,1.17311998381218,25.969229366679137,16.252557835261833,77
GBR,2024.0,189798603751.235,11439213.0,3.2715729463592,25.969229366679137,16.252557835261833,78
GEO,2024.0,189798603751.235,11439213.0,1.10971758022096,25.969229366679137,16.252557835261833,79
GHA,2024.0,189798603751.235,11439213.0,22.8483281157842,25.969229366679137,16.252557835261833,80
GIB,2024.0,189798603751.235,11439213.0,1.96682557818842,25.969229366679137,16.252557835261833,81
GIN,2024.0,189798603751.235,11439213.0,8.12313914948596,25.969229366679137,16.252557835261833,82
GMB,2024.0,189798603751.235,11439213.0,1.96682557818842,25.969229366679137,16.252557835261833,83
GNB,2024.0,189798603751.235,11439213.0,1.96682557818842,25.969229366679137,16.252557835261833,84
GNQ,2024.0,189798603751.235,11439213.0,1.96682557818842,25.969229366679137,16.252557835261833,85
GRC,2024.0,189798603751.235,11439213.0,2.74149045788606,25.969229366679137,16.252557835261833,86
GRD,2024.0,189798603751.235,11439213.0,1.96682557818842,25.969229366679137,16.252557835261833,87
GRL,2024.0,189798603751.235,11439213.0,1.96682557818842,25.969229366679137,16.252557835261833,88
GTM,2024.0,189798603751.235,11439213.0,2.86919482222022,25.969229366679137,16.252557835261833,89
GUM,2024.0,189798603751.235,11439213.0,1.96682557818842,25.969229366679137,16.252557835261833,90
GUY,2024.0,189798603751.235,11439213.0,2.90395226446373,25.969229366679137,16.252557835261833,91
HKG,2024.0,189798603751.235,11439213.0,1.72972119105914,25.969229366679137,16.252557835261833,92
HND,2024.0,189798603751.235,11439213.0,4.60621098127107,25.969229366679137,16.252557835261833,94
HRV,2024.0,189798603751.235,11439213.0,1.96682557818842,25.969229366679137,16.252557835261833,95
HTI,2024.0,189798603751.235,11439213.0,1.96682557818842,25.969229366679137,16.252557835261833,96
HUN,2024.0,189798603751.235,11439213.0,3.70370370370369,25.969229366679137,16.252557835261833,97
IDN,2024.0,189798603751.235,11439213.0,1.96682557818842,25.969229366679137,16.252557835261833,98
IND,2024.0,194567373678.099,16073372.0,4.95303550973656,25.994044334261293,16.592674609901806,99
IRL,2024.0,189798603751.235,11439213.0,2.11344999577317,25.969229366679137,16.252557835261833,101
IRN,2024.0,189798603751.235,11439213.0,1.96682557818842,25.969229366679137,16.252557835261833,102
IRQ,2024.0,189798603751.235,11439213.0,1.96682557818842,25.969229366679137,16.252557835261833,103
ISL,2024.0,189798603751.235,11439213.0,5.85683849970066,25.969229366679137,16.252557835261833,104
ISR,2024.0,189798603751.235,11439213.0,3.07052614744924,25.969229366679137,16.252557835261833,105
ITA,2024.0,189798603751.235,11439213.0,0.982373023061417,25.969229366679137,16.252557835261833,106
JAM,2024.0,189798603751.235,11439213.0,5.41194447981659,25.969229366679137,16.252557835261833,107
JOR,2024.0,189798603751.235,11439213.0,1.96682557818842,25.969229366679137,16.252557835261833,108
JPN,2024.0,189798603751.235,11439213.0,2.73853681635241,25.969229366679137,16.252557835261833,109
KAZ,2024.0,189798603751.235,11439213.0,4.85655589318192,25.969229366679137,16.252557835261833,110
KEN,2024.0,189798603751.235,11439213.0,4.48978854243448,25.969229366679137,16.252557835261833,111
KGZ,2024.0,189798603751.235,11439213.0,1.96682557818842,25.969229366679137,16.252557835261833,112
KHM,2024.0,189798603751.235,11439213.0,1.96682557818842,25.969229366679137,16.252557835261833,113
KIR,2024.0,189798603751.235,11439213.0,1.96682557818842,25.969229366679137,16.252557835261833,114
KNA,2024.0,189798603751.235,11439213.0,1.96682557818842,25.969229366679137,16.252557835261833,115
KOR,2024.0,189798603751.235,11439213.0,2.32174328643542,25.969229366679137,16.252557835261833,116
KWT,2024.0,189798603751.235,11439213.0,2.89855072463762,25.969229366679137,16.252557835261833,117
LAO,2024.0,189798603751.235,11439213.0,23.1305695942588,25.969229366679137,16.252557835261833,118
LBN,2024.0,189798603751.235,11439213.0,1.96682557818842,25.969229366679137,16.252557835261833,119
LBR,2024.0,189798603751.235,11439213.0,1.96682557818842,25.969229366679137,16.252557835261833,120
LBY,2024.0,189798603751.235,11439213.0,2.12615766885025,25.969229366679137,16.252557835261833,121
LCA,2024.0,189798603751.235,11439213.0,1.96682557818842,25.969229366679137,16.252557835261833,122
LKA,2024.0,189798603751.235,11439213.0,-0.42936004906973,25.969229366679137,16.252557835261833,123
LSO,2024.0,189798603751.235,11439213.0,6.10544624245032,25.969229366679137,16.252557835261833,124
LTU,2024.0,189798603751.235,11439213.0,0.715735835228723,25.969229366679137,16.252557835261833,125
LUX,2024.0,189798603751.235,11439213.0,2.05113269954859,25.969229366679137,16.252557835261833,126
LVA,2024.0,189798603751.235,11439213.0,1.26579885828729,25.969229366679137,16.252557835261833,127
MAC,2024.0,189798603751.235,11439213.0,1.96682557818842,25.969229366679137,16.252557835261833,128
MAR,2024.0,189798603751.235,11439213.0,0.985256592004507,25.969229366679137,16.252557835261833,129
MDA,2024.0,189798603751.235,11439213.0,4.67773516007048,25.969229366679137,16.252557835261833,130
MDG,2024.0,189798603751.235,11439213.0,1.96682557818842,25.969229366679137,16.252557835261833,131
MDV,2024.0,189798603751.235,11439213.0,1.39979779674928,25.969229366679137,16.252557835261833,132
MEX,2024.0,189798603751.235,11439213.0,4.72225588452932,25.969229366679137,16.252557835261833,133
MHL,2024.0,189798603751.235,11439213.0,1.96682557818842,25.969229366679137,16.252557835261833,134
MKD,2024.0,189798603751.235,11439213.0,3.48974086026947,25.969229366679137,16.252557835261833,135
MLI,2024.0,189798603751.235,11439213.0,3.20639864099652,25.969229366679137,16.252557835261833,136
MLT,2024.0,189798603751.235,11439213.0,1.96682557818842,25.969229366679137,16.252557835261833,137
MMR,2024.0,189798603751.235,11439213.0,1.96682557818842,25.969229366679137,16.252557835261833,138
MNE,2024.0,189798603751.235,11439213.0,3.33675009282281,25.969229366679137,16.252557835261833,139
MNG,2024.0,189798603751.235,11439213.0,6.80284899332961,25.969229366679137,16.252557835261833,140
MNP,2024.0,189798603751.235,11439213.0,1.96682557818842,25.969229366679137,16.252557835261833,141
MOZ,2024.0,189798603751.235,11439213.0,1.96682557818842,25.969229366679137,16.252557835261833,142
MRT,2024.0,189798603751.235,11439213.0,1.96682557818842,25.969229366679137,16.252557835261833,143
MSR,2024.0,189798603751.235,11439213.0,1.96682557818842,25.969229366679137,16.252557835261833,144
MUS,2024.0,189798603751.235,11439213.0,4.10263226568006,25.969229366679137,16.252557835261833,145
MWI,2024.0,189798603751.235,11439213.0,32.1796504225025,25.969229366679137,16.252557835261833,146
MYS,2024.0,189798603751.235,11439213.0,1.834100204499,25.969229366679137,16.252557835261833,147
NAM,2024.0,189798603751.235,11439213.0,4.23903922877036,25.969229366679137,16.252557835261833,149
NCL,2024.0,189798603751.235,11439213.0,1.96682557818842,25.969229366679137,16.252557835261833,150
NER,2024.0,189798603751.235,11439213.0,9.07151997725013,25.969229366679137,16.252557835261833,151
NFK,2024.0,189798603751.235,11439213.0,1.96682557818842,25.969229366679137,16.252557835261833,152
NGA,2024.0,189798603751.235,11439213.0,1.96682557818842,25.969229366679137,16.252557835261833,153
NIC,2024.0,189798603751.235,11439213.0,4.62473841057141,25.969229366679137,16.252557835261833,154
NLD,2024.0,189798603751.235,11439213.0,3.34754304219953,25.969229366679137,16.252557835261833,156
NOR,2024.0,189798603751.235,11439213.0,3.14530134431073,25.969229366679137,16.252557835261833,157
NPL,2024.0,189798603751.235,11439213.0,1.96682557818842,25.969229366679137,16.252557835261833,158
NZL,2024.0,189798603751.235,11439213.0,2.92279782301957,25.969229366679137,16.252557835261833,160
OMN,2024.0,189798603751.235,11439213.0,1.96682557818842,25.969229366679137,16.252557835261833,161
PAK,2024.0,189798603751.235,11439213.0,12.6325318530452,25.969229366679137,16.252557835261833,162
PAN,2024.0,189798603751.235,11439213.0,0.685197879812108,25.969229366679137,16.252557835261833,163
PER,2024.0,189798603751.235,11439213.0,2.00770739412712,25.969229366679137,16.252557835261833,165
PHL,2024.0,189798603751.235,11439213.0,3.21260487006347,25.969229366679137,16.252557835261833,166
PLW,2024.0,189798603751.235,11439213.0,2.23172772921704,25.969229366679137,16.252557835261833,167
PNG,2024.0,189798603751.235,11439213.0,0.602403921107917,25.969229366679137,16.252557835261833,168
POL,2024.0,189798603751.235,11439213.0,3.7842600751287,25.969229366679137,16.252557835261833,169
PRK,2024.0,189798603751.235,11439213.0,1.96682557818842,25.969229366679137,16.252557835261833,170
PRT,2024.0,189798603751.235,11439213.0,2.41613187791884,25.969229366679137,16.252557835261833,171
PRY,2024.0,189798603751.235,11439213.0,3.83540271728533,25.969229366679137,16.252557835261833,172
PYF,2024.0,189798603751.235,11439213.0,1.96682557818842,25.969229366679137,16.252557835261833,174
QAT,2024.0,189798603751.235,11439213.0,1.26734310292375,25.969229366679137,16.252557835261833,175
ROU,2024.0,189798603751.235,11439213.0,-4.5191101423114,25.969229366679137,16.252557835261833,176
RUS,2024.0,189798603751.235,11439213.0,1.96682557818842,25.969229366679137,16.252557835261833,177
RWA,2024.0,189798603751.235,11439213.0,1.77029240198635,25.969229366679137,16.252557835261833,178
SAU,2024.0,189798603751.235,11439213.0,1.68792112375817,25.969229366679137,16.252557835261833,179
SDN,2024.0,189798603751.235,11439213.0,1.96682557818842,25.969229366679137,16.252557835261833,180
SEN,2024.0,189798603751.235,11439213.0,1.96682557818842,25.969229366679137,16.252557835261833,181
SGP,2024.0,189798603751.235,11439213.0,2.36645846996694,25.969229366679137,16.252557835261833,182
SLB,2024.0,189798603751.235,11439213.0,1.96682557818842,25.969229366679137,16.252557835261833,185
SLE,2024.0,189798603751.235,11439213.0,28.6337500014115,25.969229366679137,16.252557835261833,186
SLV,2024.0,189798603751.235,11439213.0,0.853782292567288,25.969229366679137,16.252557835261833,187
SMR,2024.0,189798603751.235,11439213.0,1.24216507945569,25.969229366679137,16.252557835261833,188
SOM,2024.0,189798603751.235,11439213.0,1.96682557818842,25.969229366679137,16.252557835261833,189
SRB,2024.0,189798603751.235,11439213.0,4.6705297488997,25.969229366679137,16.252557835261833,191
SSD,2024.0,189798603751.235,11439213.0,1.96682557818842,25.969229366679137,16.252557835261833,192
STP,2024.0,189798603751.235,11439213.0,1.96682557818842,25.969229366679137,16.252557835261833,193
SUR,2024.0,189798603751.235,11439213.0,16.2296159130279,25.969229366679137,16.252557835261833,194
SVK,2024.0,189798603751.235,11439213.0,2.75760909424272,25.969229366679137,16.252557835261833,195
SVN,2024.0,189798603751.235,11439213.0,1.96562656432512,25.969229366679137,16.252557835261833,196
SWE,2024.0,189798603751.235,11439213.0,2.83581658224034,25.969229366679137,16.252557835261833,197
SWZ,2024.0,189798603751.235,11439213.0,1.96682557818842,25.969229366679137,16.252557835261833,198
SYC,2024.0,189798603751.235,11439213.0,0.311726050919668,25.969229366679137,16.252557835261833,199
SYR,2024.0,189798603751.235,11439213.0,1.96682557818842,25.969229366679137,16.252557835261833,200
TCA,2024.0,189798603751.235,11439213.0,1.96682557818842,25.969229366679137,16.252557835261833,201
TCD,2024.0,189798603751.235,11439213.0,8.89950732263761,25.969229366679137,16.252557835261833,202
TGO,2024.0,189798603751.235,11439213.0,1.96682557818842,25.969229366679137,16.252557835261833,203
THA,2024.0,189798603751.235,11439213.0,1.96682557818842,25.969229366679137,16.252557835261833,204
TJK,2024.0,189798603751.235,11439213.0,1.96682557818842,25.969229366679137,16.252557835261833,205
TKM,2024.0,189798603751.235,11439213.0,1.96682557818842,25.969229366679137,16.252557835261833,207
TLS,2024.0,189798603751.235,11439213.0,2.06284153005468,25.969229366679137,16.252557835261833,208
TON,2024.0,189798603751.235,11439213.0,3.18364611260058,25.969229366679137,16.252557835261833,209
TTO,2024.0,189798603751.235,11439213.0,0.526884625776839,25.969229366679137,16.252557835261833,210
TUN,2024.0,189798603751.235,11439213.0,7.20661657168794,25.969229366679137,16.252557835261833,211
TUR,2024.0,189798603751.235,11439213.0,58.5064507300343,25.969229366679137,16.252557835261833,212
TUV,2024.0,189798603751.235,11439213.0,1.96682557818842,25.969229366679137,16.252557835261833,213
TZA,2024.0,189798603751.235,11439213.0,3.05694676312373,25.969229366679137,16.252557835261833,214
UGA,2024.0,189798603751.235,11439213.0,3.3233806708656,25.969229366679137,16.252557835261833,215
UKR,2024.0,189798603751.235,11439213.0,6.50198464669254,25.969229366679137,16.252557835261833,216
UMI,2024.0,189798603751.235,11439213.0,1.96682557818842,25.969229366679137,16.252557835261833,217
URY,2024.0,189798603751.235,11439213.0,4.84914366613156,25.969229366679137,16.252557835261833,218
USA,2024.0,189798603751.235,11439213.0,2.94952520485207,25.969229366679137,16.252557835261833,219
UZB,2024.0,189798603751.235,11439213.0,9.62825465956682,25.969229366679137,16.252557835261833,220
VCT,2024.0,189798603751.235,11439213.0,3.62770736940927,25.969229366679137,16.252557835261833,222
VEN,2024.0,189798603751.235,11439213.0,1.96682557818842,25.969229366679137,16.252557835261833,223
VGB,2024.0,189798603751.235,11439213.0,1.96682557818842,25.969229366679137,16.252557835261833,224
VNM,2024.0,189798603751.235,11439213.0,3.62109273885843,25.969229366679137,16.252557835261833,225
VUT,2024.0,189798603751.235,11439213.0,1.96682557818842,25.969229366679137,16.252557835261833,226
WSM,2024.0,189798603751.235,11439213.0,2.17245530514377,25.969229366679137,16.252557835261833,228
YEM,2024.0,189798603751.235,11439213.0,1.96682557818842,25.969229366679137,16.252557835261833,229
ZAF,2024.0,189798603751.235,11439213.0,4.36115246518962,25.969229366679137,16.252557835261833,230
ZMB,2024.0,189798603751.235,11439213.0,1.96682557818842,25.969229366679137,16.252557835261833,231
ZWE,2024.0,189798603751.235,11439213.0,1.96682557818842,25.969229366679137,16.252557835261833,232
