RTA ID,RTA Name,Parties concerned,Changes affect,Date of notification of changes,Date of signature of changes,Date of entry into force of changes,Remarks
5,EFTA - Egypt," Egypt, European Free Trade Association (EFTA)",Goods,2010-01-15,2008-11-04,2010-03-01,"Notification of the entry into force of Decision No. 2 of 2008 of the Joint EFTA-Egypt Committee, concerning amendments to Annex IV, regarding abolition of customs duties and charges having equivalent effect on imports between Egypt and the EFTA States.

Technical corrections amending Annex IV by addition of tariff lines. "
5,EFTA - Egypt," Egypt, European Free Trade Association (EFTA)",Goods,2013-06-26,2012-05-03,2012-05-24,"Notification of the entry into force of Decision No. 1 of 2012 of the Joint EFTA-Egypt Committee, concerning amendments to Protocol A, concerning processed agricultural products.

Extends the application of Protocol A for two years, until 1 August 2014, to allow for negotiations pursuant to Article 4 of Protocol A."
5,EFTA - Egypt," Egypt, European Free Trade Association (EFTA)",Goods,2013-06-26,2012-05-03,2013-05-01,"Notification of the entry into force of Decision No. 2 of 2012 of the Joint EFTA-Egypt Committee, concerning amendments to Protocol B, concerning the definition of the concept of “originating products” and methods of administrative cooperation. 

The transitional period for exemption from the drawback prohibition expired on 31 December 2009. Paragraph 7 of Article 15 provides for the possibility of extending its application by common accord and the Parties have agreed to a prolongation of the transitional period for partial duty drawback until 31 December 2012 to ensure legal certainty and predictability for economic operators. "
5,EFTA - Egypt," Egypt, European Free Trade Association (EFTA)",Goods,2015-03-24,2014-08-01,2014-08-01,"Notification of the entry into force of Decision No. 1 of 2014 of the Joint EFTA-Egypt Committee, concerning amendments to Protocol A, concerning processed agricultural products. 

Extends the application of Protocol A for two years, until 31 July 2016, to allow for negotiations pursuant to Article 4 of Protocol A. "
8,Chile - China," Chile, China",Goods & Services,2019-09-27,2017-11-11,2019-03-01,"The Protocol to Amend the Free Trade Agreement and the Supplementary Agreement on Trade in Services of the Free Trade Agreement between the Government of the Republic of Chile and the Government of the People's Republic of China (hereinafter referred to as ""the Protocol"") has integrated and upgraded the Free Trade Agreement and its Supplementary Agreement on Trade in Services, further raising the liberalization level of tariff concession and service commitments. The Protocol has also optimized the rules of origin and its procedures for implementation, increased areas of economic and technical cooperation. Furthermore, the Protocol added new chapters of Customs Procedures and Trade Facilitation, E-commerce, Competition and Environment and trade.
"
15,EFTA - Lebanon," Lebanese Republic, European Free Trade Association (EFTA)",Goods,2013-04-24,2011-03-03,2013-05-01,"Notification of the entry into force of Decision No. 1 of 2011 of the Joint EFTA-Lebanon Committee concerning the replacement of the Table to Annex IV by the Annex to this Decision. 

The Decision introduces adjustments in the HS structure of the Table to Annex IV to the Agreement. These adjustments are due to the amendments of the Nomenclature appended to the International Convention on the Harmonized Commodity Description and Coding System (HS), which entered into force on 1 January 2007."
21,"EFTA - Korea, Republic of"," Korea, Republic of, European Free Trade Association (EFTA)",Goods,2010-10-22,2009-04-21,2010-11-01,"Notification of the entry into force of Decision No. 2 of 2009 of the Joint EFTA-Korea Committee concerning amendments to Annex I, rules of origin and customs procedures. 

Adjustments in the structure of Appendix 2 and the table to Appendix 4 to Annex I in accordance with changes in the International Convention on the Harmonized Commodity Description and Coding System (HS), which entered into force on 1 January 2007. "
21,"EFTA - Korea, Republic of"," Korea, Republic of, European Free Trade Association (EFTA)",Goods,2010-10-22,2009-04-21,2011-01-01,"Notification of the entry into force of Decision No. 3 of 2009 of the Joint EFTA-Korea Committee concerning amendments to Annex III.

Amendment in accordance with changes in the International Convention on the Harmonized Commodity Description and Coding System (HS), which entered into force on 1 January 2007."
21,"EFTA - Korea, Republic of"," Korea, Republic of, European Free Trade Association (EFTA)",Goods,2010-10-22,2009-04-21,2011-01-01,"Notification of the entry into force of Decision No. 4 of 2009 of the Joint EFTA-Korea Committee concerning amendments to Annex IV, processed agricultural products.

Adjustments in the structure of Table 1 and Table 2 in accordance with changes in the International Convention on the Harmonized Commodity Description and Coding System (HS), which entered into force on 1 January 2007."
21,"EFTA - Korea, Republic of"," Korea, Republic of, European Free Trade Association (EFTA)",Goods,2010-10-22,2009-04-21,2011-01-01,"Notification of the entry into force of Decision No. 5 of 2009 of the Joint EFTA-Korea Committee concerning amendments to Annex V, concerning fish and other marine products. 

Technical amendments to Tables 1, 2 and 3 of Annex V to the EFTA-Korea Free Trade Agreement to harmonise the scope of the Annex, taking into consideration developments in international trade in fish and other marine products and in particular the discussions taking place in the WTO regarding the definition of fish and fisheries products. "
21,"EFTA - Korea, Republic of"," Korea, Republic of, European Free Trade Association (EFTA)",Goods,2010-10-22,2009-04-21,2010-11-01,"Notification of the entry into force of Decision No. 6 of 2009 of the Joint EFTA-Korea Committee concerning amendments to Annex VI, customs duties. 

Adjustments in the structure of Appendix to Annex VI in accordance with changes in the International Convention on the Harmonized Commodity Description and Coding System (HS), which entered into force on 1 January 2007. "
21,"EFTA - Korea, Republic of"," Korea, Republic of, European Free Trade Association (EFTA)",Goods,2012-01-13,2010-01-21,2012-01-01,"Notification of the entry into force of Decision No. 1 of 2010 of the Joint EFTA-Republic of Korea Committee concerning amendments to Annex I to the Agreement on Rules of Origin and Customs Procedures.

The Decision amends Annex I to the Agreement on Rules of Origin and Customs Procedures. "
21,"EFTA - Korea, Republic of"," Korea, Republic of, European Free Trade Association (EFTA)",Goods,2024-12-03,2012-03-14,2017-12-01,"Notification of the entry into force of Decision No. 1 of 2012 of the Joint EFTA-Korea Committee concerning amendments to Annex I to the Agreement on Rules of Origin and Customs Procedures.

Amendments to the HS structure of Appendix 2 and Appendix 4 to Annex I, in line with amendments to the Nomenclature appended to the International Convention on the Harmonized Commodity Description and Coding System (HS), which entered into force on 1 January 2012."
21,"EFTA - Korea, Republic of"," Korea, Republic of, European Free Trade Association (EFTA)",Goods,2024-12-03,2020-06-05,2023-06-01,"Notification of the entry into force of Decision No. 1 of 2020 of the Joint EFTA-Korea Committee concerning amendments to Annex I to the Agreement on Rules of Origin and Customs Procedures.

Amendments to the HS structure of Appendix 2 and Appendix 4 to Annex I, in line with amendments to the Nomenclature appended to the International Convention on the Harmonized Commodity Description and Coding System (HS), which entered into force on 1 January 2017."
38,Japan - Mexico," Japan, Mexico",Goods,2007-04-12,2006-09-20,2007-04-01,"Notification of the Protocol between Japan and the United Mexican States related to improvement of market access conditions based on Paragraphs 3 and 5 of Article 5 of the Agreement between Japan and the United Mexican States for the Strengthening of the Economic Partnership. 

Japan and the United Mexican States agreed on in quota rates of Customs Duties and aggregate quota quantity of certain originating goods, such as poultry meat, beef and oranges, desiring to improve market access conditions. 

These originating goods were designated for consultation between Japan and the United Mexican States under subparagraphs 1(b), 4(b) and 10(b) of Sections 2 and 3 of Annex 1 of the Agreement between Japan and the United Mexican States for the strengthening of the Economic Partnership, signed on 17 September 2004. "
38,Japan - Mexico," Japan, Mexico",Goods,2012-12-14,2008-01-31,2008-03-01,"Notification of the Exchange of Diplomatic Notes for the Modification to Annex 3 of the Agreement between Japan and Mexico for the Strengthening of the Economic Partnership.

Pursuant to paragraph 2 of Article 8 and subparagraph 2(e)(i) of Article 165 of the Agreement between Japan and Mexico for the Strengthening of the Economic Partnership, signed at Mexico City on 17 September 2004, the Parties agreed to modify Annex 3 (Geographical Indications for Spirits)."
38,Japan - Mexico," Japan, Mexico",Goods,2012-12-14,2012-03-02,2012-04-01,"Notification of the Exchange of Diplomatic Notes for the Modification to Annex 4 of the Agreement between Japan and Mexico for the Strengthening of the Economic Partnership.

Pursuant to subparagraph 3(c) and paragraph 6 of Article 37 and subparagraph 2(e)(i) of Article 165 of the Agreement between Japan and Mexico for the Strengthening of the Economic Partnership, signed at Mexico City on 17 September 2004, the Parties agreed to modify Annex 4 (Specific Rules of Origin). "
38,Japan - Mexico," Japan, Mexico",Goods,2012-12-14,2011-09-22,2012-04-01,"Notification of the Protocol Amending the Agreement between Japan and Mexico for the Strengthening of the Economic Partnership.

Pursuant to Article 174 of the Agreement between Japan and Mexico for the Strengthening of the Economic Partnership, signed at Mexico City on 17 September 2004, the Parties agreed to amend the Agreement to improve market access conditions on certain originating goods and revise the provisions on trade in goods as well as certification of origin and custom procedures. "
42,ASEAN - China," China, ASEAN Free Trade Area (AFTA)",Goods & Services,2022-02-03,2015-11-21,2016-07-01,"Protocol to amend the Framework Agreement on Comprehensive Economic Co-operation and certain Agreements thereunder between the Association of Southeast Asian Nations (ASEAN) and China.
The Protocol provides amendments to the text of the Rules of Origin (ROO) Chapter and introduces a new section on Customs Procedures and Trade Facilitation (CPTF) to the Trade in Goods Agreement. In addition, the Protocol includes a third package of specific commitments under the Agreement on Trade in Services and adds provisions on the promotion and facilitation of investment in the Investment Agreement. Lastly, the Protocol introduces additional rules and areas of coverage for Economic and Technical Cooperation and a Future Work Programme on the further liberalisation of trade in goods, review of product specific rules, and investment liberalisation and protection. "
43,EFTA - Chile," Chile, European Free Trade Association (EFTA)",Goods,2009-01-27,2006-01-31,2008-05-01,"Notification of the entry into force of Decision No. 4 of 2006 of the Joint EFTA-Chile Committee concerning amendments to Annex III, concerning products not covered by the Agreement.

Text of Annex III updated to take into consideration that some products previously listed in Annex III are now included in the Agreement."
43,EFTA - Chile," Chile, European Free Trade Association (EFTA)",Goods,2011-03-02,2008-04-08,2010-10-01,"Notification of the entry into force of Decision No.1 of 2008 of the Joint EFTA-Chile Committee concerning amendments to Annex IV concerning processed agricultural products.

Taking into account that the EFTA States have revised their agreements with the European Community on processed agricultural products, by expanding the product coverage of these agreements and providing for improved concessions for the products covered, the Decision updates Annex IV to ensure products originating in Chile are accorded treatment no less favourable than that accorded to the European Community. Additionally, Chile has reciprocally reduced its duties for the products covered by the Annex. "
43,EFTA - Chile," Chile, European Free Trade Association (EFTA)",Goods,2011-03-03,2008-04-08,2010-10-01,"Notification of the entry into force of Decision No. 2 of 2008 of the Joint EFTA-Chile Committee concerning amendments to Annex V, concerning fish and other marine products. 

Technical amendments to Tables 1 and 2 of Annex V to the EFTA-Chile Free Trade Agreement to harmonize the scope of the Annex, taking into consideration developments in international trade in fish and other marine products. "
43,EFTA - Chile," Chile, European Free Trade Association (EFTA)",Goods,2017-05-05,2013-12-31,2016-09-01,"Notification of the entry into force of Decision No.1 of 2013 of the Joint EFTA-Chile Committee concerning amendments to Appendices 1 and 2 to Annex I concerning the definition of the concept of ""originating products"" and arrangements for administrative cooperation.

Recognizing that amended origin rules will improve the effectiveness of the Agreement and aiming at ensuring legal certainty and predictability for economic operators."
56,"China - Macao, China"," China, Macao, China",Goods,2019-04-29,2018-12-12,2018-12-12,"The Agreement on Trade in Goods of CEPA (hereinafter referred to as ""the Agreement"") was signed on 12 December 2018 between China and Macao China. The Agreement came into effect on the date of signature and was officially implemented from 1 January 2019. The Agreement has integrated the relevant provisions in CEPA and its 10 Supplements, and enriched the content of cooperation by establishing the rules of origin for all products classified under the Mainland tariff codes, and further enhancing the level of customs clearance facilitation, so as to promote the movement of goods between the two places and to foster the continuous development of Macao manufacturing industry.

The Agreement also has a dedicated chapter for the Guangdong-Hong Kong-Macao Greater Bay Area to implement specific measures for customs clearance of goods within the Bay Area to assist Macao's business sector to integrate into the national development strategies and promote the development of the Guangdong-Hong Kong-Macao Greater Bay Area in a jointly basis."
56,"China - Macao, China"," China, Macao, China",Services,2024-12-06,2024-10-10,2024-10-10,"The Second Agreement Concerning Amendment to the CEPA Agreement on Trade in Services eliminates the three-year substantive business operation requirement for most service sectors, providing Macao service providers with easier access to the Mainland market. Additionally, it introduces pilot initiatives in the Guangdong-Hong Kong-Macao Greater Bay Area and includes expanded liberalization measures in sectors such as high-tech, financial services, and audio-visual culture. Moreover, it grants professionals in fields like construction and engineering, accounting, medical care, and education facilitative entry conditions into the Mainland of China, empowering Macao service providers to capitalize on their professional strengths and pursue business growth opportunities in the Mainland of China. The Second Amendment Agreement came into effect on the day of signing (i.e. 10 October 2024) and will be implemented on 1 March 2025. "
56,"China - Macao, China"," China, Macao, China",Services,2020-03-18,2019-11-20,2019-11-20,"The Agreement Concerning Amendment to the CEPA Agreement on Trade in Services CEPA consolidates and sums up the previous liberalization measures relating to trade in services in the CEPA series. The Agreement further expands the scope of liberalization in finance, legal, accounting, construction and engineering, cultural, tourism, distribution, education and other services sectors. Furthermore, the Agreement proposes 11 liberalization measures including finance, legal, education, construction, tourism sectors S/C/N/265/Add.11 that are implemented on a pilot basis in the Guangdong-Hong Kong-Macao Greater Bay Area."
56,"China - Macao, China"," China, Macao, China",Goods & Services,2005-01-26,2004-10-29,2005-01-01,Supplement to the Mainland and Macao Closer Economic Partnership Arrangement
56,"China - Macao, China"," China, Macao, China",Goods & Services,2006-01-13,2005-10-21,2006-01-01,Supplement II to the Mainland and Macao Closer Economic Partnership Arrangement
56,"China - Macao, China"," China, Macao, China",Goods & Services,2006-11-29,2006-06-26,2007-01-01,Supplement III to the Mainland and Macao Closer Economic Partnership Arrangement
56,"China - Macao, China"," China, Macao, China",Goods & Services,2007-12-18,2007-07-02,2007-07-02,Supplement IV to the Mainland and Macao Closer Economic Partnership Arrangement
56,"China - Macao, China"," China, Macao, China",Goods & Services,2009-01-21,2008-07-30,2008-07-30,Supplement V  to the Mainland and Macao Closer Economic Partnership Arrangement
56,"China - Macao, China"," China, Macao, China",Goods & Services,2009-07-31,2009-05-11,2009-05-11,Supplement VI to the Mainland and Macao Closer Economic Partnership Arrangement
56,"China - Macao, China"," China, Macao, China",Goods & Services,2010-12-13,2010-05-28,2010-05-28,Supplement VII to the Mainland and Macao Closer Economic Partnership Arrangement
56,"China - Macao, China"," China, Macao, China",Goods & Services,2012-03-07,2011-12-14,2011-12-14,Supplement VIII to the Mainland and Macao Closer Economic Partnership Arrangement
56,"China - Macao, China"," China, Macao, China",Goods & Services,2012-09-14,2012-07-02,2012-07-02,Supplement IX to the Mainland and Macao Closer Economic Partnership Arrangement
56,"China - Macao, China"," China, Macao, China",Goods & Services,2013-11-12,2013-08-30,2013-08-30,Supplement X to the Mainland and Macao Closer Economic Partnership Arrangement
56,"China - Macao, China"," China, Macao, China",Goods & Services,2015-03-30,2014-12-18,2014-12-18,"On 18 December 2014, China and Macao, China signed the Agreement between the Mainland and Macao on Achieving Basic Liberalization of Trade in Services in Guangdong under the framework of CEPA. The Agreement adopts a hybrid approach of negative and positive listings in further liberalization, covering 153 services trade sub-sectors. Among all, positively listed sectors such as telecommunications and cultural services introduce 24 new liberalization measures, including the opening up of additional 84 sectors for individually owned stores. National treatment will be applied to Macao in 58 sub-sectors, including advertising, photography, convention, hotels and restaurants, tourist guides, road transport and so on. With respect to investment facilitation, Macao service suppliers in the majority of the services sub-sectors are given the same treatment as companies from the Mainland. While the Agreement came into effect on 18 December 2014, the further liberalization measures with regard to trade in services will be implemented on 1 March 2015. 
"
56,"China - Macao, China"," China, Macao, China",Goods & Services,2016-04-01,2015-11-28,2015-11-28,"On 28 November 2015, China and Macao, China signed the Agreement on Trade in Services (""the Agreement"") under the framework of CEPA. On the basis of CEPA and its Supplements, as well as the Agreement between the Mainland and Macao on Achieving Basic Liberalization of Trade in Services in Guangdong (""the Guangdong Agreement""), the Agreement further enhances the liberalization of trade in services in both breadth and depth. It includes extending the implementation of liberalization measures in the Guangdong Agreement to the whole Mainland; adding 20 liberalization measures in the positive lists for cross-border services as well as cultural and telecommunication services; and reducing the non-conforming measures in the negative list to 120. The Agreement also sets out provisions for the most-favoured treatment and investment facilitation. The Agreement came into effect on 28 November 2015, and will be implemented as from 1 June 2016."
56,"China - Macao, China"," China, Macao, China",Goods & Services,2018-05-18,2017-12-18,2017-12-18,"Notification of the Investment Agreement and the Agreement on Economic and Technical Cooperation (""Ecotech Agreement"") under the framework of the Mainland and Macao Closer Economic Partnership Arrangement (""CEPA"").

The Investment Agreement covers admission of investments, investment protection and facilitation, and broadens the commitments on investment under the framework of CEPA by extending the liberalization of investment access to non-services sectors. The Investment Agreement came into effect on the day of signing and had been implemented as from 1 January 2018.

The Ecotech Agreement harmonises and updates the economic and technical cooperation activities set out in CEPA and its Supplements. Among others are chapters on deepening economic and trade cooperation areas of the ""Belt and Road"" Initiative, Sub-regional Cooperation and the development of Macao as a commercial and trade cooperation service platform between China and the Portuguese-speaking countries, which are the key cooperation areas between the Mainland and Macao, China. The Ecotech Agreement came into effect on the day of signing."
57,"China - Hong Kong, China"," China, Hong Kong, China",Goods & Services,2005-01-19,2004-10-27,2005-01-01,Supplement to the Mainland and Hong Kong Closer Economic Partnership Arrangement
57,"China - Hong Kong, China"," China, Hong Kong, China",Goods & Services,2006-01-11,2005-10-18,2006-01-01,Supplement II to the Mainland and Hong Kong Closer Economic Partnership Arrangement
57,"China - Hong Kong, China"," China, Hong Kong, China",Goods & Services,2006-11-27,2006-06-27,2007-01-01,Supplement III to the Mainland and Hong Kong Closer Economic Partnership Arrangement 
57,"China - Hong Kong, China"," China, Hong Kong, China",Goods & Services,2007-12-18,2007-06-29,2007-06-29,Supplement IV to the Mainland and Hong Kong Closer Economic Partnership Arrangement
57,"China - Hong Kong, China"," China, Hong Kong, China",Goods & Services,2008-12-02,2008-07-29,2008-07-29,Supplement V to the Mainland and Hong Kong Closer Economic Partnership Arrangement 
57,"China - Hong Kong, China"," China, Hong Kong, China",Goods & Services,2009-09-14,2009-05-09,2009-05-09,Supplement VI to the Mainland and Hong Kong Closer Economic Partnership Arrangement 
57,"China - Hong Kong, China"," China, Hong Kong, China",Goods & Services,2010-11-26,2010-05-27,2010-05-27,Supplement VII to the Mainland and Hong Kong Closer Economic Partnership Arrangement 
57,"China - Hong Kong, China"," China, Hong Kong, China",Goods & Services,2012-03-02,2011-12-13,2011-12-13,Supplement VIII to the Mainland and Hong Kong Closer Economic Partnership Arrangement 
57,"China - Hong Kong, China"," China, Hong Kong, China",Goods & Services,2012-09-14,2012-06-29,2012-06-29,Supplement IX to the Mainland and Hong Kong Closer Economic Partnership Arrangement 
57,"China - Hong Kong, China"," China, Hong Kong, China",Goods & Services,2013-11-12,2013-08-29,2013-08-29,Supplement X to the Mainland and Hong Kong Closer Economic Partnership Arrangement 
57,"China - Hong Kong, China"," China, Hong Kong, China",Goods & Services,2015-03-16,2014-12-18,2014-12-18,"Further to the conclusion of Supplement X to the CEPA notified to the CRTA on12 November 2013, China and Hong Kong, China signed on 18 December 2014, under CEPA, the Agreement between the Mainland and Hong Kong on Achieving Basic Liberalization of Trade in Services in Guangdong (""the Agreement""). The Agreement sets out the liberalization measures for trade in services in Guangdong by way of both positive and negative listing. It came into effect on the day of signing and would be implemented as from 1 March 2015. 
"
57,"China - Hong Kong, China"," China, Hong Kong, China",Goods & Services,2016-03-22,2015-11-27,2015-11-27,"Further to the conclusion of the Agreement between the Mainland and Hong Kong on Achieving Basic Liberalisation of Trade in Services in Guangdong under CEPA (""the Guangdong Agreement"") notified to the CRTA on 16 March 2015, China and Hong Kong, China signed on 27 November 2015, under the framework of CEPA, an Agreement on Trade in Services (""the Agreement"") to realise basic liberalisation of trade in services in the whole territory of the Mainland. The Agreement makes reference to the framework of the Guangdong Agreement and sets out the liberalisation measures by way of both positive and negative listing. In addition to including new liberalisation measures, the Agreement also covers and consolidates commitments relating to liberalisation of trade in services previously provided in CEPA and its Supplements and also the Guangdong Agreement. The Agreement came into effect on the day of signing and would be implemented as from 1 June 2016."
57,"China - Hong Kong, China"," China, Hong Kong, China",Goods & Services,2017-08-19,2017-06-28,2017-06-28,"Notification of the Investment Agreement and the Agreement on Economic and Technical Cooperation (“Ecotech Agreement”) under the Mainland and Hong Kong Closer Economic Partnership Arrangement (""CEPA"").

The Investment Agreement brings enhancement to the overall CEPA framework through expansion of commitments of investment access to non-services sectors and introduction of obligations on investment protection. It also contains provisions on investment promotion and facilitation. The Investment Agreement came into effect on the day of signing and would be implemented as from 1 January 2018.

The Ecotech Agreement consolidates and updates the economic and technical cooperation activities set out in CEPA and its Supplements to cater for the trend and needs for the development of Hong Kong and the Mainland. It builds the basis and sets the direction for closer cooperation between the two places in future. The Ecotech Agreement also includes cooperation in the economic and trade areas of the “Belt and 
Road” Initiative and Sub-regional Cooperation under the systemic framework of CEPA. 

The Ecotech Agreement came into effect on the day of signing."
57,"China - Hong Kong, China"," China, Hong Kong, China",Services,2020-03-18,2019-11-21,2019-11-21,"The Agreement concerning Amendment to the Agreement on Trade in Services of the Mainland and Hong Kong Closer Economic Partnership Arrangement (“the Amendment Agreement”) updates the commitments on liberalisation and facilitation of trade in services under the Agreement on Trade in Services notified to the WTO on 23 March 2016 (WT/REG162/N/1/Add.9 and S/C/N/264/Add.9) and implemented on 1 June 2016 so as to enhance the level of liberalisation on trade in services under the framework of CEPA. The Amendment Agreement introduces new liberalisation measures in various services sectors, including measures for pilot implementation in the nine Pearl River Delta municipalities of the Guangdong-Hong Kong-Macao Greater Bay Area. The Amendment Agreement came into effect on the day of signing (i.e. 21 November 2019) and will be implemented on 1 June 2020."
57,"China - Hong Kong, China"," China, Hong Kong, China",Services,2024-12-06,2024-10-09,2024-10-09,"Notification of the Second Agreement Concerning Amendment to the Agreement on Trade in Services of the Mainland and Hong Kong Closer Economic Partnership Arrangement.

The Second Agreement Concerning Amendment to the Agreement on Trade in Services of the Mainland and Hong Kong Closer Economic Partnership Arrangement (“the Amendment Agreement II”) updates the commitments on liberalisation and facilitation of trade in services under the Agreement on Trade in Services notified to the WTO on 23 March 2016 (WT/REG162/N/1/Add.9 and S/C/N/264/Add.9) and implemented on 1 June 2016 so as to further enhance the level of liberalisation on trade in services under the framework of CEPA.  The Agreement on Trade in Services was first amended on 21 November 2019 as notified to the WTO on 18 March 2020 (S/C/N/264/Add.11 and S/C/N/264/Add.11/Corr.1) to add liberalisation measures which have been implemented since 1 June 2020.  The Amendment Agreement II introduces new liberalisation measures in a number of services sectors, including measures for pilot implementation in the nine Pearl River Delta municipalities in the Guangdong-Hong Kong-Macao Greater Bay Area, and includes commitments on domestic regulation for trade in services and facilitation measures on trade and investment, etc.  The Amendment Agreement II came into effect on the day of signing (i.e. 9 October 2024) and will be implemented on 1 March 2025."
57,"China - Hong Kong, China"," China, Hong Kong, China",Goods,2019-03-04,2018-12-14,2018-12-14,"The Agreement on Trade in Goods (""the Agreement"") consolidates and updates the previous commitments on liberalisation and facilitation of trade in goods in CEPA and its relevant Supplements. On top of the existing CEPA commitments on trade in goods, the Agreement enhances the provisions on rules of origin, which include introducing a general rule of origin based on value-added applicable to products not having product-specific rules of origin, and simplifying and updating the product-specific rules of origin. The Agreement adds new Chapters on Customs Procedures and Trade Facilitation, Sanitary and Phytosanitary Measures and Technical Barriers to Trade to provide for relevant measures to facilitate trade and strengthen cooperation between the two sides. The Agreement also introduces trade facilitation measures in the Guangdong-Hong Kong, Macao Greater Bay Area. The Agreement came into effect on the day of signing (i.e. 14 December 2018) and was implemented on 1 January 2019."
65,EFTA - Singapore," Singapore, European Free Trade Association (EFTA)",Goods,2008-07-08,2007-03-14,2007-08-01,"Notification of the entry into force of Decision No. 1 of 2007 of the Joint EFTA-Singapore Committee concerning amendments to Annex III concerning processed agricultural products.

Taking into account that the EFTA States have revised their agreements with the European Community on processed agricultural products, by expanding the product coverage of these agreements and providing for improved concessions for the products covered, the Decision updates Annex III to ensure products originating in Singapore are accorded treatment no less favourable than that accorded to any other State. 

Additionally the Annex has been updated according to changes in the International Convention on the Harmonized Commodity Description and Coding System (HS), which entered into force on 1 January 2007."
65,EFTA - Singapore," Singapore, European Free Trade Association (EFTA)",Goods,2008-07-08,2007-03-14,2007-08-01,"Notification of the entry into force of Decision No. 2 of 2007 of the Joint EFTA-Singapore Committee concerning amendments to Annex V concerning products not covered by Article 8.

Update of the list of products, to which Article 8 of the Agreement does not apply when imported into an EFTA State, by deleting some products from the list. "
65,EFTA - Singapore," Singapore, European Free Trade Association (EFTA)",Goods,2008-07-08,2007-03-14,2007-08-01,"Notification of the entry into force of Decision No. 3 of 2007 of the Joint EFTA-Singapore Committee concerning amendments to Annex IV concerning fish and other marine products. 

Addition of products to the scope of Annex IV to the Agreement in line with international developments regarding trade and definition of fish and fisheries products. "
65,EFTA - Singapore," Singapore, European Free Trade Association (EFTA)",Goods,2008-07-08,2007-03-14,2007-08-01,"Notification of the entry into force of Decision No. 4 of 2007 of the Joint EFTA-Singapore Committee concerning amendments to Annex I to the Agreement.

Amendments to Articles 1(c) following change of competent authority in Singapore for customs and origin matters. Changes to the Direct Transport rule in Article 14 and deletion of Article 15 concerning exhibitions. "
65,EFTA - Singapore," Singapore, European Free Trade Association (EFTA)",Goods,2008-07-08,2007-03-14,2007-08-01,"Notification of the entry into force of Decision No. 5 of 2007 of the Joint EFTA-Singapore Committee concerning amendments to Appendices 1-3 to Annex I to the Agreement. 

Adjustment in the HS structure and specific list rules following the entry into force of the amendments to the HS on 1 January 2007."
65,EFTA - Singapore," Singapore, European Free Trade Association (EFTA)",Goods,2012-05-14,2010-07-06,2011-11-01,"Notification of the entry into force of Decision No. 1 of 2010 of the Joint EFTA-Singapore Committee concerning amendments to Annex IV concerning fish and other marine products. 

Noting that there are technical errors in Annex IV Fish and Other Marine Products, some of which occurred through the adoption and application of the Joint Committee Decision No. 3 of 2007, amending Annex IV Fish and Other Marine Products, 
Wishing to rectify these errors with the desire to clarify the meaning and increasing the harmonisation of the scope of Annex IV with other existing agreements. "
70,Japan - Singapore," Japan, Singapore",Goods,2008-01-17,2007-11-27,2008-01-01,"Notification of Exchange of Diplomatic Notes amending Annexes IIA and IIB of the Agreement between Japan and Singapore for a New-Age Economic Partnership.

Pursuant to Article 10 (General Review) of the Agreement between Japan and Singapore for a New-Age Economic Partnership (JSEPA) signed on 13 January 2002, Japan and Singapore have agreed to amend Annex IIA (Product-Specific Rules) and Annex IIB (Minimum Data Requirement for Certificate of Origin) as part of the outcome of the General Review."
70,Japan - Singapore," Japan, Singapore",Goods & Services,2007-08-29,2007-03-19,2007-09-02,"Pursuant to Article 10 (General Review) of the Agreement between Japan and the Republic of Singapore for a New-Age Economic Partnership (JSEPA) signed on 13 January 2002, Japan and the Republic of Singapore have agreed to improve market access in the area of industrial and agricultural products, improve specific commitments for financial services, revise rules of origin as well as customs procedures, and technically alter provisions on competition. "
75,EFTA - Jordan ," Jordan, European Free Trade Association (EFTA)",Goods,2013-09-05,2012-04-20,2013-10-01,"Notification of the entry into force of Decision No. 1 of 2012 of the Joint EFTA-Jordan Committee concerning amendments to Annex II – Fish and other marine products.

Harmonization of the scope of Annex II in line with international developments. Completion of Table 1 of Annex II and Table 3 of Annex II.
"
75,EFTA - Jordan ," Jordan, European Free Trade Association (EFTA)",Goods,2013-09-05,2012-04-20,2013-10-01,"Notification of the entry into force of Decision No. 2 of 2012 of the Joint EFTA-Jordan Committee concerning amendments to Annex III – Customs Duties on Imports and Charges having Equivalent Effect.

Replacing Annex III and its Tables A, B and C, as well as adding Tables A1, B1, B2 and C1."
75,EFTA - Jordan ," Jordan, European Free Trade Association (EFTA)",Goods,2013-09-05,2012-04-20,2013-10-01,"Notification of the entry into force of Decision No. 3 of 2012 of the Joint EFTA-Jordan Committee concerning amendments to Protocol B – Concerning the definition of the Concept of ""Originating Products"" and Methods of Administrative Cooperation.

Amendments to Protocol B concerning the definition of the concept of ""originating products"" and methods of administrative cooperation, as well as replacing Annexes I and II to Protocol B."
79,EFTA - Mexico," Mexico, European Free Trade Association (EFTA)",Goods,2013-09-11,2010-05-07,2012-05-01,"Notification of the entry into force of Decision No. 5 of 2010 of the Joint EFTA-Mexico Committee concerning amendments to Annex XIII – Government Procurement: Covered Goods. 

The Decision updates Annex XIII by bringing it in line with HS 2007."
79,EFTA - Mexico," Mexico, European Free Trade Association (EFTA)",Goods,2009-08-27,2008-09-23,2009-05-01,"Notification of the entry into force of Decision No.1 of 2008 of the Joint EFTA-Mexico Committee concerning amendments to Article 13 of Annex I. 

Amendments to Annex I to the Agreement and introduction of Explanatory Notes on Article 13 to Annex I in order to enhance the Agreement by allowing for the splitting-up of consignments of originating products in a non-Party under the surveillance of customs authorities. "
79,EFTA - Mexico," Mexico, European Free Trade Association (EFTA)",Goods,2013-09-11,2010-05-07,2012-05-01,"Notification of the entry into force of Decision No. 1 of 2010 of the Joint EFTA-Mexico Committee concerning amendments to Appendix 1 to Annex I to the Agreement. 

The Decision updates Appendix 1 to Annex I by bringing it in line with HS 2007."
79,EFTA - Mexico," Mexico, European Free Trade Association (EFTA)",Goods,2013-09-11,2010-05-07,2012-05-01,"Notification of the entry into force of Decision No. 2 of 2010 of the Joint EFTA-Mexico Committee concerning amendments to Appendix 2 to Annex I to the Agreement. 

The Decision updates Appendix 2 to Annex I by bringing it in line with HS 2007."
79,EFTA - Mexico," Mexico, European Free Trade Association (EFTA)",Goods,2013-09-11,2010-05-07,2012-05-01,"Notification of the entry into force of Decision No. 3 of 2010 of the Joint EFTA-Mexico Committee concerning amendments to Appendix 2(a) to Annex I to the Agreement.

The Decision updates Appendix 2(a) to Annex I by bringing it in line with HS 2007."
79,EFTA - Mexico," Mexico, European Free Trade Association (EFTA)",Goods & Services,2013-09-11,2010-05-07,2012-05-01,"Notification of the entry into force of Decision No. 4 of 2010 of the Joint EFTA-Mexico Committee concerning amendment to Annex IV - products for animal feeding. 

Deletion of Annex IV given that the products concerned no longer need to be excluded from the elimination of customs duties, and thereby benefit from full liberalization."
88,EFTA - North Macedonia," North Macedonia, European Free Trade Association (EFTA)",Goods,2025-04-04,2021-07-23,2022-04-01,"Notification of the entry into force of Decision No. 1 of 2021 of the EFTA-North Macedonia Joint Committee concerning amendments to Protocol B concerning the definition of the concept of originating products and methods of administrative cooperation.

The revised rules of the Regional Convention on pan-Euro-Mediterranean preferential rules of origin (PEM Convention) introduce a new set of modernised rules of origin designed to promote trade between the Contracting Parties to the PEM Convention. The EFTA States and North Macedonia have agreed to amend and replace Protocol B to the Free Trade Agreement (FTA) concerning the definition of the concept of “originating products” and Methods of Administrative Cooperation, incorporating a dynamic link to the PEM Convention and applying the revised rules of the PEM Convention on a bilateral basis pending their adoption by the Joint Committee of the PEM Convention.

Key changes include greater flexibility in the cumulation of origin, introducing simplified, more flexible product-specific rules, as well as allowing for the issuance of electronic origin certificates. These updates aim to reduce administrative burdens, simplify trade documentation, and offer businesses more opportunities within the PEM zone.

As Protocol B are referenced in the Bilateral Agreements on Agriculture between the respective EFTA States and North Macedonia, the amendments also necessitated corresponding changes to the bilateral agricultural agreements. These revisions ensure that the updated rules of origin and related procedures are consistently applied across the FTA and the Bilateral Agricultural Agreements, maintaining coherence, and facilitating smoother trade operations between the Parties.

"
88,EFTA - North Macedonia," North Macedonia, European Free Trade Association (EFTA)",Goods,2010-04-06,2008-11-28,2010-06-01,"Notification of the entry into force of Decision No. 1 of 2008 of the Joint EFTA-FYROM Committee concerning amendments to Annex II concerning fish and other marine products. 

Technical amendments to Table 1 and Table 4 of Annex II to the EFTA-FYROM Free Trade Agreement to harmonize the scope of the Annex, taking into consideration developments in international trade in fish and other marine products and in particular the discussions taking place in the WTO regarding the definition of fish and fisheries products."
88,EFTA - North Macedonia," North Macedonia, European Free Trade Association (EFTA)",Goods,2010-04-06,2008-11-28,2010-06-01,"Notification of the entry into force of Decision No. 2 of 2008 of the Joint EFTA-FYROM Committee concerning amendments to Protocol A concerning processed agricultural products. 

Taking into account that the EFTA States and FYROM have revised their agreements with the European Union on processed agricultural products, by expanding the product coverage of these agreements and providing for improved concessions for the products covered, the Decision updates Protocol A to ensure that products originating in FYROM and the EFTA States are accorded treatment no less favourable than that accorded to the European Union, when imported in to each others markets respectively."
88,EFTA - North Macedonia," North Macedonia, European Free Trade Association (EFTA)",Goods,2010-04-06,2008-11-28,2010-06-01,"Notification of the entry into force of Decision No. 3 of 2008 of the Joint EFTA-FYROM Committee concerning amendments to Annex I concerning products not covered by the Agreement. 

Update of Annex I following amendments to Protocol A to the EFTA-FYROM Agreement given that some products listed in the former Annex I to the Agreement are now included in the Agreement."
88,EFTA - North Macedonia," North Macedonia, European Free Trade Association (EFTA)",Goods,2010-08-10,2008-11-28,2010-10-01,"Notification of the entry into force of Decision No. 4 of 2008 of the Joint EFTA-Macedonia Committee concerning amendments to Protocol B concerning the definition of the concept of ""originating products"" and methods of administrative co-operation. 

Introduction of the pan-Euro-Mediterranean model protocol on rules of origin with the aim to allow diagonal cumulation among the countries of the pan-Euro-Mediterranean cumulation zone comprising Macedonia and the countries covered by the Stabilisation and Association process, the EU's policy for the Western Balkans (1), and the European Union, the EFTA States, Turkey, the Faroe Islands, and the countries or territories participating in the Euro-Mediterranean partnership based on the Barcelona Declaration, other than Turkey.(2)
(1) Albania, Bosnia and Herzegovina, Croatia, Republic of Macedonia, Montenegro, and Serbia, including Kosovo as defined in UN Security Council Resolution 1244/99. 
(2)  Algeria, Egypt, Israel, Jordan, Lebanon, Morocco, Syria, Tunisia, West Bank and Gaza Strip."
96,EFTA - Morocco," Morocco, European Free Trade Association (EFTA)",Goods,2010-10-19,2000-10-24,2010-10-08,"Notification of the entry into force of Decision No. 7 of 2000 of the Joint EFTA-Morocco Committee concerning amendments to Article 18 on State Aid.

The Decision amends Article 18 on State Aid."
96,EFTA - Morocco," Morocco, European Free Trade Association (EFTA)",Goods,2013-03-22,2010-10-05,2013-04-01,"Notification of the entry into force of Decision No. 1 of 2010 of the Joint EFTA-Morocco Committee concerning amendments to Protocol B.

Replacement of paragraph 7 of Article 15 of Protocol B. This decision shall be applicable with retroactive effect as of 1 January 2010. "
96,EFTA - Morocco," Morocco, European Free Trade Association (EFTA)",Goods,2013-03-22,2010-10-05,2013-04-01,"Notification of the entry into force of Decision No. 2 of 2010 of the Joint EFTA-Morocco Committee concerning amendments to Protocol B.

Replacement of paragraph 2 of Article 3 and paragraph 2 of Article 4 of Protocol B."
101,EFTA - Palestine," Palestine, European Free Trade Association (EFTA)",Goods,2010-08-10,2008-03-13,2010-10-01,"Notification of the entry into force of Decisions No. 1 – 3 of 2008 of the Joint EFTA-Palestinian Authority Committee concerning amendments to Protocol A concerning processed agricultural products, to Annex I concerning products not covered by the Agreement and to Annex II concerning fish and other marine products.

Decision 1/2008: Taking into account that the EFTA States have revised their agreements with the European Union on processed agricultural products, by expanding the product coverage of these agreements and providing for improved concessions for the products covered, the Decision updates Protocol A to ensure products originating in the West Bank and the Gaza Strip are accorded treatment no less favourable than that accorded to the European Communities. 

Decision 2/2008: Update of Annex I following amendments to Protocol A to the EFTA-Palestinian Authority Agreement given that some products listed in the former Annex I to the Agreement are now included in the Agreement. 

Decision 3/2008: Technical amendments to Table 1 of Annex II to the EFTA-Palestinian Authority Free Trade Agreement to harmonise the scope of the Annex, taking into consideration developments in international trade in fish and other marine products and in particular the discussions taking place in the WTO regarding the definition of fish and fisheries products."
110,Canada - Chile," Canada, Chile",Goods & Services,2014-01-13,2012-04-16,2013-09-30,"Notification of the entry into force of the ""Agreement to Amend the Free Trade Agreement between the Government of Canada and the Government of the Republic of Chile"", concerning amendments agreed upon in various parts of the Agreement (rules of origin, dispute settlement, customs procedures and government procurement). It also incorporates a chapter on Financial Services.

The Agreement includes amendments—some to form and some to content—in various parts of the Agreement (rules of origin, dispute settlement, customs procedures and government procurement). It also includes a chapter on Financial Services, in light of which certain changes also had to be made to the chapters on investment and cross border trade in services. 

The inclusion of a chapter on Financial Services ensures a stable and predictable legal framework that regulates the supply of financial services, including insurance and related services, banking services, and other financial services, as well as services incidental or auxiliary to services of a financial nature. "
110,Canada - Chile," Canada, Chile",Goods & Services,2019-06-05,2017-06-05,2019-02-05,"Notification of the entry into force of the:

• ""Agreement to amend the Free Trade Agreement between the Government of Canada and the Government of the Republic of Chile, done at Santiago on 5 December 1996"", the incorporation a chapter on Sanitary and Phytosanitary Measures and a chapter on Technical Barriers to Trade, as well as amendments agreed upon in the Government Procurement chapter of the Agreement; and 

• ""Agreement to amend, in respect of investment and trade and gender, the Free Trade Agreement between the Government of Canada and the Government of the Republic of Chile, done at Santiago on 5 December 1996"", concerning amendments agreed upon in the Investment chapter of the Agreement, as well as the incorporation of a chapter on Trade and Gender.

The first Agreement includes amendments to the existing government procurement chapter, as well as a new sanitary and phytosanitary measures chapter and a new technical barriers to trade chapter. 

The new sanitary and phytosanitary chapter provides scope for better communication and cooperation between Canada and Chile, including through the modernized bilateral Sanitary and phytosanitary Committee, to address issues that may impact trade in agricultural, fish and forestry products while maintaining the rights of Parties to take easures necessary for the protection of human, animal or plant life or health.

The new technical barriers to trade chapter builds on the World Trade Organization (WTO) TBT Agreement, which ensures that technical regulations, standards, and conformity assessment procedures such as product testing and certification do not create unnecessary obstacles to international trade. In particular, the chapter incorporates WTO TBT plus obligations that address transparency, conformity assessment procedures, joint cooperation, and the creation of a Technical Barriers to Trade Committee, to address bilateral TBT issues such as the implementation of the Chapter.

The amendments to the government procurement chapter allow for reduced time period for submitting tenders, when the tendering procedure is made by electronic means. This adjustment promotes the use of electronic platform - including by publishing notices and accepting tender documentation by electronic means - helping to speed up procurement processes and improve its overall efficiency.

The second Agreement includes amendments to the existing investment chapter and a new chapter on trade and gender. 

The new trade and gender chapter acknowledges the importance of applying a gender perspective to economic and trade issues. The chapter provides a framework for Parties to cooperate on issues related to trade and gender and commits both sides to the creation of a trade and gender committee that will, among other things, share knowledge and best practices of programs for women entrepreneurs and women led SMEs, and encourage women’s participation in national and international economies.

The amendments to the investment chapter introduce new, inclusive elements, including language that reaffirms a states' right to regulate in the public interest and a new, dedicated article on corporate social responsibility (CSR). The update also includes procedural enhancements to the investor-state dispute settlement mechanism."
113,Canada - Israel," Canada, Israel",Goods,2019-09-27,2018-05-28,2019-09-01,"In 2014, Canada and Israel agreed to modernize the Canada-Israel Free Trade Agreement (CIFTA), a goods-only agreement in force since January 1, 1997. Through two phases of negotiations in 2014-2015 and 2017-2018, updates were made to four existing chapters:

• market access for goods
• rules of origin
• dispute settlement
• institutional provisions.

Nine new chapters were added that deal with new and ongoing trade elements and issues:

• e-commerce
• intellectual property
• labour
• sanitary and phytosanitary measures
• technical barriers to trade
• the environment
• trade facilitation
• trade and gender
• small- and medium-sized enterprises"
120,EU Treaty," Austria, Belgium, Bulgaria, Croatia, Cyprus, Czech Republic, Denmark, Estonia, Finland, France, Germany, Greece, Hungary, Ireland, Italy, Latvia, Lithuania, Luxembourg, Malta, Netherlands, Poland, Portugal, Romania, Slovak Republic, Slovenia, Spain, Sweden",Goods & Services,2021-02-25,2020-01-30,2021-01-01,"The Treaty on European Union and the Treaty on the Functioning of the European Union as well as the Treaty Establishing the European Atomic Energy Community ceased to apply to the United Kingdom of Great Britain and Northern Ireland pursuant to Article 50(3) of the Treaty on European Union. This happened with the date of effectiveness of 1 February 2020, but a transition period lasted until 31 December 2020. On this basis, the internal market of the European Union, which includes the free movement of goods and the free movement of services, no longer includes the United Kingdom after 31 December 2020. Northern Ireland and the Sovereign Base Areas in Cyprus, however, remain included in certain respects.
"
125,EFTA - Israel," Israel, European Free Trade Association (EFTA)",Goods,2009-01-27,2005-06-15,2008-07-11,"Notification of the entry into force of Decision No. 3 of 2005 of the Joint EFTA-Israel Committee concerning mutual administrative assistance in customs matters.

Introduction of a new Protocol concerning mutual administrative assistance in customs matters between the Parties to enhance international co-operation in matters related to the administration and enforcement of the customs laws. "
125,EFTA - Israel," Israel, European Free Trade Association (EFTA)",Goods,2009-01-27,2005-06-15,2008-07-11,"Notification of the entry into force of Decision No. 4 of 2005 of the Joint EFTA-Israel Committee amending Article 22 of the Agreement concerning balance of payment difficulties. 

A Party in serious balance-of-payments difficulties, or under imminent threat thereof, may, in accordance with the conditions established under the GATT 1994 and the WTO Understanding on the Balance-of-Payments Provisions, adopt trade restrictive measure. "
125,EFTA - Israel," Israel, European Free Trade Association (EFTA)",Goods,2010-08-10,2005-06-15,2010-07-05,"Notification of the entry into force of Decision No. 1 of 2006 of the Joint EFTA-Israel Committee amending Articles 18 and 23 and Annex II and deleting Annexes VI and VII of the Agreement concerning state aid.

Replacing the Article on State Aid (and deleting the respective Annexes) with an article on Subsidies. According to the new article, the rights and obligations of the Parties in respect of subsidies and countervailing measures shall be governed by Article XVI of the GATT 1994 and the WTO Agreement on Subsidies and Countervailing Measures, except as otherwise provided for in the Article. "
129,EFTA - Türkiye," Türkiye, European Free Trade Association (EFTA)",Goods,2008-09-30,2006-05-31,2008-02-01,"Notification of the entry into force of Decision No. 1 of 2006 of the Joint EFTA-Turkey Committee concerning amendments to Annex I concerning products not covered by the Agreement. 

Update of Annex I following amendments to Protocol A to the EFTA-Turkey Agreement given that some products listed in the former Annex I to the Agreement are now included in the Agreement."
129,EFTA - Türkiye," Türkiye, European Free Trade Association (EFTA)",Goods,2008-09-30,2006-05-31,2008-02-01,"Notification of the entry into force of Decision No. 2 of 2006 of the Joint EFTA-Turkey Committee concerning amendments to Protocol A concerning processed agricultural products.

Taking into account that the EFTA States have revised their agreements with the European Community on processed agricultural products, by expanding the product coverage of these agreements and providing for improved concessions for the products covered, the Decision updates Protocol A to ensure that products originating in Turkey are accorded treatment no less favourable than that accorded to the European Communities."
129,EFTA - Türkiye," Türkiye, European Free Trade Association (EFTA)",Goods,2008-09-30,2006-05-31,2007-09-01,"Notification of the entry into force of Decision No. 3 of 2006 of the Joint EFTA-Turkey Committee concerning amendments to Protocol B concerning the definition of the concept of “originating products” and methods of administrative co-operation.

Introduction of the pan-Euro-Mediterranean model protocol on rules of origin in order to apply diagonal cumulation as created in the pan-Euro-Mediterranean cumulation zone established by the European Community, the EFTA States, Turkey, the Faroe Islands, and the countries or territories participating in the Euro-Mediterranean partnership based on the Barcelona Declaration, other than Turkey."
129,EFTA - Türkiye," Türkiye, European Free Trade Association (EFTA)",Goods,2011-05-03,2009-12-03,2011-06-01,"Notification of the entry into force of Decision No. 1 of 2009 of the Joint EFTA-Turkey Committee concerning amendments to Protocol A on processed agricultural products. 

The Decision updates Protocol A by bringing it in line with HS 2007. "
129,EFTA - Türkiye," Türkiye, European Free Trade Association (EFTA)",Goods,2011-05-03,2009-12-03,2011-06-01,"Notification of the entry into force of Decision No. 2 of 2009 of the Joint EFTA-Turkey Committee concerning amendments to Protocol B on originating products. 

The Decision updates Protocol B by bringing it in line with HS 2007. "
129,EFTA - Türkiye," Türkiye, European Free Trade Association (EFTA)",Goods,2011-07-21,2009-12-03,2011-07-05,"Notification of the entry into force of Decision No. 3 of 2009 of the Joint EFTA-Turkey Committee adding Protocol E on mutual recognition of conformity assessment of products. 

The Decision adds Protocol E on mutual recognition of conformity assessment of products to the EFTA-Turkey FTA. "
129,EFTA - Türkiye," Türkiye, European Free Trade Association (EFTA)",Goods,2011-08-30,2005-05-15,2011-08-15,"Notification of the entry into force of Decision No. 1 of 2005 of the Joint EFTA-Turkey Committee concerning amendments to Article 18 and 23 and Annex II and deletion of Annexes X and XI concerning State Aid.

The Decision amends the FTA’s provisions on State Aid."
135,Latin American Integration Association (LAIA)," Argentina, Uruguay",Goods,2020-03-10,1982-12-20,1985-11-27,"AAP.CE 1 (Articles 7 and 8 of the TM80) 

Partial Scope Economic Complementarity Agreement No. 1 (AAP.CE 1) establishes a trade liberalization programme that aims to eliminate the levies and other  restrictions that affect a list of products (Annexes I and II). It does not include agricultural products.

In accordance with the provisions of Article 1 of the AAP.CE 1.28, the Agreement expired on 1 May 2003.
"
135,Latin American Integration Association (LAIA)," Brazil, Uruguay",Goods,2020-03-10,1982-12-20,1985-10-16,"AAP.CE 2 (Articles 7 and 8 of the TM80)

Partial Scope Economic Complementarity Agreement No. 2 (AAP.CE 2) has as its purpose to promote the maximum use of the factors of production among the signatory countries and to foster their economic complementarity, based on the establishment of a reciprocal trade duty phase-out programme. The products negotiated and subject to the trade liberalization programme are listed in Annexes I and II.
"
135,Latin American Integration Association (LAIA)," Argentina, Ecuador",Goods,2020-03-10,1984-05-24,1984-05-24,"AAP.CE 3 (Articles 7 and 8 of the TM80)

Partial Scope Economic Complementarity Agreement No. 3 (AAP.CE 3) aims to promote economic complementarity between the two countries, for certain products in the sanitary fittings sector, by granting tariff preferences for trade in the following products: 84.61.1.01, 84.61.1.99, 84.61.8.01 and 84.61.9.99.

This Agreement ceased to have effect with the conclusion of AAP.CE 21 and AAP.CE 21.12 with the annexes containing preferences.
"
135,Latin American Integration Association (LAIA)," Chile, Uruguay",Goods,2020-03-10,1985-02-01,1985-02-01,"AAP.CE 4 (Articles 7 and 8 of the TM80)

Partial Scope Economic Complementarity Agreement No. 4 (AAP.CE 4) establishes a liberalization programme which has the purpose of eliminating levies and restrictions that affect imports of the products included in Annexes I and II of the Agreement. Likewise, provisions are established regarding the origin regime (Annex III) and safeguard clauses.

As of the entry into force of AAP.CE 35 – 1 October 1996 – the tariff preferences negotiated in this Agreement and the associated regulatory aspects ceased to have effect. However, provisions that are not incompatible with AAP.CE 35 or those which relate to matters not included in the Agreement remain in force.

"
135,Latin American Integration Association (LAIA)," Mexico, Uruguay",Goods,2020-03-10,1986-05-07,1986-06-01,"AAP.CE 5 (Articles 7 and 8 of the TM80)

Partial Scope Economic Complementarity Agreement No. 5 (AAP.CE 5) establishes that Mexico shall grant a 100% preference in respect of the tariff in force for third countries on imports originating in and coming from Uruguay, with the exception of the products included in Annex I. Likewise, Uruguay will apply a 100% preference in respect of the levies in force for third countries, of the imports originating in and coming from Mexico, and of the products listed in Annex III of the Agreement.

Likewise, AAP.CE 5 includes provisions relating to the origin regime (Annex V) and safeguard clauses.

AAP.CE 5 ceased to have effect on 15 July 2004 with the entry into force of AAP.CE 60.

"
135,Latin American Integration Association (LAIA)," Argentina, Mexico",Goods,2020-03-10,1986-10-24,1987-01-01,"AAP.CE 6 (Articles 7 and 8 of the TM80)

Partial Scope Economic Complementarity Agreement No. 6 (AAP.CE 6) establishes a trade liberalization agreement set out in Annexes I and II, which record the preferences and other conditions agreed between the parties. In addition, the AAP.CE 6 includes provisions on the origin regime (Chapter V) and safeguard clauses (Chapter VI).

"
135,Latin American Integration Association (LAIA)," Argentina, Brazil",Goods,2020-03-10,1986-12-10,1987-01-01,"AAP.CE 7 (Articles 7 and 8 of the TM80)

Partial Scope Economic Complementarity Agreement No. 7 (AAP.CE 7) establishes a trade liberalization agreement set out in Annex II and the parties intend to add to the list included in the said annex so that by 1990 it covers 50% of all capital goods of the LAIA tariff nomenclature.

This Agreement ceased to have effect on the entry into force of AAP.CE 14, on 20 December 1990.

"
135,Latin American Integration Association (LAIA)," Argentina, Brazil, Colombia, Paraguay, Uruguay",Goods,2022-02-17,2017-07-21,2017-12-20,"AAP.CE 72 (Articles 7 and 8 of the TM80)

Partial Scope Economic Complementarity Agreement No. 72 (AAP.CE 72) seeks to establish a free trade area among the Parties through the expansion and diversification of trade and the elimination of tariff and non tariff restrictions affecting reciprocal trade. It also seeks to establish a legal and institutional framework for cooperation and economic and physical integration that helps create an expanded economic area.

AAP.CE 72 maintains the objectives and scope of AAP.CE 59, as well as the tariff preferences and other access conditions. It also broadens the preferences for products from the industrial, textile, clothing, metalworking and vehicle sectors.

Three Understandings were signed under the trade liberalization programme: one on the deepening of bilateral tariff preferences between Brazil and Colombia in the automotive sector; another between Argentina and Colombia on the automotive sector; and a third between Argentina and Colombia on the chemical and plastic sectors.

Lastly, this Agreement provides that once all the procedures for incorporation into domestic law have been completed, AAP.CE 72 shall replace AAP.CE 59.
"
135,Latin American Integration Association (LAIA)," Cuba, Nicaragua",Goods,2022-02-17,2014-03-13,,"AAP.A25TM 44 (Article 25 of the TM80)

Partial Scope Agreement No. 44 (AAP.A25TM 44) seeks to strengthen existing trade relations between the Parties through the granting of tariff preferences (Annexes 1 and 2) and the elimination of non-tariff restrictions in bilateral trade. It aims to create and increase trading opportunities for the Parties, on a predictable, transparent and permanent basis, through cooperation, complementarity and solidarity.

The Agreement also contains annexes on the following disciplines: the regime of origin (Annex 3), sanitary and phytosanitary measures (Annex 4), technical barriers to trade (Annex 5), and the dispute settlement regime (Annex 6).
"
135,Latin American Integration Association (LAIA)," Ecuador, Nicaragua",Goods,2022-02-17,2016-07-05,,"AAP.A25TM 45 (Article 25 of the TM80)

Partial Scope Agreement No. 45 (AAP.A25TM 45) provides for the granting of tariff preferences and the elimination of non-tariff restrictions, which will help to strengthen and stimulate trade flows in a manner consistent with each country's respective economic policy.

Under this Agreement, Ecuador grants Nicaragua a 100% tariff preference for imports of 90 items, while Nicaragua grants Ecuador the same preference for a total of 96 items.

The Agreement also includes provisions on, inter alia, rules of origin, safeguard clauses, technical barriers to trade, and sanitary and phytosanitary measures.
"
135,Latin American Integration Association (LAIA)," Ecuador, El Salvador",Goods,2022-02-17,2017-02-13,,"AAP.A25TM 45 (Article 25 of the TM80)

Partial Scope Agreement No. 45 (AAP.A25TM 45) provides for the granting of preferential tariff treatment between the Parties; the elimination of non-tariff barriers; the facilitation of trade in goods; the fostering of cooperation with a view to deepening relations between production sectors; and the introduction of a dispute settlement system.

Regarding tariff concessions between the Parties, Ecuador grants El Salvador preferential tariff treatment for 214 items, while El Salvador grants Ecuador preferences for 207 items.

The Agreement also contains provisions on the following disciplines: rules of origin (Annex IV.1), customs procedures and trade facilitation, sanitary and phytosanitary measures, technical barriers to trade, trade defence, trade cooperation, and dispute settlement.
"
135,Latin American Integration Association (LAIA)," Chile, Uruguay",Goods,2022-02-21,2016-10-04,2018-12-13,"AAP.CE 73 (Articles 7 and 8 of the TM80)

Partial Scope Economic Complementarity Agreement No. 73 (AAP.CE 73) provides for the establishment of a Free Trade Zone between the Parties and recognizes its coexistence with existing international agreements.

Likewise, it incorporates the Liberalization Programme and Origin Regime set forth in AAP.CE 35 and contains provisions concerning various domains, such as trade facilitation; small and medium-sized enterprises; competition policy; intellectual property; labour; the environment; trade and gender; and transparency and anti-corruption.
"
135,Latin American Integration Association (LAIA)," Brazil, Paraguay",Goods,2022-02-21,2020-02-11,,"AAP.CE 74 (Articles 7 and 8 of the TM80)

Partial Scope Economic Complementarity Agreement No. 74 (AAP.CE 74) sets out the intention of the Parties to undertake concrete actions to strengthen reciprocal integration and step up cooperation in the economic field and in other areas agreed by the Parties.

The Parties also express their willingness and commitment to seek the full alignment of the automotive sector with MERCOSUR, based on the Treaty of Asunción and the Ouro Preto Protocol.

The commitments agreed by the Parties within the scope of this Agreement shall be incorporated through the signing of additional protocols.
"
135,Latin American Integration Association (LAIA)," Argentina, Bolivia, Plurinational State of, Brazil, Chile, Colombia, Cuba, Ecuador, Mexico, Paraguay, Peru, Uruguay, Venezuela, Bolivarian Republic of",Goods,2022-12-28,2020-08-13,2022-05-16,"AAP.CE 75 (Articles 7 and 8 of the TM80)

Partial Scope Economic Complementarity Agreement No. 75 (AAP.CE 75) provides for the establishment of a Free Trade Zone between Chile and Ecuador and sets out provisions on various topics, including the following: tariff preferences, rules of origin, trade facilitation, trade defence, good regulatory practices, sanitary and phytosanitary measures, technical barriers to trade, government procurement, competition policy, regional and global value chains, trade and labour, trade and the environment, trade and gender, economic and trade cooperation, and transparency and anti-corruption.
"
135,Latin American Integration Association (LAIA)," Argentina, Bolivia, Plurinational State of, Brazil, Chile, Colombia, Cuba, Ecuador, Mexico, Paraguay, Peru, Uruguay, Venezuela, Bolivarian Republic of",Goods,2024-12-20,2019-02-07,,"AAP.A25TM 47 (Article 25 of the TM80)

Partial Scope Agreement No. 47 under Article 25 of the TM80 (AAP.A25TM 47) provides for the granting of preferential tariff treatment between the Parties for goods included in Annexes I and II, on which the Parties shall not adopt or maintain non-tariff restrictions.
AAP.A25TM 47 also contains provisions on the following disciplines: rules of origin, safeguards, unfair trade practices, sanitary and phytosanitary measures, customs procedures and trade facilitation.
"
135,Latin American Integration Association (LAIA)," Mexico, Peru",Goods,2020-03-10,1987-03-25,1987-03-25,"AAP.CE 8 (Articles 7 and 8 of the TM80)

Partial Scope Economic Complementarity Agreement No. 8 (AAP.CE 8) is intended to strengthen economic and trade relations between the parties. For this purpose, a trade liberalization programme is established, set out in Annexes I and II, where the negotiated tariff preferences and other conditions agreed upon by the parties are recorded.

In addition, AAP.CE 8 includes provisions on origin (Chapter IV) and safeguard clauses (Chapter V).

AAP.CE 8 ceased to have effect on 1 February 2012 with the entry into force of AAP.CE 67."
135,Latin American Integration Association (LAIA)," Argentina, Peru",Goods,2020-03-10,1988-03-11,1988-04-01,"AAP.CE 9 (Articles 7 and 8 of the TM80)

Partial Scope Economic Complementarity Agreement No. 9 (AAP.CE 9) has as its purpose to strengthen economic and trade relations between the parties. For this purpose, a trade liberalization programme is established, set out in Annexes I and II, in which the negotiated tariff preferences and other conditions agreed upon by the parties are recorded.

In addition, AAP.CE 9 contains provisions on origin (Chapter IV) and safeguard clauses (Chapter V).

As of the entry into force of AAP.CE 48, on 1 August 2000, the tariff preferences negotiated in this Agreement and the associated regulatory aspects ceased to have effect. However, the provisions relating to matters not covered by AAP.CE 48 and those that are not incompatible with it remain in force. Subsequently, AAP.CE 48 was replaced by AAP.CE 58 and AAP.CE 59."
135,Latin American Integration Association (LAIA)," Argentina, Venezuela, Bolivarian Republic of",Goods,2020-03-10,1986-04-11,1986-04-11,"AAP.CE 10 (Articles 7 and 8 of the TM80)

Partial Scope Economic Complementarity Agreement No. 10 (AAP.CE 10) has as its purpose to record the preferences granted between both Governments for the import of the negotiated products (Annexes I and II), and also the specific origin requirements (Annex III). 

In addition, it nullifies the preferences granted under AAP.R 7.

This Agreement ceased to have effect with the entry into force of AAP.CE 20, later superseded by AAP.CE 48, which entered into force on 1 August 2000, itself later superseded by AAP.CE 58 and AAP.CE 59."
135,Latin American Integration Association (LAIA)," Argentina, Colombia",Goods,2020-03-11,1988-04-28,1988-08-01,"AAP.CE 11 (Articles 7 and 8 of the TM80)

Partial Scope Economic Complementarity Agreement No. 11 (AAP.CE 11) has as its aim the strengthening of economic and trade relations between the parties. For this purpose, a trade liberalization programme is established, reflected in Annexes I and II, in which the negotiated tariff preferences and other conditions agreed upon by the parties are recorded.

In addition, AAP.CE 11 contains provisions regarding origin that refer to Resolution 78 of the Committee of Representatives (Chapter IV) and safeguard clauses that refer to Resolution 70 of the same body (Chapter V).

As of the entry into force of the AAP.CE 48, on 1 August 2000, the tariff preferences negotiated in this Agreement and the associated regulatory aspects ceased to have effect. However, the provisions dealing with matters not covered by AAP.CE 48 and those that are not incompatible with it remain in force."
135,Latin American Integration Association (LAIA)," Argentina, Brazil",Goods,2020-03-11,1988-09-09,1988-09-01,"AAP.CE 12 (Articles 7 and 8 of the TM80)

Partial Scope Economic Complementarity Agreement No. 12 (AAP.CE 12) establishes as a goal to be reached by the end of 1993, that the ""common list of industrialized foodstuffs"" negotiated in this Agreement, represents at least 50% of the products selected in the ""domain of industrialized foodstuffs"".

This Agreement ceased to have effect with the entry into force of AAP.CE 14, on 20 December 1990.
"
135,Latin American Integration Association (LAIA)," Argentina, Paraguay",Goods,2020-03-11,1989-11-28,1989-11-28,"AAP.CE 13 (Articles 7 and 8 of the TM80)

Partial Scope Economic Complementarity Agreement No. 13 (AAP.CE 13) establishes a trade liberalization programme through which Argentina grants Paraguay a 100% preference in respect of products stipulated in Annex I, while Paraguay grants Argentina an annual and cumulative preference of 20%, increasing to 100% in five years (Annex II).

AAP.CE 13 incorporates provisions on economic cooperation and industrial complementarity."
135,Latin American Integration Association (LAIA)," Argentina, Brazil",Goods,2020-03-11,1990-12-20,1990-12-20,"AAP.CE 14 (Articles 7 and 8 of the TM80)

Partial Scope Economic Complementarity Agreement No. 14 (AAP.CE 14) includes the entire tariff domain of goods classified under the LAIA tariff nomenclature and has among its objectives to facilitate the creation of the necessary conditions for the establishment of a common market between Argentina and Brazil. To this end, both countries agree to eliminate, by 31 December 1994, the levies and other restrictions applied in their reciprocal trade.
"
135,Latin American Integration Association (LAIA)," Bolivia, Plurinational State of, Uruguay",Goods,2020-03-11,1991-04-12,1991-04-12,"AAP.CE 15 (Articles 7 and 8 of the TM80)

Partial Scope Economic Complementarity Agreement No. 15 (AAP.CE 15) establishes a trade liberalization programme that will gradually lead to the total elimination of levies and other restrictions that affect the import of products originating in and coming from their respective territories. This trade liberalization programme will be given effect through percentage preferences negotiated between the parties, and preferences negotiated through industrial 
complementarity agreements.

This Agreement has been partially superseded by the AAP.CE 36. The provisions of AAP.CE 15 that are not related to the trade liberalization programme and that have not been addressed in AAP.CE 36 will remain in force."
135,Latin American Integration Association (LAIA)," Argentina, Chile",Goods,2020-03-11,1991-08-02,1991-08-02,"AAP.CE 16 (Articles 7 and 8 of the TM80)

Partial Scope Economic Complementarity Agreement No. 16 (AAP.CE 16) is aimed at facilitating, expanding and diversifying trade. In addition, it aims to promote reciprocal investment, to encourage entrepreneurship and to facilitate the development of projects of common interest.

This Agreement incorporates, as from 1 January 1992, the products negotiated by the signatory countries within the framework of LAIA, with due consideration for the preferences and special arrangements, in the following instruments:

(I) Partial Scope Renegotiation Agreement No. 26
(II) Partial Scope Agreement of a Commercial Nature No. 5
(III) Partial Scope Agreement of a Commercial Nature No. 16
(IV) Partial Scope Agreement of a Commercial Nature No. 21"
135,Latin American Integration Association (LAIA)," Chile, Mexico",Goods,2020-03-11,1991-09-22,1991-09-22,"AAP.CE 17 (Articles 7 and 8 of the TM80)

Partial Scope Economic Complementarity Agreement No. 17 (AAP.CE 17) has as its objective to establish a tariff reduction programme through which, from 1 January 1992, negotiated products will be exempt from tariff restrictions, following an exemption schedule.

In addition, the signatory countries undertake not to introduce new restrictions on imports originating in the other Party.

AAP.CE 17 ceased to have effect on 1 August 1999 with the entry into force of AAP.CE 41."
135,Latin American Integration Association (LAIA)," Argentina, Brazil, Paraguay, Uruguay",Goods,2020-03-11,1991-11-29,1991-11-29,"AAP.CE 18 (Articles 7 and 8 of the TM80)

Partial Scope Economic Complementarity Agreement No. 18 (AAP.CE 18) has as its objective to set in place the necessary conditions for the establishment of the common market to be set up pursuant to the Treaty of Asunción dated 26 March 1991, whose main instruments during the transition period are:

• A trade liberalization programme consisting of progressive, linear and automatic tariff reductions, accompanied by the elimination of non-tariff restrictions or measures with equivalent effects; and also of other restrictions on trade between the States Parties, with the aim of achieving zero tariffs by 31 December 1994, without any non-tariff restrictions anywhere in the entire tariff regime;
• The coordination of macroeconomic policies that will be carried out gradually and in convergence with the tariff reduction programmes and programmes to eliminate non-tariff restrictions indicated in the previous section;
• A common external tariff, designed to boost the foreign competitiveness of the signatory countries;
• The adoption of sectoral agreements, designed to optimize the use and mobility of production factors and to achieve efficient operational scales.

In addition, AAP.CE 18 includes provisions on the Origin Regime (Annex I) and safeguard clauses (Annex II)."
135,Latin American Integration Association (LAIA)," Argentina, Bolivia, Plurinational State of",Goods,2020-03-11,1992-04-28,1992-04-28,"AAP.CE 19 (Articles 7 and 8 of the TM80)

Partial Scope Economic Complementarity Agreement No. 19 (AAP.CE 19) aims to improve economic and commercial cooperation between both countries. For this purpose, a trade liberalization programme is envisaged, along with provisions regarding the origin regime and safeguard clauses.

This Agreement was partially superseded by AAP.CE 36.

In accordance with the provisions of Article 42 of AAP.CE 36, the provisions of AAP.CE 19 not related to the trade liberalization programme that have not been addressed in AAP.CE 36. will remain in force by virtue of their strictly bilateral nature."
135,Latin American Integration Association (LAIA)," Argentina, Venezuela, Bolivarian Republic of",Goods,2020-03-11,1992-10-06,1995-08-06,"AAP.CE 20 (Articles 7 and 8 of the TM80)

Partial Scope Economic Complementarity Agreement No. 20 (AAP.CE 20) provides that the products negotiated by the signatory countries within the framework of LAIA shall be incorporated into its text as of 1 October 1992, and that they shall be included in the following instruments, with due regard for the preferences special arrangements set out in the said agreements.

(I) Partial Scope Economic Complementarity Agreement No. 10.
(II) Partial Scope Agreement of a Commercial Nature No. 5.
(III) Partial Scope Agreement of a Commercial Nature No. 13.
(IV) Partial Scope Agreement of a Commercial Nature No. 18.

This Agreement was superseded upon the entry into force of AAP.CE 48, on 1 August 2000, and the negotiated tariff preferences and associated regulatory aspects ceased to have effect. In addition, AAP.CE 48 ceased to have effect upon the entry into force of AAP.CE 58 and AAP.CE 59, on 5 January 2005."
135,Latin American Integration Association (LAIA)," Argentina, Ecuador",Goods,2020-03-11,1993-05-13,,"AAP.CE 21 (Articles 7 and 8 of the TM80)

Partial Scope Economic Complementarity Agreement No. 21 (AAP.CE 21) has as its purpose to establish the basis for the growing and progressive integration of the economies of the signatory countries. For this purpose, the preferences negotiated in AAP.R 5 and in AAP.CE 3 are incorporated into AAP.CE 21.

This Agreement was superseded upon the entry into force of AAP.CE 48, on 1 August 2000, the negotiated tariff preferences and the associated regulatory aspects ceasing to have effect. In addition, AAP.CE 48 ceased to have effect upon the entry into force of AAP.CE 58 and AAP.CE 59, on 1 April 2005."
135,Latin American Integration Association (LAIA)," Bolivia, Plurinational State of, Chile",Goods,2020-03-11,1993-04-06,1993-04-06,"AAP.CE 22 (Articles 7 and 8 of the TM80)

Partial Scope Economic Complementarity Agreement No. 22 (AAP.CE 22) has as its purpose to establish the basis for the growing and gradual integration of the economies of the signatory countries.

To this end, they establish a liberalization programme, through which the parties agree to grant tariff preferences on a list of products and undertake to make maximum efforts to prevent the application of measures likely to impede reciprocal trade.

With regard to the origin regime, the LAIA general origin rules will be applied, as approved by Resolution 78 of the Representatives Committee. In addition, where the safeguard clauses are concerned, the parties may apply the regional safeguard arrangements approved by Resolution 70 of the Committee of Representatives.

At the same time, AAP.CE 22 establishes a regional dispute resolution regime that provides for the conduct of consultations between the parties through the specific procedures established in Article 27."
135,Latin American Integration Association (LAIA)," Chile, Venezuela, Bolivarian Republic of",Goods,2020-03-11,1993-04-02,1993-04-02,"AAP.CE 23 (Articles 7 and 8 of the TM80)

Partial Scope Economic Complementarity Agreement No. 23 (AAP.CE 23) aims to establish an enlarged economic area across the two countries.

To this end, a tariff reduction programme is established, pursuant to which the products included therein will be totally exempt, as of 1 July 1993, from non-tariff restrictions.

Where the origin regime is concerned, the LAIA general origin rules will be applied, approved by Resolution 78 of the Representatives Committee. In addition, where the safeguard clauses are concerned, the parties may apply the regional safeguards arrangements approved by Resolution 70 of the Committee of Representatives."
135,Latin American Integration Association (LAIA)," Chile, Colombia",Goods,2020-03-11,1993-12-06,1993-12-06,"AAP.CE 24 (Articles 7 and 8 of the TM80)

The purpose of the Partial Scope Economic Complementarity Agreement No. 24 (AAP.CE 24) is to establish an expanded economic area between the two countries that allows the free circulation of goods, services and productive factors.

To this end, the Parties agree on a tariff reduction programme that will begin on 1 January 1994. Likewise, the products included in the tariff reduction programme will enjoy the total elimination of non-tariff restrictions.

With regard to the origin regime, the LAIA general origin rules will be applied, as approved by Resolution 78 of the Representatives Committee. In addition, where the safeguard clauses are concerned, the parties may apply the regional safeguard arrangements approved by Resolution 70 of the Committee of Representatives."
135,Latin American Integration Association (LAIA)," Brazil, Peru",Goods,2020-03-11,1993-12-31,1994-09-28,"AAP.CE 25 (Articles 7 and 8 of the TM80)

Partial Scope Economic Complementarity Agreement No. 25 (AAP.CE 25) is intended to improve bilateral economic relations between the parties, and also to strengthen bilateral commercial relations on a sound basis of dynamic balance, taking into account both qualitative and quantitative aspects. 

To this end, Annexes I and II of AAP.CE 25 set out the preferences, special arrangements and other conditions agreed upon by the signatory countries for the import of negotiated products, originating in their respective territories, classified in accordance with the LAIA tariff nomenclature based on the Harmonized System of Designation and Codification of Goods (NALADISA). It also includes provisions relating to the origin regime and safeguard clauses, among others.

Upon the entry into force of AAP.CE 39, on 16 August 1999, the negotiated tariff preferences and the associated regulatory aspects ceased to have effect. However, the provisions of this Agreement and its protocols that deal with matters not covered by AAP.CE 39 and those that are not incompatible with the Agreement remain in force."
135,Latin American Integration Association (LAIA)," Bolivia, Plurinational State of, Brazil",Goods,2020-03-12,1994-01-27,1994-01-27,"AAP.CE 26 (Articles 7 and 8 of the TM80)

Partial Scope Economic Complementarity Agreement No. 26 (AAP.CE 26) aims to improve bilateral economic relations between the Parties, and also to strengthen bilateral trade relations on a sound basis of dynamic balance, taking into account both qualitative and quantitative aspects.

To this end, Annexes I and II of AAP.CE 26 set out the preferences, special arrangements and other conditions agreed on by the signatory countries for the import of negotiated products originating in their respective territories and classified in accordance with the LAIA tariff nomenclature based on the Harmonized System (NALADISA).

It also includes provisions on the origin regime and safeguard clauses, among others.

Under the provisions of AAP.CE 26.2, the Agreement expired on 31 December 1995. The Agreement was superseded by AAP.CE 36."
135,Latin American Integration Association (LAIA)," Brazil, Venezuela, Bolivarian Republic of",Goods,2020-03-12,1994-07-15,1995-01-31,"AAP.CE 27 (Articles 7 and 8 of the TM80)

Partial Scope Economic Complementarity Agreement No. 27 (AAP.CE 27) is intended to improve economic and trade relations between the Parties through the elimination of non-tariff restrictions and the strengthening of negotiated preferences.

To this end, a trade liberalization programme is established in Annexes I and II. In addition, where the general origin rules are concerned, application of Resolution 78 of the Committee of Representatives is stipulated, along with the adoption of Resolution 70 of the same body on safeguard clauses.

Upon the entry into force of the AAP.CE 39, on 16 August 1999, the tariff preferences negotiated in this Agreement and the associated regulatory aspects ceased to have effect. However, the provisions dealing with matters not covered by the AAP.CE 39 and those that are not incompatible with that Agreement remain in force."
135,Latin American Integration Association (LAIA)," Ecuador, Uruguay",Goods,2020-03-12,1994-05-01,,"AAP.CE 28 (Articles 7 and 8 of the TM80)

Partial Scope Economic Complementarity Agreement No. 28 (AAP.CE 28) aims to facilitate, expand, diversify and liberalize the trade between the signatory countries, and also to promote reciprocal investments and encourage entrepreneurship among other aims.

To this end, on their reciprocal imports the parties shall grant each other tariff preference of 50% of the levies applicable to imports from third countries not members of LAIA, with a list of exceptions (Annex I).

Upon the entry into force of AAP.CE 59, on 1 April 2005, the tariff preferences negotiated in this Agreement and the regulatory aspects associated with them ceased to have effect. However, the provisions of AAP.CE 28 that are not incompatible with AAP.CE 59 or that refer to matters not covered by that Agreement remain in force."
135,Latin American Integration Association (LAIA)," Bolivia, Plurinational State of, Paraguay",Goods,2020-03-12,1994-03-15,1994-03-15,"AAP.CE 29 (Articles 7 and 8 of the TM80)

Partial Scope Economic Complementarity Agreement No. 29 (AAP.CE 29) aims to strengthen economic and trade relations between the signatory countries by eliminating non-tariff restrictions on bilateral trade and by deepening and broadening negotiated preferences, for which purpose the Parties shall establish a trade liberalization programme.

As established in AAP.CE 29.3 this Agreement was in force until 31 December 1995. It was subsequently replaced by AAP.CE 36.
"
135,Latin American Integration Association (LAIA)," Ecuador, Paraguay",Goods,2020-03-12,1994-09-15,,"AAP.CE 30 (Articles 7 and 8 of the TM80)

Partial Scope Economic Complementarity Agreement No. 30 (AAP.CE 30) aims to expand, facilitate, promote and diversify trade between both countries. To this end, they established a liberalization programme under which the parties agreed to grant a tariff preference of 40% of the taxes applicable to imports from third countries. In addition, only the restrictions stipulated in the Supplementary Notes may be imposed on the imports of negotiated products.

Where the origin regime is concerned, the LAIA general origin rules shall be applied, approved by Resolution 78 of the Representatives Committee. In addition, where the safeguard clauses are concerned, the parties may apply the regional safeguard arrangements approved by Resolution 70 of the Committee of Representatives.

Upon the entry into force of AAP.CE 59, on 19 April 2005, the tariff preferences negotiated in this Agreement and the associated regulatory aspects ceased to have effect. However, the provisions of AAP.CE 30 that are not incompatible with AAP.CE 59 or that refer to matters not covered by that agreement, remain in force."
135,Latin American Integration Association (LAIA)," Bolivia, Plurinational State of, Mexico",Goods,2020-03-12,1994-09-10,1995-01-01,"AAP.CE 31 (Articles 7 and 8 of the TM80)

Partial Scope Economic Complementarity Agreement No. 31 (AAP.CE 31) sets in place a trade liberalization compact under which the parties will progressively eliminate their customs tariffs but may maintain those that are in accordance with their GATT rights and obligations.

Chapter V of the Agreement sets out the rules that will govern the classification of the origin of the goods subject to trade.

In addition, in the event of disputes between the parties, the procedures established in Chapter XIX shall apply.

AAP.CE 31 was denounced by Bolivia on 7 December 2009, with effect from 7 June 2010. Subsequently, AAP.CE 66 was signed between the parties."
135,Latin American Integration Association (LAIA)," Chile, Ecuador",Goods,2020-03-12,1994-12-20,1994-12-20,"AAP.CE 32 (Articles 7 and 8 of the TM80)

Partial Scope Economic Complementarity Agreement No. 32 (AAP.CE 32) aims to establish, at the earliest possible stage, an expanded economic area between the two countries, allowing the free circulation of goods, services and productive factors. To this end, the Parties agreed to remove levies from reciprocal trade by 1 January 2000, in accordance with an automatic phase-out schedule.

For the purposes of classifying the origin of the negotiated products, the signatory countries adopt the General Rules of LAIA, and also the LAIA regional safeguard arrangements.

Where the settlement of disputes is concerned, the countries will abide by the procedures established in Article 32 of AAP.CE 32.

This Agreement ceased to have effect upon the entry into force of AAP.CE 65, on 25 January 2010."
135,Latin American Integration Association (LAIA)," Colombia, Mexico, Venezuela, Bolivarian Republic of",Goods,2020-03-12,1994-06-13,1995-01-01,"AAP.CE 33 (Articles 7 and 8 of the TM80)

Partial Scope Economic Complementarity Agreement No. 33 (AAP.CE 33) creates a trade liberalization agreement between the signatory countries, with the objective of stimulating the expansion and diversification of trade between the parties, and also eliminating trade barriers and facilitating the circulation of goods and services, among other aims.

To this end, a trade liberalization programme is established. AAP.CE 33 comprises 23 chapters with provisions on the automotive sector and the agricultural sector and measures on animal and plant health, along with an origin regime and safeguard clauses, among others.

It should be noted that Venezuela formally submitted an application to denounce AAP.CE 33, on 25 May 2006, which took effect 180 days after the notification of the signatory parties and the LAIA General Secretariat, in accordance with the provision of Article 23-08 of the Agreement, that deadline being reached on 19 November 2006.

"
135,Latin American Integration Association (LAIA)," Argentina, Bolivia, Plurinational State of, Brazil, Paraguay, Uruguay",Goods,2020-03-12,1995-12-07,1996-01-01,"AAP.CE 34 (Articles 7 and 8 of the TM80)

Partial Scope Economic Complementarity Agreement No. 34 (AAP.CE 34) has as its objective the multilateralization of the preferences pursuant upon AAP.CE 15, 19, 26 and 29, with a view to the formation, at a later stage, of a free trade area, within a period of 10 years.

This Agreement was in force until 28 February 1997, the date on which AAP.CE 36 came into force."
135,Latin American Integration Association (LAIA)," Argentina, Brazil, Chile, Paraguay, Uruguay",Goods,2020-03-12,1996-06-25,1996-10-01,"AAP.CE 35 (Articles 7 and 8 of the TM80)

Partial Scope Economic Complementarity Agreement No. 35 (AAP.CE 35) aims to set in place a legal and institutional framework for cooperation and economic and physical integration conducive to the creation of an enlarged economic area to facilitate the free movement of goods and services and full use of productive factors.

In addition, it is intended to form a free trade area between the Parties within a maximum period of 10 years, through the expansion and diversification of trade and the elimination of tariff and non-tariff restrictions that affect reciprocal trade. For this purpose, a trade liberalization programme detailed in Title 2 of AAP.CE 35, Articles 2–12, is established.

Likewise, AAP.CE 35 contains provisions in the following domains: origin regime, unfair trade practices, defence of competition and of the consumer, settlement of disputes and customs valuation, among others."
135,Latin American Integration Association (LAIA)," Argentina, Bolivia, Plurinational State of, Brazil, Paraguay, Uruguay",Goods,2020-03-13,1996-12-17,1997-02-28,"AAP.CE 36 (Articles 7 and 8 of the TM80)

Partial Scope Economic Complementarity Agreement No. 36 (AAP.CE 36) sets in place a legal and institutional framework for economic and physical cooperation and integration conducive to the creation of an enlarged economic area that will facilitate the free movement of goods and services and the full use of productive factors.

In addition, it is intended to form a free trade area between the contracting parties within a maximum period of 10 years, through the expansion and diversification of trade and the elimination of tariff and non-tariff restrictions that affect reciprocal trade. For this purpose, a trade liberalization programme detailed in Title 2 of AAP.CE 36, Articles 2-11, is established.

Likewise, AAP.CE 36 contains provisions in the following domains: origin regime, unfair trade practices and practices restricting competition, export incentives, settlements of disputes and customs valuation, among others."
135,Latin American Integration Association (LAIA)," Chile, Peru",Goods,2020-03-13,1998-06-22,1998-07-01,"AAP.CE 38 (Articles 7 and 8 of the TM80)

Partial Scope Economic Complementarity Agreement No. 38 (AAP.CE 38) aims to establish, at the earliest possible stage, an enlarged economic area between the signatory countries, allowing the free circulation of goods and services and facilitating the full use of productive factors. To this end, the parties agree to liberalize their reciprocal trade through a tariff reduction programme.

In addition, AAP.CE 38 includes provisions on origin (Annex 3) and safeguard clauses (Annex 4), together with chapters related to, among other issues, unfair trade practices, sanitary and phytosanitary measures, cooperation, etc."
135,Latin American Integration Association (LAIA)," Brazil, Colombia, Ecuador, Peru, Venezuela, Bolivarian Republic of",Goods,2020-03-13,1999-08-12,1999-08-16,"AAP.CE 39 (Articles 7 and 8 of the TM80)

Partial Scope Economic Complementarity Agreement No. 39 (AAP.CE 39) provides that the signatory parties shall agree to establish fixed preference margins, as a first step towards the creation of a free trade area between the Andean Community and MERCOSUR.

In various annexes, the tariff preferences and other agreed conditions for the import of negotiated products originating in the respective territories of the parties are registered, classified in accordance with the 1993 LAIA tariff nomenclature based on the Harmonized System (NALADISA 1993) (Annexes I – Preferences granted by the Andean Community; Annex II – Preferences granted by Brazil; and Annex III – Preferences that Ecuador receives from and grants to Brazil, in the products on its Special List).

Where the origin regime is concerned, the general origin rules established in Resolution 78 of the Representatives Committee shall apply and the specific origin requirements are set out in Annex IV.

In addition, AAP.CE 39 includes provisions on anti-dumping and compensation measures, safeguard clauses and the settlement of disputes, among others.

This Agreement ceased to have effect with the entry into force of AAP.CE 58 and AAP.CE 59, on 1 February 2005, between Brazil and Colombia; on 1 April 2005 between Brazil and Ecuador; on 1 February 2005, between Brazil and Venezuela; and on 2 January 2006, between Brazil and Peru. However, the provisions of this Agreement that are not incompatible with AAP.CE 58 and with AAP.CE 59, when they refer to matters not covered by these agreements, remain in force.
"
135,Latin American Integration Association (LAIA)," Cuba, Venezuela, Bolivarian Republic of",Goods,2020-03-13,1999-08-27,2001-08-28,"AAP.CE 40 (Articles 7 and 8 of the TM80)

Partial Scope Economic Complementarity Agreement No. 40 (AAP.CE 40) aims to facilitate, expand, diversify and promote trade between the parties and all operations associated with such trade. It is based on the granting of preferences relating to the levies and other restrictions applied by the parties to the import of negotiated products, when they originate from their respective territories.

In addition, it incorporates an origin regime (Annex III), and also provisions relating to safeguards, unfair trade practices (subsidies and dumping), technical standardization, cooperation and other domains."
135,Latin American Integration Association (LAIA)," Chile, Mexico",Goods,2020-03-13,1998-04-17,1999-08-01,"AAP.CE 41 (Articles 7 and 8 of the TM80)

Partial Economic Complementary Scope Agreement No. 41 (AAP.CE 41) sets in place a
trade liberalization compact, under which the parties agree to eliminate all customs duties on goods originating from their territories, with a list of exceptions and goods subject to a duties phase-out schedule. 

In addition, it incorporates an origin regime (Chapter IV), and also provisions on safeguard clauses, sanitary and phytosanitary measures, technical standardization, cooperation and other domains.
"
135,Latin American Integration Association (LAIA)," Chile, Cuba",Goods,2020-03-13,1999-12-20,2008-06-27,"AAP.CE 42 (Articles 7 and 8 of the TM80)

Partial Scope Economic Complementarity Agreement No. 42 (AAP.CE 42) has among other objectives to facilitate, expand, diversify and promote the trade of goods between the parties. To this end, the parties agree to grant each other preferences on the levies in force for third countries (Annexes I in favour of Chile and Annex II in favour of Cuba).

At the same time, AAP.CE 42 includes provisions on: non-tariff restrictions, origin regime, safeguard clauses, technical rules and regulations, sanitary and phytosanitary measures, commercial cooperation and others.
"
135,Latin American Integration Association (LAIA)," Brazil, Cuba",Goods,2020-03-13,1999-12-22,2000-01-01,"AAP.CE 43 (Articles 7 and 8 of the TM80)

Partial Scope Economic Complementarity Agreement No. 43 (AAP.CE 43) has as its objective to promote the growing trade between the signatory countries in a dynamic and balanced manner and, taking into account their respective levels of economic development, the granting of concessions that will allow them to strengthen and invigorate trade flows and achieve the widest qualitative diversification of trade.

To this end, the Parties agree to grant each other preferences on the levies in force for third countries (Annexes I and II).

At the same time, AAP.CE 43 contains provisions on the origin regime and safeguard clauses.

Upon the entry into force of AAP.CE 62, on 2 July 2007, between the parties, the tariff preferences negotiated in this Agreement and the associated regulatory aspects ceased to have effect. However, the provisions and their Protocols that are not incompatible with the AAP.CE 62, when they relate to 
matters not covered by the Agreement, remain in force."
135,Latin American Integration Association (LAIA)," Cuba, Uruguay",Goods,2020-03-13,1999-12-23,2000-01-01,"AAP.CE 44 (Articles 7 and 8 of the TM80)

Partial Scope Economic Complementarity Agreement No. 44 (AAP.CE 44) aims to strengthen and improve trade flows between countries, promoting the inclusion of basic and manufactured products in that trade.

To this end, the Parties agreed to grant each other preferences, special arrangements and special conditions for the import of negotiated products (Annexes I and II), originating in their respective territories, classified in accordance with the LAIA tariff nomenclature based on the Harmonized System (NALADISA).

At the same time, AAP.CE 44 includes provisions on the origin regime and safeguard clauses.

Upon the entry into force of AAP.CE 62, on 3 September 2008, between Cuba and Uruguay, the tariff preferences negotiated in the Agreement and the associated regulatory aspects ceased to have effect. However, the provisions that are not incompatible with AAP.CE 62, when they refer to matters not covered by the Agreement, remain in force."
135,Latin American Integration Association (LAIA)," Argentina, Cuba",Goods,2020-03-13,1999-12-30,2000-01-01,"AAP.CE 45 (Articles 7 and 8 of the TM80)

Partial Scope Economic Complementarity Agreement No. 45 (AAP.CE 45) has as its objective to promote the trade of the signatory countries at the highest level, through the reduction or elimination of levies and other restrictions imposed on the import of negotiated products.

To this end, the Parties agreed to grant preferences, special arrangements and special conditions for the import of negotiated products (Annexes I and II), originating in their respective territories, classified in accordance with the LAIA tariff nomenclature based on the Harmonized System (NALADISA).

At the same time, AAP.CE 45 contains provisions on the origin regime and safeguard clauses.

Upon the entry into force of AAP.CE 62, on 2 July 2007, between Argentina and Cuba, the tariff preferences negotiated in this Agreement and the associated regulatory aspects ceased to have effect. However, the provisions that are not incompatible with AAP.CE 62, when they refer to matters not covered by the Agreement, remain in force."
135,Latin American Integration Association (LAIA)," Cuba, Ecuador",Goods,2020-03-13,2000-05-10,2001-03-13,"AAP.CE 46 (Articles 7 and 8 of the TM80)

Partial Scope Economic Complementarity Agreement No. 46 (AAP.CE 46) has among other objectives the strengthening of reciprocal trade through the granting of tariff and non-tariff preferences.

AAP.CE 46 is based on the granting of preferences relating to the levies and other restrictions imposed by the Parties on the import of the products negotiated in that Agreement, when these originate in and come from their respective territories, registered in Annexes I and II.

Where the origin regime is concerned, the parties decide to adopt the general origin arrangements of the Association, the revised and consolidated text of which was approved by Resolution 252 of the LAIA Committee of Representatives.

In addition, AAP.CE 46 includes provisions on safeguards, unfair foreign trade practices, technical standardization and other issues."
135,Latin American Integration Association (LAIA)," Bolivia, Plurinational State of, Cuba",Goods,2020-03-13,2000-05-08,2001-08-22,"AAP.CE 47 (Articles 7 and 8 of the TM80)

Partial Scope Economic Complementarity Agreement No. 47 (AAP.CE 47) has among other objectives the strengthening of reciprocal trade through the granting of tariff and non-tariff preferences.

AAP.CE 47 is based on the granting of preferences relating to the levies and other restrictions imposed by the parties on the import of the products negotiated in the Agreement, when these originate from their respective territories, registered in the Annexes I and II.

Where the origin regime is concerned, the parties decide to adopt the Association's general origin arrangements, the revised and consolidated text of which was approved by Resolution 252 of the LAIA Committee of Representatives.

In addition, AAP.CE 47 contains provisions on safeguards, unfair foreign trade practices, technical standardization and other issues."
135,Latin American Integration Association (LAIA)," Argentina, Colombia, Ecuador, Peru, Venezuela, Bolivarian Republic of",Goods,2020-03-13,2000-06-29,2000-08-01,"AAP.CE 48 (Articles 7 and 8 of the TM80)

Partial Scope Economic Complementarity Agreement No. 48 (AAP.CE 48) stipulates that the signatory parties shall agree to establish fixed preference margins, as a first step towards creation of a free trade area between the Andean Community and MERCOSUR. To this end, the parties agree on a trade liberalization programme, detailed in Annexes I–III, under which the parties shall grant one another tariff preferences.

Where the general origin regime is concerned, that applicable to LAIA is adopted (Resolution 78 of the Representatives Committee), with the addition of specific origin requirements (Annex IV). In addition, the parties adopt Resolution 70 of the Committee of Representatives on safeguard clauses. As the same time, Annex V contains provisions on the settlement of disputes.

Upon the entry into force of AAP.CE 58 and AAP.CE 59, which took place between Argentina and Colombia on 1 February 2005, between Argentina and Ecuador on 1 April 2005, between Argentina and Venezuela on 5 January 2005 and between Argentina and Peru on 2 January 2006, the tariff preferences negotiated in this Agreement and the associated regulatory aspects ceased to have effect. However, the provisions that are not incompatible with AAP.CE 58 and with AAP.CE 59, when they relate to matters not covered by those Agreements, remain in force."
135,Latin American Integration Association (LAIA)," Colombia, Cuba",Goods,2020-03-13,2000-09-15,2001-07-14,"AAP.CE 49 (Articles 7 and 8 of the TM80)

Partial Scope Economic Complementarity Agreement No. 49 (AAP.CE 49) has among other objectives the boosting of reciprocal trade through the granting of tariff and non-tariff preferences.

AAP.CE 49 is based on the granting of preferences relating to the levies and other restrictions imposed by the parties on the import of the products negotiated in that Agreement, when these originate in and come from their respective territories, registered in Annexes I and II.

Where the origin regime is concerned, the parties decide to adopt the Association's general origin arrangements, the revised and consolidated text of which was approved by Resolution 252 of the LAIA Committee of Representatives.

In addition, AAP.CE 49 contains provisions on safeguards, external trade practices, technical standards and other issues.

This Agreement voids and replaces AAP.A25TM 33."
135,Latin American Integration Association (LAIA)," Cuba, Peru",Goods,2020-03-13,2000-10-05,2001-03-09,"AAP.CE 50 (Articles 7 and 8 of the TM80)

Partial Scope Economic Complementarity Agreement No. 50 (AAP.CE 50) has as objectives, among others, to facilitate, expand, strengthen and promote trade between the parties and all the operations associated with such trade.

AAP.CE 50 is based on the granting of preferences relating to the levies and other restrictions imposed by the Parties on the import of the products negotiated in that Agreement, when these originate in and come from their respective territories, registered in Annexes I and II.

Where the origin regime is concerned, the parties decide to adopt the Association's general origin arrangements, the revised and consolidated text of which was approved by Resolution 252 of the LAIA Committee of Representatives.

In addition, the AAP.CE 50 contains provisions on safeguards, unfair foreign trade practices, technical standards and other issues."
135,Latin American Integration Association (LAIA)," Cuba, Mexico",Goods,2020-03-13,2000-10-17,2001-02-28,"AAP.CE 51 (Articles 7 and 8 of the TM80)

Partial Scope Economic Complementarity Agreement No. 51 (AAP.CE 51) has. among other objectives, to promote and diversify the trade between the two countries, at the highest possible level, through the reduction or elimination of the levies and other restrictions applicable to the import of products.

AAP.CE 51 is based on the granting of preferences relating to the levies and other restrictions imposed by the parties to the import of the products negotiated in the Agreements, when these originate in and come from their respective territories, registered in Annexes I and II.

Where the origin regime in concerned, the parties decide to adopt the Association's general origin arrangements, the revised and consolidated text of which was approved by Resolution 252 of the LAIA Committee of Representatives.

In addition, AAP.CE 51 includes provisions on safeguards, unfair foreign trade practices, and technical standards, among other issues."
135,Latin American Integration Association (LAIA)," Cuba, Paraguay",Goods,2020-03-13,2000-11-20,2001-04-25,"AAP.CE 52 (Articles 7 and 8 of the TM80)

Partial Scope Economic Complementarity Agreement No. 52 (AAP.CE 52) has, among other objectives, the strengthening of trade through the granting of tariff preferences and the elimination or reduction of non-tariff restrictions between the parties.

To this end, the Parties agreed to grant each other preferences, special arrangements and special conditions for the import of the negotiated products (Annexes I and II), originating in their respective territories.

At the same time, AAP.CE 52 contains provisions on the origin rules (adoption of Resolution 78 of the Committee of Representatives) and on safeguard clauses, among others.

Upon the entry into force of AAP.CE 62, on 24 February 2009, the tariff preferences negotiated in this Agreement and the associated regulatory aspects ceased to have effect. However, the provisions that are not incompatible with AAP.CE 62, when they refer to matters not covered by that Agreement, remain in force."
135,Latin American Integration Association (LAIA)," Brazil, Mexico",Goods,2020-03-13,2002-07-03,2003-05-02,"AAP.CE 53 (Articles 7 and 8 of the TM80)

Partial Scope Economic Complementarity Agreement No. 53 (AAP.CE 53) aims to establish rules and disciplines for economic and trade relations between the parties, within the framework of the Montevideo Treaty of 1980.

It also promotes the development and diversification of trade flows, with the aim of deepening economic complementarity and stimulating investment flows, with a view to promoting the intensive use of markets and the competitive capacity of the parties.

To this end, the parties shall grant each other tariff preferences set out in Annexes I and II. In addition, a detailed origin regime and customs procedures for the control and verification of the origin of goods shall be drawn up (Chapter IV), together with other regulations on safeguards, unfair trade practices, economic cooperation, technical standards, technical regulations and procedures for the assessment of conformity, sanitary and phytosanitary measures and other measures."
135,Latin American Integration Association (LAIA)," Argentina, Brazil, Mexico, Paraguay, Uruguay",Goods,2020-03-13,2002-07-05,2006-01-05,"AAP.CE 54 (Articles 7 and 8 of the TM80)

Partial Scope Economic Complementarity Agreement No. 54 (AAP.CE 54) is a framework agreement for the creation of a free trade area between the States parties of MERCOSUR and the United Mexican States and has the purpose of establishing a legal framework that provides security and transparency to the economic agents of the Parties, and also establishes a regulatory framework to promote and encourage reciprocal investments.

Agreements already concluded or to be concluded by the United Mexican States with each of the States parties of MERCOSUR within the framework of the 1980 Montevideo Treaty and the automotive sector Agreement between MERCOSUR and the United Mexican States; and their respective annexes shall all form part of AP.CE 54."
135,Latin American Integration Association (LAIA)," Argentina, Brazil, Mexico, Paraguay, Uruguay",Goods,2020-03-13,2002-09-27,2003-01-01,"AAP.CE 55 (Articles 7 and 8 of the TM80)

Partial Scope Economic Complementarity Agreement No. 55 (AAP.CE 55) lays the foundations for the establishment of free trade in the automotive sector and the promotion of the integration and productive complementation of its automotive sectors. The provisions set out in AAP.CE 55 shall apply to the reciprocal trade in negotiated assets provided that they are new goods. It will cover vehicles itemized in the LAIA tariff nomenclature based on the Harmonized System (NALADISA), listed in Annex I.

At the same time, AAP.CE 55 includes four appendices with bilateral provisions: appendix I (Argentina–Mexico), appendix II (Brazil–Mexico), appendix III (Paraguay–Mexico) and appendix IV (Uruguay–Mexico)., together with an origin regime (Annex II)."
135,Latin American Integration Association (LAIA)," Argentina, Bolivia, Plurinational State of, Brazil, Colombia, Ecuador, Paraguay, Peru, Uruguay, Venezuela, Bolivarian Republic of",Goods,2020-03-13,2002-12-06,,"AAP.CE 56 (Articles 7 and 8 of the TM80)

Partial Scope Economic Complementarity Agreement No. 56 (AAP.CE 56) has the objective of creating a free trade area between the parties, whose negotiation must be concluded before 31 December 2003, through tariff reduction and the elimination of restrictions and other obstacles that affect reciprocal trade, in order to achieve the expansion and diversification of trade.

The agreements signed between member countries of the Andean Community and the States parties of MERCOSUR, within the framework of the Montevideo Treaty 1980, will form part of AAP.CE 56 and will have their validity extended until 31 December 2003. Where Bolivia is concerned, AAP.CE 36 shall be in force.

This is a framework agreement, by means of which parties signed AAP.CE 58 and 59."
135,Latin American Integration Association (LAIA)," Argentina, Uruguay",Goods,2020-03-13,2003-03-31,2003-05-01,"AAP.CE 57 (Articles 7 and 8 of the TM80)

Partial Scope Economic Complementarity Agreement No. 57 (AAP.CE 57) establishes conditions for bilateral trade between Argentina and Uruguay in products of the automotive sector, which will remain in force until the MERCOSUR automotive policy agreement is implemented.
"
135,Latin American Integration Association (LAIA)," Argentina, Brazil, Paraguay, Peru, Uruguay",Goods,2020-03-13,2005-11-30,2006-01-02,"AAP.CE 58 (Articles 7 and 8 of the TM80)

Partial Scope Economic Complementarity Agreement No. 58 (AAP.CE 58) has, among other objectives, to establish a legal and institutional framework for cooperation and economic and physical integration conducive to the creation of an expanded economic area that will facilitate the free circulation of goods and services and the full use of productive factors, under conditions of competition between the signatory parties.

To this end, the signatory parties will form a free trade area through a trade liberalization programme which will be applied to products originating in and coming from their respective territories. This programme shall consist of progressive and automatic reductions applicable to the levies in force for imports from third countries in each signatory country at the time of the application of the preferences in accordance with the provisions of its law.

In addition, AAP.CE 58 includes specific provisions on the origin regime (Annex V); safeguard clauses (Annex VI); settlement of disputes (Annex VII); system of rules, technical regulations and the conformity assessment (Annex VIII); system of sanitary and phytosanitary measures (Annex IX); and system of special measures (Annex X).
"
135,Latin American Integration Association (LAIA)," Argentina, Brazil, Colombia, Ecuador, Paraguay, Uruguay, Venezuela, Bolivarian Republic of",Goods,2020-03-13,2004-10-18,2005-01-05,"AAP.CE 59 (Articles 7 and 8 of the TM80)

Partial Scope Economic Complementarity Agreement No. 59 (AAP.CE 59) has among its objectives to set in place a legal and institutional framework of cooperation and economic and physical integration conducive to the creation of an expanded economic area. To this end, the signatory parties will form a free trade area through a trade liberalization programme, to be applied to products originating in and coming from their respective territories, which will consist of progressive and automatic reductions applicable to the levies in force for imports from third countries.

In addition, AAP.CE 59 includes specific provisions on the origin regime (Annex IV); the system of safeguard clauses (Annex V); the system for interim dispute settlement (Annex VI); the system of rules, technical regulations and the conformity assessment (Annex VII); the system of sanitary and phytosanitary measures (Annex VIII); and the system of special measures (Annex IX).

This Agreement incorporates the preferential tariff preferences negotiated previously between the signatory parties in the partial scope agreements concluded under LAIA, in the manner reflected in the trade liberalization programme.

In addition, this Agreement incorporates the tariff preferences and other access conditions previously negotiated in the regional scope agreements concluded under LAIA, in the manner reflected in the trade liberalization programme. However, the tariff preferences and other conditions of access that are being applied by the signatory parties on the date of signature of this Agreement, under the regional agreement relating to the regional tariff preferences and the regional agreements on the opening of markets in favour of economically less developed countries, to the extent that the said preferences and other conditions of access are more favourable than those established in this Agreement.

However, the provisions of the partial scope agreements and the regional scope agreements shall remain in force when they relate to matters not included in this Agreement.
"
135,Latin American Integration Association (LAIA)," Mexico, Uruguay",Goods,2020-03-13,2003-11-15,2004-07-15,"AAP.CE 60 (Articles 7 and 8 of the TM80)

Partial Scope Economic Complementarity Agreement No. 60 (AAP.CE 60) has among its objectives the establishment of a trade liberalization compact between the Parties.

Where its structure is concerned, the AAP.CE 60 has 20 chapters and regulates the following aspects, among others: Initial provisions, general definitions, access to markets, the origin regime and customs procedures for the management of the origin of goods, safeguard clauses, unfair practices, settlement of disputes, transparency, administration of the agreement, exceptions and final provisions.

Under the chapter on the access of goods to the market, the parties undertake not to increase any existing customs tariff, or adopt any new customs tariff, on originating goods subject to the tariff phase-out programme. In addition, the parties will eliminate their customs tariffs on originating goods in accordance with the provisions of the tariff phase out programme.
"
135,Latin American Integration Association (LAIA)," Colombia, Mexico, Venezuela, Bolivarian Republic of",Goods,2020-03-16,2004-12-07,2005-01-01,"AAP.CE 61 (Articles 7 and 8 of the TM80)

Partial Scope Economic Complementarity Agreement No. 61 (AAP.CE 61) aims to lay the groundwork for the establishment of free trade in the automotive sector and to promote the integration and productive complementarity of this sector and the sectors manufacturing televisions, fertilizers and disposable razors.

Each party undertakes to reduce its import taxes on automotive goods originating in the other party, which are classified under tariff headings 87.03 and 87.04 (except those with a gross vehicle weight greater than 8.8 tonnes) according to an established schedule.

Where the origin regime and settlement of conflicts are considered, the provisions set out in AAP.CE 33 are adopted.

This AAP.CE 61 was in effect from 1 January to 31 December 2005.
"
135,Latin American Integration Association (LAIA)," Argentina, Brazil, Cuba, Paraguay, Uruguay",Goods,2020-03-16,2006-07-21,2007-07-02,"AAP.CE 62 (Articles 7 and 8 of the TM80)

Partial Scope Economic Complementarity Agreement No. 62 (AAP.CE 62) has as its objective the promotion of trade between the signatory parties, through the reduction or elimination of the levies and other restrictions imposed on the import of the negotiated products.

Where its structure is concerned, the AAP.CE 62 is divided into 19 chapters which regulate the following aspects: trade liberalization (Annexes I, II and III), origin regime (Annexes IV), customs valuation, safeguard clauses (Annex V), anti-dumping and compensatory measures, technical barriers to trade (Annex VI), sanitary and phytosanitary measures (Annex VII), settlement of disputes (Annex VIII), and the promotion and exchange of trade information, among others.
"
135,Latin American Integration Association (LAIA)," Uruguay, Venezuela, Bolivarian Republic of",Goods,2020-03-16,2008-08-17,2009-04-03,"AAP.CE 63 (Articles 7 and 8 of the TM80)

Partial Scope Economic Complementarity Agreement No. 63 (AAP.CE 63) provides that the Bolivarian Republic of Venezuela shall grant a total tariff reduction and effective access for exportable products of the Eastern Republic of Uruguay, identified in the attached list.
"
135,Latin American Integration Association (LAIA)," Paraguay, Venezuela, Bolivarian Republic of",Goods,2020-03-16,2008-08-16,2009-06-05,"AAP.CE 64 (Articles 7 and 8 of the TM80)

Partial Scope Economic Complementarity Agreement No. 64 (AAP.CE 64) establishes that the Bolivarian Republic of Venezuela shall grant a total tariff reduction and effective access for exportable products of the Republic of Paraguay, identified in the attached list, which forms part of this Agreement.
"
135,Latin American Integration Association (LAIA)," Chile, Ecuador",Goods,2020-03-16,2008-03-10,2010-01-25,"AAP.CE 65 (Articles 7 and 8 of the TM80)

Partial Scope Economic Complementarity Agreement No. 65 (AAP.CE 65) incorporates a new Economic Complementarity Agreement, nullifying AAP.CE 32, and maintains the lists of exceptions set out in the 2007 LAIA tariff nomenclature based on the Harmonized System (NALADISA 2007).
"
135,Latin American Integration Association (LAIA)," Bolivia, Plurinational State of, Mexico",Goods,2020-03-16,2010-05-17,2010-06-07,"AAP.CE 66 (Articles 7 and 8 of the TM80)

Partial Scope Economic Complementarity Agreement No. 66 (AAP.CE 66) has as its objective stimulating the expansion and diversification of trade; eliminating barriers to trade and facilitating the movement of goods; promoting conditions of fair competition in trade; and establishing guidelines for further cooperation between the parties, among other aims.

Where its structure is concerned, AAP.CE 66 is divided into 6 parts and comprises 14 chapters, which regulate the following aspects: definitions; national treatment and access of goods to the market; agricultural sector and sanitary and phytosanitary measures; origin regime; customs procedures; global safeguard clauses; unfair international trade practices; standardization measures; transparency; administration of the agreement; settlement of disputes; exceptions and final provisions.

The chapter on access of goods to the market includes provisions on the elimination of all customs duties on originating goods (with the exception of meat and variety meats, dairy products, coffee products, cereals, flours, certain seeds, oils, sugars, cocoa preparations, fruit preparations, beverages, food industry residues, tobacco products, organic chemicals), and provisions are introduced on such issues as restrictions on customs duty drawbacks on exported products, programmes to defer or suspend customs duty payments, customs valuation, temporary importation of goods and duty-free import of samples of no commercial value.
"
135,Latin American Integration Association (LAIA)," Mexico, Peru",Goods,2020-03-16,2011-04-06,2012-02-01,"AAP.CE 67 (Articles 7 and 8 of the TM80)

Partial Scope Economic Complementarity Agreement No. 67 (AAP.CE 67) has as its objectives to stimulate the expansion and diversification of trade; to eliminate barriers to trade and facilitate the movement of goods; to promote conditions of fair competition in trade; and to establish guidelines for further cooperation between the parties, among others.

Where its structure is concerned, AAP.CE 67 has 19 chapters and regulates the following matters: initial provisions, general definitions, market access, the origin regime and procedures related to origin, mutual recognition of appellations of origin, safeguard clauses, sanitary and phytosanitary measures, technical barriers to trade, unfair practices, cross-border trade in services, investment, financial services, entry and temporary stay of business persons, mutual recognition of study certificates and academic degrees, settlement of disputes, transparency, administration of the agreement, exceptions and final provisions.

Pursuant to the chapter on the market access of goods, the parties undertake not to increase any existing customs tariff, or to adopt any new customs tariff, on originating goods subject to the tariff phase-out programme. In addition, the parties shall eliminate their customs tariffs on originating goods in accordance with the provisions of the tariff phase-out programme set out in the Annex to Article 3.4-A.
"
135,Latin American Integration Association (LAIA)," Argentina, Venezuela, Bolivarian Republic of",Goods,2020-03-16,2012-12-26,2013-01-02,"AAP.CE 68 (Articles 7 and 8 of the TM80)

Partial Scope Economic Complementarity Agreement No. 68 (AAP.CE 68), between Argentina and Venezuela, provides that the Parties shall grant each other a total tariff reduction on their imports, as of 1 January 2013 and 1 January 2014 respectively.

Both countries shall exempt the sugar and automotive sectors from this Agreement. In addition, Venezuela shall exempt certain products listed in Annexes I–IV for which it undertakes to grant the agreed level of tariff preferences and shall establish tariff phase out schedules.
"
135,Latin American Integration Association (LAIA)," Brazil, Venezuela, Bolivarian Republic of",Goods,2020-03-16,2012-12-26,2014-10-14,"AAP.CE 69 (Articles 7 and 8 of the TM80)

Partial Scope Economic Complementarity Agreement No. 69 (AAP.CE 69), between Brazil and Venezuela, provides that the parties shall grant each other a total tariff reduction on their imports, with immediate effect in the case of Brazil and as of 1 January 2014 in the case of Venezuela.

Both countries exempt the automotive sector from the Agreement. In addition, Venezuela exempts certain products listed the Annex I for which it undertakes to grant the agreed level of tariff preferences and shall establish tariff phase-out schedules.
"
135,Latin American Integration Association (LAIA)," Bolivia, Plurinational State of, Cuba, Nicaragua, Venezuela, Bolivarian Republic of",Goods,2020-03-16,2013-07-11,2014-01-30,"AAP.CE 70 (Articles 7 and 8 of the TM80)

Partial Scope Economic Complementarity Agreement No. 70 (AAP.CE 70) sets in place the necessary conditions for the implementation of the economic space of the Bolivarian Alternative for the Peoples of Our America – Peoples' Trade Agreement (ECOALBA-TCP).

AAP.CE 70 includes, among others, a Chapter II on stimulating the growth of trade, Chapter III on productive complementation, Chapter IV on convergence, Chapter V on cooperation arrangements, Chapter VI on administration of the Agreement, Chapter VII on adhesion, Chapter VIII on the settlement of disputes, and Chapter IX on validity and denunciation.

Where liberalization of the trade in goods is concerned, it is expected that, within a maximum period of two years from its entry into force, the signatory countries that have not yet liberalized their reciprocal trade across the entire tariff domain, should establish the respective tariff phase-out schedules. In addition, the countries agreed that, during the referred period and while the commitments that will govern trade between the signatory countries to the ALBA-TCP agreement are established, they shall form part of AAP.CE 70, AAP.CE 40 signed between Cuba and Venezuela, AAP.CE 47 signed between Bolivia and Cuba, and the agreement on trade between the peoples and on productive complementarity signed between Bolivia and Venezuela.
"
135,Latin American Integration Association (LAIA)," Cuba, Panama",Goods,2020-03-16,2009-03-16,2009-08-20,"AAP.CE 71 (Articles 7 and 8 of the TM80)

Partial Scope Economic Complementarity Agreement No. 71 (AAP.CE 71) includes chapters on market access, origin, safeguards, commercial defence, sanitary and phytosanitary regulations, trade cooperation and the settlement of disputes.
 
In the area of tariffs, Cuba grants Panama preferences for 261 items of its national nomenclature, of which 221 are at the level of 100%. Likewise, Panama grants Cuba preferences for 509 items of its national nomenclature, of which 427 items are at the 100% level.
"
135,Latin American Integration Association (LAIA)," Argentina, Bolivia, Plurinational State of, Brazil, Chile, Colombia, Ecuador, Mexico, Paraguay, Peru, Uruguay, Venezuela, Bolivarian Republic of",Goods,2020-03-17,1983-04-30,1983-05-01,"AAR.AM 1 (Articles 6 and 18 of the TM80)

Regional Market Opening Agreement No. 1 in favour of Bolivia (AAR.AM 1) establishes that the member countries shall eliminate, totally and immediately, in favour of Bolivia, customs duties and other restrictions, without reciprocity in the import of the products detailed in a market-opening list that each country has granted to Bolivia.
"
135,Latin American Integration Association (LAIA)," Argentina, Bolivia, Plurinational State of, Brazil, Chile, Colombia, Ecuador, Mexico, Paraguay, Peru, Uruguay, Venezuela, Bolivarian Republic of",Goods,2020-03-17,1983-04-30,1983-05-01,"AAR.AM 2 (Articles 6 and 18 of the TM80)

Regional Market Opening Agreement No. 2 in favour of Ecuador (AAR.AM 2) establishes that member countries shall eliminate, totally and immediately, in favour of Ecuador, customs duties and other restrictions, without reciprocity in the import of the products detailed in a market-opening list that each country has granted to Ecuador.
"
135,Latin American Integration Association (LAIA)," Argentina, Bolivia, Plurinational State of, Brazil, Chile, Colombia, Ecuador, Mexico, Paraguay, Peru, Uruguay, Venezuela, Bolivarian Republic of",Goods,2020-03-17,1983-04-30,1984-07-01,"AAR.AM 3 (Articles 6 and 18 of the TM80)

Regional Market Opening Agreement No. 3 in favour of Paraguay (AAR.AM 3) establishes that the member countries shall eliminate, totally and immediately, in favour of Paraguay, customs duties and other restrictions, without reciprocity in the import of the products detailed in a market-opening list that each country has granted to Paraguay.
"
135,Latin American Integration Association (LAIA)," Argentina, Bolivia, Plurinational State of, Brazil, Chile, Colombia, Ecuador, Mexico, Paraguay, Peru, Uruguay, Venezuela, Bolivarian Republic of",Goods,2020-03-17,1984-04-27,1984-07-01,"AAR.PAR 4 (Article 6 of the TM80)

Regional Scope Agreement No. 4 establishes the regional tariff preference (AAR.PAR 4) by which the member countries of the Association are granted a tariff preference on their reciprocal imports consisting of a percentage reduction of the duties applicable to imports from third countries, the initial magnitudes of which will be determined in accordance with the different categories of the countries.

Each member country may submit a list of products to be exempted from the PAR, in accordance with the provisions of Chapter VI.
"
135,Latin American Integration Association (LAIA)," Argentina, Bolivia, Plurinational State of, Brazil, Chile, Colombia, Ecuador, Mexico, Paraguay, Peru, Uruguay, Venezuela, Bolivarian Republic of",Goods,2020-03-17,1988-07-15,,"AAR.PREC 5 (Article 6 of the TM80)

Regional Scope Agreement No. 5, ""Regional Agreement for the Recovery and Expansion of Regional Trade"" (AAR.PREC 5), was concluded to prevent deepening imbalances in intraregional trade and to facilitate the import of products negotiated between the Parties.

This Agreement was never implemented because of failure to comply with the provisions of its validity clause, which indicated that ""this agreement shall enter into force as of 1 January 1989 provided that at least four of the signatory countries have put it into effect ...""."
135,Latin American Integration Association (LAIA)," Argentina, Bolivia, Plurinational State of, Brazil, Chile, Colombia, Ecuador, Mexico, Paraguay, Peru, Uruguay, Venezuela, Bolivarian Republic of",Goods,2020-03-17,1993-10-19,1994-04-04,"AAR.CYT 6 (Article 6 of the TM80)

Regional Scope Agreement No. 6, ""Regional Agreement for Scientific and Technological Cooperation"" (AAR.CYT 6), aims to promote regional cooperation through both the creation and development of knowledge and the acquisition, dissemination and application of technology, seeking at the same time to ensure the specialization, interdependence and complementarity of the actions carried out by the member countries in the framework of integration.

The member countries may develop joint actions, by pairs or in groups of countries, guided in the various aspects enumerated, among others, in Article 2, based on the implementation modalities detailed in Article 3.
"
135,Latin American Integration Association (LAIA)," Argentina, Bolivia, Plurinational State of, Brazil, Chile, Colombia, Cuba, Ecuador, Mexico, Paraguay, Peru, Uruguay, Venezuela, Bolivarian Republic of",Goods,2020-03-17,1988-10-27,1989-01-01,"AAR.CEYC 7 (Article 6 of the TM80)

Regional Scope Agreement 7, ""Regional Agreement for Cooperation and Trade in Assets in the Cultural, Educational and Scientific Areas"" (AAR.CEYC 7), is aimed at forming a common market of goods and cultural services designed to provide a broad framework for the educational, cultural and scientific cooperation of the signatory countries and to improve and raise the levels of education, training and reciprocal knowledge of the peoples of the region.
"
135,Latin American Integration Association (LAIA)," Argentina, Bolivia, Plurinational State of, Brazil, Chile, Colombia, Cuba, Ecuador, Mexico, Paraguay, Peru, Uruguay, Venezuela, Bolivarian Republic of",Goods,2020-03-17,1997-12-08,1998-07-30,"AAR.OTC 8 (Article 6 of the TM80)

Regional Scope Agreement 8, ""Framework Agreement for the Promotion of Trade by Overcoming Technical Barriers to Trade"" (AAR.OTC 8), is designed to ensure that the preparation, adoption and application of technical regulations, technical standards and the assessment of conformity do not constitute unnecessary technical obstacles to intra regional trade.

To this end, the signatory countries agree to make specific efforts to achieve the harmonization of technical regulations that may affect trade without reducing levels of protection of human, animal and plant life and health, of the environment, and of consumer safety. In addition, they will take the necessary measures to notify the General Secretariat of the standardization bodies that accept the Code of Good Practice for the Preparation, Adoption and Application of Standards (Annex III of the WTO TBT Agreement). Lastly, the parties commit themselves to carrying out the necessary actions for the creation and strengthening of conformity assessment systems and to facilitating the reciprocal recognition of such systems, based on the recommendations formulated by specialized international organizations such as the International Organization for Standardization (ISO) and other international forums that bring together accreditation bodies, such as the International Accreditation Forum (IAF) and the International Laboratory Accreditation Cooperation (ILAC).
"
135,Latin American Integration Association (LAIA)," Argentina, Uruguay",Goods,2020-03-17,1984-05-14,1984-05-14,"AAP.AG 1 (Articles 7 and 8 of the TM80)

Agricultural Partial Scope Agreement No. 1 (AAP.AG 1) is intended to establish preferential treatment to regulate trade in livestock of the bovine, ovine and porcine species and meats of the same species, between Argentina and Uruguay, and also the coordination of marketing policies for these products on international markets.

To this end, the annex will specify which products Argentina and Uruguay will allow to enter their respective territories, free of all levies and restrictions, originating in and coming from their respective countries.
"
135,Latin American Integration Association (LAIA)," Argentina, Bolivia, Plurinational State of, Brazil, Chile, Colombia, Paraguay, Peru, Uruguay",Goods,2020-03-17,1991-11-22,1993-06-18,"AAP.AG 2 (Articles 7 and 8 of the TM80)

Agricultural Partial Scope Agreement No. 2 (AAP.AG 2) has as its objective to promote the liberalization of trade in seeds and to establish conditions for developing harmonized national mechanisms for seeds. The signatory countries establish that seeds will be traded in their territories without any other restriction than those required to safeguard their characteristics and to ensure compliance with verification practices and trademarks, among other matters.

To this end, the imports of seeds on the common list of species, produced by propagation in the signatory countries, will be exempt from import duties, and also from customs duties and any other surcharges having equivalent effect on imports, whether these are of a fiscal, monetary, exchange-rate or other nature.

The import and export of seeds on the common list of species shall be excluded from any non-tariff restrictions, whether administrative, quantitative or import tax-related.
"
135,Latin American Integration Association (LAIA)," Argentina, Bolivia, Plurinational State of, Brazil, Chile, Paraguay, Uruguay",Goods,2020-03-17,2006-08-08,2010-12-20,"AAP.AG 3 (Articles 7 and 8 of the TM80)

Agricultural Partial Scope Agreement No. 3 (AAP.AG 3) establishes the Southern Agricultural Council (CAS) as a mechanism for dialogue, consultation and coordination of regional actions between the Ministries of Agriculture of the signatory countries, in matters that concern the sustainable development of the agricultural, forestry and fisheries sector.
"
135,Latin American Integration Association (LAIA)," Argentina, Uruguay",Goods,2020-03-18,1992-01-31,1992-01-31,"AAP.PC 1 (Articles 7 and 8 of the TM80)

Partial Scope Trade Promotion Agreement No. 1 (AAP.PC 1) regulates the supply of natural gas from Argentina to Uruguay through one or more gas pipelines, the Argentine Government guaranteeing that there will be no limitations on exports of natural gas to Uruguay.
"
135,Latin American Integration Association (LAIA)," Bolivia, Plurinational State of, Brazil",Goods,2020-03-18,1992-08-17,1992-08-17,"AAP.PC 2 (Articles 7 and 8 of the TM80)

Partial Scope Trade Promotion Agreement No. 2 (AAP.PC 2) establishes that Bolivia will guarantee the marketing, export and transport of natural gas produced in its territory to Brazil. To this end, Bolivia will not apply any restrictions on the export of natural gas produced in its territory, up to the maximum volume contracted. For its part, Brazil will not apply restrictions on the import of natural gas of Bolivian origin up to the maximum volume contracted.
"
135,Latin American Integration Association (LAIA)," Argentina, Bolivia, Plurinational State of",Goods,2020-03-18,1992-09-29,1992-05-01,"AAP.PC 3 (Articles 7 and 8 of the TM80)

Partial Scope Trade Promotion Agreement No. 3 (AAP.PC 3) regulates the supply of natural gas from Bolivia to Argentina. To this end, AAP.PC 3 contains provisions on prices and forms of payment, and also on future commitments to integrated binational construction projects.
"
135,Latin American Integration Association (LAIA)," Argentina, Brazil, Paraguay, Uruguay",Goods,2020-03-18,1994-05-18,1994-05-18,"AAP.PC 4 (Articles 7 and 8 of the TM80)

Partial Scope Trade Promotion Agreement No. 4 (AAP.PC 4) consists of a sanitary and phytosanitary agreement by means of which standards are established with the aim of adopting the necessary sanitary and phytosanitary measures to protect the health and life of people and animals and to preserve the health of plants.

The signatory countries decided to annul this Agreement on 5 March 1998, through AAP.PC 4.1.
"
135,Latin American Integration Association (LAIA)," Argentina, Brazil, Paraguay, Uruguay",Goods,2020-03-18,1994-05-18,1994-05-18,"AAP.PC 5 (Articles 7 and 8 of the TM80)

Partial Scope Trade Promotion Agreement No. 5 (AAP.PC 5) consists of an Agreement for Trade Facilitation, the Recife Agreement, which has the purpose of establishing technical and operational measures to regulate the integrated controls on the border between its signatories.
"
135,Latin American Integration Association (LAIA)," Argentina, Bolivia, Plurinational State of",Goods,2020-03-18,1994-03-18,1994-03-18,"AAP.PC 6 (Articles 7 and 8 of the TM80)

Partial Scope Trade Promotion Agreement No. 6 (AAP.PC 6) determines the total and reciprocal liberalization of import duties on the trade in hydrocarbons and their derivatives between the parties (Annex I).

Upon the entry into force of the AAP.CE 36, it was decided that the provisions of this Agreement that are not related to the trade liberalization programme and that have not been addressed in AAP.CE 36 will remain in force, by virtue of their strictly bilateral nature.
"
135,Latin American Integration Association (LAIA)," Argentina, Brazil, Paraguay, Uruguay",Goods,2020-03-18,1994-12-30,1994-12-30,"AAP.PC 7 (Articles 7 and 8 of the TM80)

Trade Promotion Partial Scope Agreement No. 7 (AAP.PC 7) consists of an agreement for the facilitation of the transport of dangerous goods, which regulates this matter among the States parties of MERCOSUR.

AAP.PC 7 includes provisions in the following areas, among others: classification and definition of the classes of dangerous goods, the risk identifiers, packaging, etc.
"
135,Latin American Integration Association (LAIA)," Argentina, Brazil, Paraguay, Uruguay",Goods,2020-03-18,1994-12-30,1994-12-30,"AAP.PC 8 (Articles 7 and 8 of the TM80)

Partial Scope Trade Promotion Agreement No. 8 (AAP.PC 8) consists of a facilitation agreement for the multimodal transport of goods, which establishes rules on multimodal transport document or bill of lading, responsibility of the operator and the shipper, settlement of disputes, among other matters.
"
135,Latin American Integration Association (LAIA)," Paraguay, Uruguay",Goods,2020-03-18,1996-04-12,1996-04-12,"AAP.PC 9 (Articles 7 and 8 of the TM80)

Partial Scope Trade Promotion Agreement No. 9 (AAP.PC 9) establishes an agreement on energy cooperation, which will have the following objectives: assistance between the electricity systems of both countries in the event of emergencies; absorption by the Uruguayan system of the energy surpluses of the Paraguayan hydroelectric national system, to an extent mutually convenient to both countries; unloading, storage, pumping and transport of crude oil belonging to Paraguay, through the use of the Uruguayan facilities of José Ignacio and de La Teja; reciprocal supply between the countries of hydrocarbons of any type; and refining of crude oil belonging to Paraguay in Uruguayan facilities.
"
135,Latin American Integration Association (LAIA)," Argentina, Bolivia, Plurinational State of",Goods,2020-03-18,1998-02-16,1991-03-18,"AAP.PC 10 (Articles 7 and 8 of the TM80)

Partial Scope Trade Promotion Agreement No. 10 (AAP.PC 10) provides regulations for energy integration, through which the parties undertake to maintain or, where appropriate, establish the necessary internal regulations to allow energy trade and transport between Argentina and Bolivia, and also to encourage private investment in the sector, in a context of economic stability.
"
135,Latin American Integration Association (LAIA)," Argentina, Bolivia, Plurinational State of, Brazil, Chile, Colombia, Ecuador, Mexico, Paraguay, Peru, Venezuela, Bolivarian Republic of",Goods,2020-03-18,1997-12-08,1998-07-30,"AAP.PC 11 (Articles 7 and 8 of the TM80)

Partial Scope Trade Promotion Agreement No. 11 (AAP.PC 11) adopts the Framework Agreement for the Promotion of Trade by Overcoming Technical Barriers to Trade. It seeks to prevent the elaboration, adoption and application of technical regulations and technical standards and conformity assessments that constitute unnecessary technical obstacles to intraregional trade.

In addition, the parties reaffirm their rights and obligations as set out in the Agreement on Technical Barriers to Trade (TBT) of the World Trade Organization (WTO).

The AAP.PC 11 was originally signed by Argentina, Bolivia, Brazil, Chile, Colombia, Ecuador, Mexico, Paraguay, Peru and Venezuela. With the accession of Uruguay and Cuba, as of 2001 it became a Regional Agreement (AAR.OTC 8).
"
135,Latin American Integration Association (LAIA)," Argentina, Peru",Goods,2020-03-18,1998-08-12,2000-02-21,"AAP.PC 12 (Articles 7 and 8 of the TM80)

Partial Scope Trade Promotion Agreement No. 12 (AAP.PC 12) establishes regulations on energy cooperation in the field of basic or applied research, exploration, development, processing, marketing, transport and storage of hydrocarbons, their derivatives and electrical power, through cooperation programmes or projects.

The mechanisms that will be adopted for cooperation shall include the promotion of new technologies, the exchange of scientific and technological information, reciprocal assistance in the training and capacity-building of scientific and technical staff, and the exchange of experts and teachers for courses and seminars.
"
135,Latin American Integration Association (LAIA)," Argentina, Peru",Goods,2020-03-18,1998-08-12,2000-03-22,"AAP.PC 13 (Articles 7 and 8 of the TM80)

Partial Scope Trade Promotion Agreement No. 13 (AAP.PC 13) aims to develop joint programmes for the drafting of sanitary regulations to prevent the trade in live animals and their products, and also to establish the necessary mechanisms for technical cooperation and permanent information exchange on this matter between the two parties.

The responsible authorities undertake to agree on identifying the animals and products of priority interest for trade, and on this basis to prepare proposed sanitary regulations for trade between both parties.
"
135,Latin American Integration Association (LAIA)," Argentina, Peru",Goods,2020-03-18,1998-08-12,2000-03-22,"AAP.PC 14 (Articles 7 and 8 of the TM80)

Partial Scope Trade Promotion Agreement No. 14 (AAP.PC 14) is aimed at boosting cooperation between the plant quarantine and health services, to facilitate international trade and the exchange of plants, products and by-products of plant origin, without risk to agriculture, human health and the environment of the parties.

A harmonized programme to combat plant health risks between both countries will facilitate the taking and application of measures for the exclusion, eradication and management of pests in agriculture.
"
135,Latin American Integration Association (LAIA)," Argentina, Ecuador",Goods,2020-03-18,2001-09-07,2007-02-27,"AAP.PC 15 (Articles 7 and 8 of the TM80)

Partial Scope Trade Promotion Agreement No. 15 (AAP.PC 15) consists of a partial scope agreement for the mutual recognition of certificates of conformity with technical regulations, and aims to promote the recognition of mandatory certification activities for products originating in both Parties.

To this end, the Parties will promote the conclusion of a memorandum of understanding between the certification bodies, for the approval of some or all of the activities developed for the certification of products.
"
135,Latin American Integration Association (LAIA)," Bolivia, Plurinational State of, Paraguay",Goods,2020-03-18,1994-03-15,1994-03-15,"AAP.PC 16 (Articles 7 and 8 of the TM80)

Partial Scope Trade Promotion Agreement No. 16 (AAP.PC 16) regulates the supply of natural gas between the parties.

To this end, Bolivia will not apply any restrictions on the export of natural gas produced in its territory intended for Paraguay, up to a maximum volume to be determined. As for Paraguay, it will not apply any restrictions on the import of natural gas of Bolivian origin, up to a maximum volume to be determined. The purchase and sale of natural gas between the two signatory countries will be free of levies, and of any other non-tariff restriction.
"
135,Latin American Integration Association (LAIA)," Argentina, Bolivia, Plurinational State of",Goods,2020-03-18,2004-04-21,2004-04-21,"AAP.PC 17 (Articles 7 and 8 of the TM80)

Partial Scope Trade Promotion Agreement No. 17 (AAP.PC 17) is intended to promote investment, economic complementation and trade, in particular in favour of Bolivia.

AAP.PC 17 has among its objectives, which must be pursued through projects, programmes and specific short and medium-term activities, promotion of the productive competitiveness of the Parties, with the purpose of favouring and diversifying the exports of goods and services, in particular those of Bolivia and preferably those that have growing added value; promoting the complementarity of national products, favouring trade between the Parties and their exports to third markets; facilitating the transfer of technology; and ensuring the development of comparative and competitive advantages.
"
135,Latin American Integration Association (LAIA)," Chile, Peru",Goods,2020-03-18,2003-12-17,2004-09-16,"AAP.PC 18 (Articles 7 and 8 of the TM80)

Partial Scope Trade Promotion Agreement No. 18 (AAP.PC 18) consists of a bilateral agreement of cooperation and mutual assistance in customs matters. It stipulates that the parties shall provide cooperation and mutual assistance, to ensure the proper application of customs legislation, the prevention, investigation and suppression of customs offences and the exchange of information.
"
135,Latin American Integration Association (LAIA)," Argentina, Brazil, Chile, Colombia, Ecuador, Paraguay, Uruguay, Venezuela, Bolivarian Republic of",Goods,2020-03-18,2005-12-09,2010-02-26,"AAP.PC 19 (Articles 7 and 8 of the TM80)

Partial Scope Trade Promotion Agreement No. 19 (AAP.PC 19) is a framework agreement that aims to promote regional energy integration in the areas of the energy production, transportation, distribution and marketing systems in the parties, in order to safeguard energy supplies and to establish conditions to minimize the costs of energy trade transactions between those countries. In this way, it is intended to ensure a fair and reasonable valuation of said resources, strengthening the development processes in a sustainable manner, respecting the international commitments and regulatory frameworks in forces in each Party.

The AAP.PC 19 establishes that the Parties will try to implement the institutional, regulatory and technical coordination of the national activities in projects and infrastructure works that allow the exchange of energy, in order to achieve an effective energy integration, maximizing the economic and social benefits in the region.
"
135,Latin American Integration Association (LAIA)," Bolivia, Plurinational State of, Uruguay",Goods,2020-03-18,1986-09-29,1986-10-01,"AAP.A14TM 1 (Articles 7 and 14 of the TM80)

Partial Scope Agreement No. 1 (AAP.A14TM 1) aims to establish favourable conditions to boost tourism between both countries, to promote the improved knowledge of their peoples through their history, culture and geography. The signatory countries will promote and support activities of both the public and private sectors, designed to ensure the effective dissemination and promotion, in their respective territories, of the tourist heritage of each country, and also the coordination of joint activities in third countries, on issues of common interest.

To comply with the objective of the Agreement, the official tourism entities of both countries will meet periodically in order to analyse and agree on various cooperation programmes.
"
135,Latin American Integration Association (LAIA)," Argentina, Brazil, Colombia, Mexico, Peru, Uruguay, Venezuela, Bolivarian Republic of",Goods,2020-03-18,1988-10-27,,"AAP.A14TM 2 (Articles 7 and 14 of the TM80)

Partial Scope Agreement No. 2 (AAP.A14TM 2) aims to conclude an agreement for the cooperation and exchange of cultural, educational and scientific properties, which will be governed by the rules of the Montevideo Treaty 1980 and will aim to promote the formation of a common market of goods and cultural services designed to provide a broad framework for the educational, cultural and scientific cooperation of the signatory countries and to improve and raise the levels of education, training and reciprocal knowledge of the peoples of the region.

AAP.A14TM 2 includes provisions for the exchange and dissemination of educational and scientific works, works of art, collectibles and antiquities and cultural, educational and scientific dissemination activities, among others.
"
135,Latin American Integration Association (LAIA)," Argentina, Bolivia, Plurinational State of, Brazil, Chile, Paraguay, Peru, Uruguay",Goods,2020-03-18,1990-01-01,1990-05-30,"AAP.A14TM 3 (Articles 7 and 14 of the TM80)

Partial Scope Agreement No. 3 (AAP.A14TM 3) adopts a single legal standard that will regulate international land transportation between the signatory countries, both in direct transport from one country to another and transit to a third country.
"
135,Latin American Integration Association (LAIA)," Argentina, Bolivia, Plurinational State of, Brazil, Chile, Colombia, Ecuador, Paraguay, Peru, Uruguay, Venezuela, Bolivarian Republic of",Goods,2020-03-18,1990-08-30,1991-03-18,"AAP.A14TM 4 (Articles 7 and 14 of the TM80)

Partial Scope Agreement No. 4 (AAP.A14TM 4), the Agreement for the promotion of tourism in South America, aims to promote this region as a tourist destination. To this end, the signatory countries agree jointly to develop the activities needed to promote it as a tourist destination, both within and outside the region. To this end, national measures will be adopted, required to facilitate and encourage tourism flows from third countries to countries of the region and between those countries.

The official tourism entities of the signatory countries will meet annually to analyse, review and programme the joint cooperation and technical assistance activities.
"
135,Latin American Integration Association (LAIA)," Argentina, Bolivia, Plurinational State of, Brazil, Paraguay, Uruguay",Goods,2020-03-18,1992-06-26,1995-02-13,"AAP.A14TM 5 (Articles 7 and 14 of the TM80)

Partial Scope Agreement No. 5 (AAP.A14TM 5) aims to facilitate navigation and longitudinal commercial river transport in the Paraguay–Paraná Waterway (Puerto de Cáceres-Puerto de Nueva Palmira), by establishing a framework for common regulations conducive to the development, modernization and efficiency of such operations, and that facilitate and allow access in competitive conditions for overseas markets.

The waterway includes the Paraguay and Paraná rivers, including the different branches of the Paraná estuary, from Cáceres (Brazil) to Nueva Palmira (Uruguay) and the Tamengo Canal, a tributary of the Paraguay River, shared by Bolivia and Brazil.

The provisions of AAP.A14TM 5 are applicable to navigation, trade and the transportation of goods and people. The passage of warships and other vessels engaged in non-commercial activities, and also cross-border transport across the river, is exempt from these rules.
"
135,Latin American Integration Association (LAIA)," Argentina, Brazil",Goods,2020-03-18,1992-06-27,1992-06-27,"AAP.A14TM 6 (Articles 7 and 14 of the TM80)

Partial Scope Agreement No. 6 (AAP.A14TM 6) establishes the signing of a partial scope cooperation and exchange agreement on goods used for the defence and protection of the environment, which aims to encourage its signatories to take tangible steps for the defence and protection of the environment, to promote the intraregional exchange of goods intended for that purpose, and also to facilitate, in emergency situations, the temporary admission of goods and people.
"
135,Latin American Integration Association (LAIA)," Brazil, Uruguay",Goods,2020-03-18,1992-12-30,1992-12-30,"AAP.A14TM 7 (Articles 7 and 14 of the TM80)

Partial Scope Agreement No. 7 (AAP.A14TM 7) provides for the signing of a partial scope agreement for the formation of a common market for Latin American books, whose objective will be to raise the levels of instruction, training and information, and the reciprocal knowledge of the different cultures of the peoples of the region.
"
135,Latin American Integration Association (LAIA)," Argentina, Bolivia, Plurinational State of, Brazil, Chile, Paraguay, Peru, Uruguay",Goods,2020-03-18,1992-09-29,2001-02-15,"AAP.A14TM 8 (Articles 7 and 14 of the TM80)

Partial Scope Agreement No. 8 (AAP.A14TM 8) establishes a minimum and uniform regulatory basis for regulating international vehicular traffic in the territory of the signatory countries, through the signing of an agreement on unified basic traffic regulations.
"
135,Latin American Integration Association (LAIA)," Argentina, Brazil, Paraguay, Uruguay",Goods,2020-03-18,1995-05-22,1995-05-22,"AAP.A14TM 9 (Articles 7 and 14 of the TM80)

Partial Scope Agreement No. 9 (AAP.A14TM 9) provides for the allocation and use of television generating and relay stations, and its purpose is the coordination and use by those generating and relay stations of the channels allocated to the broadcasting service in the established coordination areas.
"
135,Latin American Integration Association (LAIA)," Bolivia, Plurinational State of, Brazil, Chile, Paraguay, Peru, Uruguay",Goods,2020-03-18,1995-08-16,1997-05-02,"AAP.A14TM 10 (Articles 7 and 14 of the TM80)

Partial Scope Agreement No. 10 (AAP.A14TM 10) establishes rules to harmonize the conditions governing the contract for the international transport of goods by land, and also rules to regulate carrier liability.
"
135,Latin American Integration Association (LAIA)," Argentina, Bolivia, Plurinational State of, Brazil, Colombia, Ecuador, Paraguay, Peru, Uruguay, Venezuela, Bolivarian Republic of",Goods,2020-03-19,1998-04-16,1998-04-16,"AAP.A14TM 11 (Articles 7 and 14 of the TM80)

Partial Scope Agreement No. 11 (AAP.A14TM 11) has the objective of creating a free trade area between the MERCOSUR countries and the Andean Community, through the expansion and diversification of trade and the elimination of the levies and restrictions imposed on reciprocal trade.

To this end, the Parties agree to establish a legal and institutional framework for cooperation and economic and physical integration, which contributes to the creation of an enlarged economic space to facilitate, to the extent that they are able, the free movement of goods and services and the full use of production factors, in competitive and equal conditions.

As this is a framework agreement, it was later superseded by AAP.CE 58 and the AAP.CE 59.
"
135,Latin American Integration Association (LAIA)," Argentina, Brazil, Costa Rica, El Salvador, Guatemala, Honduras, Nicaragua, Paraguay, Uruguay",Goods,2020-03-19,1998-04-18,1998-04-18,"AAP.A14TM 12 (Articles 7 and 14 of the TM80)

Partial Scope Agreement No. 12 (AAP.A14TM 12) includes a framework trade and investment agreement between MERCOSUR and the Central American Common Market.

To this end, the Parties undertake to identify, jointly and expeditiously, steps and specific actions that will lead to the deepening of their commercial links; to maintain the functioning of free market economies and to highlight private sector initiatives as sources of prosperity, with a view to promoting economic development; to strengthen and diversify cooperative activities; to encourage investment among the parties; and to agree on mechanisms for the promotion and protection of investments.
"
135,Latin American Integration Association (LAIA)," Argentina, Ecuador",Goods,2020-03-19,1999-06-02,1999-06-02,"AAP.A14TM 13 (Articles 7 and 14 of the TM80)

Partial Scope Agreement No. 13 (AAP.A14TM 13) is aimed at initiating a scientific and technical cooperation programme, between the Argentine Office of the Under-Secretary for Mining and the Ecuadorian Office of the Under-Secretary for Mines, in order to evaluate and facilitate the development of the existing joint mining projects in the two countries.

To this end, the parties agree to foster the implementation of specific cooperation programmes and projects in the areas of metalliferous minerals, non-metalliferous minerals, building stone and metallurgical concentrates, both in the basic and applied research sectors, aimed at promoting innovation and the development of new products, such as the start-up of production and marketing companies.
"
135,Latin American Integration Association (LAIA)," Argentina, Peru",Goods,2020-03-19,1999-10-29,2000-12-06,"AAP.A14TM 14 (Articles 7 and 14 of the TM80)

Partial Scope Agreement No. 14 (AAP.A14TM 14) is intended to encourage the implementation of specific cooperation programmes and projects in the areas of metalliferous minerals, non-metalliferous minerals, building stone and metallurgical concentrates in both the basic research and applied sectors, aimed at promoting innovation and developing new products, such as the launch of production and marketing.
"
135,Latin American Integration Association (LAIA)," Brazil, Venezuela, Bolivarian Republic of",Goods,2020-03-19,1995-07-04,1998-10-18,"AAP.A14TM 15 (Articles 7 and 14 of the TM80)

Partial Scope Agreement No. 15 (AAP.A14TM 15) establishes the rules that regulate the transport by road of passengers and cargo between both countries, based on principles of reciprocity, with the aim of integrating and complementing their legitimate interests in this activity sector.
"
135,Latin American Integration Association (LAIA)," Chile, Ecuador",Goods,2020-03-19,1999-08-26,2002-01-19,"AAP.A14TM 16 (Articles 7 and 14 of the TM80)

Partial Scope Agreement No. 16 (AAP.A14TM 16) is aimed at encouraging the development of specific cooperation programmes and projects in the areas of metallic minerals, non metallic minerals, ornamental rocks and metallurgical concentrates, both in the basic and applied research sectors, with the aim of promoting innovation and developing new products, and also for the start-up of manufacturing and marketing companies.

To this end, the parties agree to launch a scientific and technical cooperation programme between the Office of the Under-Secretary in the Ministry of Mining of Chile and the Office of the Under-Secretary for Mines of Ecuador, in order to evaluate and facilitate the development of the existing joint mining projects in both countries.
"
135,Latin American Integration Association (LAIA)," Argentina, Brazil, Paraguay, Uruguay",Goods,2020-03-19,2010-05-27,2011-12-10,"AAP.A14TM 17 (Articles 7 and 14 of the TM80)

Partial Scope Agreement No. 17 (AAP.A14TM 17) establishes provisions on weights and the dimensions of passenger road transport vehicles and cargo.

For this, the Agreement determines the weights and dimensions to be applied to the vehicle fleet of the parties carrying out the international transport of freight or passengers. The circulation of special vehicles or groups of vehicles that exceed the dimensions and/or maximum weights established will only be allowed subject to the prior issuance of special authorizations granted by the competent authorities on the basis of the rules in force in the transit country.
"
135,Latin American Integration Association (LAIA)," Costa Rica, Mexico",Goods,2020-03-19,1982-07-22,1984-06-15,"AAP.A25TM 1 (Article 25 of the TM80)

Partial Scope Agreement No. 1 (AAP.A25TM 1) grants concessions that strengthen and streamline trade flows between the parties, in ways compatible with their respective economic policies, and that contribute to the consolidation of the Latin American integration process.

The Agreement is based on the granting of tariff preferences relating to the levies and other restrictions imposed by the signatory countries on the import of the negotiated products. The Agreement may be extended in the future to other economic sectors.

AAP.A25TM 1 was superseded by the Free Trade Agreement signed between Mexico and Costa Rica, which entered into force on 1 January 1995.
"
135,Latin American Integration Association (LAIA)," Argentina, Costa Rica",Goods,2020-03-19,1983-08-31,1983-08-31,"AAP.A25TM 2 (Article 25 of the TM80)

Partial Scope Agreement No. 2 (AAP.A25TM 2) aims to boost the trade of signatory countries to a higher level, through the elimination or reduction of duties and other restrictions imposed on the import of negotiated products.

In addition, the Agreement includes provisions on the origin regime and safeguard clauses.

The Agreement remained in effect until 31 December 1994.
"
135,Latin American Integration Association (LAIA)," Argentina, El Salvador",Goods,2020-03-19,1983-08-27,1983-08-27,"AAP.A25TM 3 (Article 25 of the TM80)

Partial Scope Agreement No. 3 (AAP.A25TM 3) aims to boost the trade of the signatory countries to a higher level, through the elimination or reduction of duties and other restrictions imposed on the import of negotiated products.

In addition, the Agreement contains provisions regarding the origin regime and safeguard clauses.

This Agreement ceased to have effect as of 31 December 1994.
"
135,Latin American Integration Association (LAIA)," Argentina, Cuba",Goods,2020-03-19,1984-03-16,1984-06-16,"AAP.A25TM 4 (Article 25 of the TM80)

Partial Scope Agreement No.4 (AAP.A25TM 4) aims to boost the trade of the signatory countries to a higher level, through the elimination or reduction of duties and other restrictions imposed on the import of negotiated products.

In addition, the Agreement contains provisions on the origin regime and safeguard clauses.

The Agreement ceased to have effect as of 31 December 1999 and was replaced by AAP.CE 45.
"
135,Latin American Integration Association (LAIA)," Colombia, Guatemala",Goods,2020-03-19,1984-03-01,1985-09-02,"AAP.A25TM 5 (Article 25 of the TM80)

Partial Scope Agreement No. 5 (AAP.A25TM 5) is intended to boost trade through the granting of tariff and non-tariff preferences that Colombia will accord to Guatemala, with the expectation that in the future Guatemala may, when conditions permit, grant preferences to Colombia.

The Agreement contains provisions on origin (Annex II) and safeguard clauses.

The Agreement ceased to have effect as of the entry into force of the Free Trade Agreement signed by Colombia with El Salvador, Guatemala and Honduras, on 12 November 2009.
"
135,Latin American Integration Association (LAIA)," Colombia, Nicaragua",Goods,2020-03-19,1984-03-02,1985-09-02,"AAP.A25TM 6 (Article 25 of the TM80)

Partial Scope Agreement No. 6 (AAP.A25TM 6) is intended to boost trade through the granting of tariff and non-tariff preferences that Colombia will accord to Nicaragua, with the expectation that in the future Nicaragua may, when conditions permit, grant preferences to Colombia.

The Agreement contains provisions on origin (Annex II) and safeguard clauses.
"
135,Latin American Integration Association (LAIA)," Colombia, Costa Rica",Goods,2020-03-19,1984-03-02,1985-09-02,"AAP.A25TM 7 (Article 25 of the TM80)

Partial Scope Agreement No. 7 (AAP.A25TM 7) is intended to boost trade by granting tariff and non-tariff preferences that Colombia will grant accord Costa Rica, with the expectation that in the future Costa Rica may, when conditions permit, grant preferences to Colombia.

The Agreement contains provisions on origin (Annex II) and safeguard clauses.

This Agreement ceased to have effect as of the entry into force of the Free Trade Agreement signed by Colombia with Costa Rica, on 1 August 2016.
"
135,Latin American Integration Association (LAIA)," Colombia, El Salvador",Goods,2020-03-19,1984-05-24,1985-09-02,"AAP.A25TM 8 (Article 25 of the TM80)

Partial Scope Agreement No. 8 (AAP.A25TM 8) is intended to boost trade through the granting of tariff and non-tariff preferences that Colombia will accord to El Salvador, with the expectation that in the future El Salvador may, when conditions permit, grant preferences to Colombia.

The Agreement contains provisions on origin (Annex II) and safeguard clauses.

The Agreement ceased to have effect as of the entry into force of the Free Trade Agreement signed by Colombia with El Salvador, Guatemala and Honduras, on 1 February 2010.
"
135,Latin American Integration Association (LAIA)," Colombia, Honduras",Goods,2020-03-19,1984-05-30,1985-09-02,"AAP.A25TM 9 (Article 25 of the TM80)

Partial Scope Agreement No. 9 (AAP.A25TM 9) is intended to boost trade through the granting of tariff and non-tariff preferences that Colombia will accord to Honduras, with the expectation that in the future Honduras may, when conditions permit, grant preferences to Colombia.

The Agreement contains provisions on origin (Annex II) and safeguard clauses.

The Agreement ceased to have effect as of the entry into force of the Free Trade Agreement signed by Colombia with El Salvador, Guatemala and Honduras, on 27 March 2010.
"
135,Latin American Integration Association (LAIA)," Guatemala, Mexico",Goods,2020-03-19,1984-09-04,1985-06-07,"AAP.A25TM 10 (Article 25 of the TM80)

Partial Scope Agreement No. 10 (AAP.A25TM 10) is intended to promote the integration process in accordance with the provisions of the TM80 by granting preferences agreed between the parties for the import of the negotiated products.

The Agreement contains provisions on origin (Chapter IV) and safeguard clauses (Chapter V).

AAP.A25TM 10 ceased to have effect as of 15 March 2001, the date of the entry into force of the Free Trade Agreement signed between Mexico and El Salvador, Guatemala and Honduras, where Mexico and Guatemala are concerned.
"
135,Latin American Integration Association (LAIA)," Honduras, Mexico",Goods,2020-03-19,1984-12-03,,"AAP.A25TM 11 (Article 25 of the TM80)

Partial Scope Agreement No. 11 (AAP.A25TM 11) has as its purpose promotion of the integration process as established by the TM80 by granting preferences agreed between the parties for the import of negotiated products.

The Agreement includes provisions on origin (Chapter IV) and safeguard clauses (Chapter V).

AAP.A25TM 11 ceased to have effect as of 1 June 2001, the date of the entry into force of the Free Trade Agreement signed between Mexico and El Salvador, Guatemala and Honduras, where Mexico and Honduras are concerned.
"
135,Latin American Integration Association (LAIA)," Cuba, Mexico",Goods,2020-03-19,1985-03-11,1986-05-28,"AAP.A25TM 12 (Article 25 of the TM80)

Partial Scope Agreement No. 12 (AAP.A25TM 12) aims to promote the integration process as established by the TM80 by granting preferences agreed between the Parties for the import of the negotiated products.

The Agreement contains provisions on origin (Chapter IV and Annex III) and safeguard clauses (Chapter V).

AAP.A25TM 12 ceased to have effect as of 28 February 2001, the date of the entry into force of AAP.CE 51.
"
135,Latin American Integration Association (LAIA)," Mexico, Nicaragua",Goods,2020-03-19,1985-04-08,1986-08-12,"AAP.A25TM 13 (Article 25 of the TM80)

Partial Scope Agreement No. 13 (AAP.A25TM 13) is intended to promote the integration process as established by the TM80 by granting preferences agreed between the Parties for the import of negotiated products.

The Agreement contains provisions on origin (Chapter IV and Annex II) and safeguard clauses (Chapter V).

AAP.A25TM 13 ceased to have effect as of 30 June 1998.
"
135,Latin American Integration Association (LAIA)," Mexico, Panama",Goods,2020-03-20,1985-05-22,1986-04-24,"AAP.A25TM 14 (Article 25 of the TM80)

Partial Scope Agreement No. 14 (AAP.A25TM 14) has as its purpose, with due account for the level of economic development of both parties, the granting of concessions to strengthen and streamline mutual trade flows, in a manner compatible with their respective economic policies, and to contribute to the strengthening of the Latin American integration process.

This Agreement is based on the granting of preferences, relating to the levies and other restrictions imposed by the Parties on the import of the products negotiated in the Agreement, when they originate from their respective territories.

The Agreement includes provisions on origin (Chapter IV) and safeguard clauses (Chapter V).

AAP.A25TM 14 ceased to have effect as of 1 July 2015, the date of the entry into force of the Free Trade Agreement between Mexico and Panama.
"
135,Latin American Integration Association (LAIA)," El Salvador, Mexico",Goods,2020-03-20,1986-02-06,1987-06-11,"AAP.A25TM 15 (Article 25 of the TM80)

Partial Scope Agreement No. 15 (AAP.A25TM 15) aims to promote the Latin American integration process by granting concessions among the Parties, taking into account their level of economic development.

This Agreement is based on the granting of preferences relating to the levies and other restrictions imposed by the Parties on the import of the products negotiated in the Agreement, when they originate from their respective territories.

The Agreement contains provisions on origin (Chapter IV and Annex II) and safeguard clauses (Chapter V).

AAP.A25TM 15 ceased to have effect as of 15 March 2001, the date of entry into force of the Free Trade Agreement signed between Mexico and El Salvador, Guatemala and Honduras, where Mexico and El Salvador are concerned.
"
135,Latin American Integration Association (LAIA)," Honduras, Venezuela, Bolivarian Republic of",Goods,2020-03-20,1986-02-20,1986-05-14,"AAP.A25TM 16 (Article 25 of the TM80)

Partial Scope Agreement No. 16 (AAP.A25TM 16) has as its purpose, taking into account the level of economic development of both parties, the granting of tariff preferences and the elimination or reduction of non-tariff restrictions, to strengthen and streamline their trade flows in a manner compatible with their respective economic policies and to contribute to the strengthening of the Latin American integration process.

The signatory countries agree to grant, with relation to the duties In force, the tariff preferences that are indicated for the products listed in the annexes.

The Agreement includes provisions on origin (Chapter IV) and safeguard clauses (Chapter V).
"
135,Latin American Integration Association (LAIA)," Cuba, Uruguay",Goods,2020-03-20,1987-03-06,,"AAP.A25TM 17 (Article 25 of the TM80)

Partial Scope Agreement No. 17 (AAP.A25TM 17) aims to strengthen and streamline trade flows between countries, promoting the involvement of basic and manufactured products, and giving maximum consideration to products of interest to both countries. In Annexes I and II the preferences, special arrangements and other agreed conditions are registered for negotiated products originating in their respective territories.

The Agreement ceased to have effect as of 31 December 1999 and was replaced by AAP.CE 44.
"
135,Latin American Integration Association (LAIA)," Cuba, Peru",Goods,2020-03-20,1987-04-28,1987-06-04,"AAP.A25TM 18 (Article 25 of the TM80)

Partial Scope Agreement No. 18 (AAP.A25TM 18) is intended to strengthen and streamline trade flows between countries, promoting the involvement of basic and manufactured products, and giving maximum consideration to products of interest to both countries. In Annexes I and II the preferences, special arrangements and other agreed conditions for negotiated products originating in their respective territories are recorded, which may be permanent, temporary or seasonal and be subject to quotas or import quotas.

The Agreement ceased to have effect as of the entry into force of AAP.A25TM 30 and later of AAP.CE 50.
"
135,Latin American Integration Association (LAIA)," Colombia, Cuba",Goods,2020-03-20,1988-12-12,1989-09-21,"AAP.A25TM 19 (Article 25 of the TM80)

Partial Scope Agreement No. 19 (AAP.A25TM 19) is intended to boost trade by granting tariff and non-tariff preferences between the parties (Annexes I and II).

The Agreement ceased to have effect as of the entry into force of AAP.A25TM 33 and later of AAP.CE 49.
"
135,Latin American Integration Association (LAIA)," Trinidad and Tobago, Venezuela, Bolivarian Republic of",Goods,2020-03-20,1989-08-04,1989-08-31,"AAP.A25TM 20 (Article 25 of the TM80)

Partial Scope Agreement No. 20 (AAP.A25TM 20) is intended to stimulate trade between the signatory countries by granting tariff preferences and the elimination or reduction of non-tariff restrictions (Annexes I and II). The Agreement also includes provisions on origin.
"
135,Latin American Integration Association (LAIA)," Brazil, Cuba",Goods,2020-03-20,1989-10-16,,"AAP.A25TM 21 (Article 25 of the TM80)

Partial Scope Agreement No. 21 (AAP.A25TM 21) is aimed at stimulating trade between the signatory countries by granting tariff preferences and the elimination or reduction of non tariff restrictions (Annexes I and II). The Agreement also includes provisions on origin.

The Agreement ceased to have effect as of 31 December 1999 and was then replaced by AAP.CE 43.
"
135,Latin American Integration Association (LAIA)," Guyana, Venezuela, Bolivarian Republic of",Goods,2020-03-20,1990-10-27,1991-06-28,"AAP.A25TM 22 (Article 25 of the TM80)

Partial Scope Agreement No. 22 (AAP.A25TM 22) is aimed at stimulating trade between the signatory countries by granting tariff preferences and eliminating or reducing non-tariff restrictions (Annexes I and II). The Agreement also includes provisions on origin.
"
135,Latin American Integration Association (LAIA)," Guatemala, Venezuela, Bolivarian Republic of",Goods,2020-03-20,1985-10-30,1986-02-06,"AAP.A25TM 23 (Article 25 of the TM80)

Partial Scope Agreement No. 23 (AAP.A25TM 23) has as its purpose the granting of tariff preferences and the elimination or reduction of non-tariff restrictions that will help to strengthen and streamline trade flows between the parties, in a manner compatible with their respective economic policies, and that will contribute to the consolidation of the Latin American integration process.

To this end the parties have signed AAP.A25TM 23, which includes a trade liberalization programme and covers such areas the origin regime, safeguard clauses, differential treatment and trade promotion, among others.
"
135,Latin American Integration Association (LAIA)," Venezuela, Bolivarian Republic of, Caribbean Community and Common Market (CARICOM)",Goods,2020-03-20,1992-10-13,1993-01-01,"AAP.A25TM 24 (Article 25 of the TM80)

Partial Scope Agreement No. 24 (AAP.A25TM 24) has as its essential purpose the strengthening of economic and trade relations between the parties. To this end, Venezuela undertakes to grant products originating in the States members of CARICOM free access to its market, through the conduct of a tariff reduction programme and the elimination of non tariff barriers. 
"
135,Latin American Integration Association (LAIA)," Nicaragua, Venezuela, Bolivarian Republic of",Goods,2020-03-20,1986-08-15,1992-02-26,"AAP.A25TM 25 (Article 25 of the TM80)

Partial Scope Agreement No. 25 (AAP.A25TM 25) has as its purpose the granting of tariff preferences and the elimination or reduction of non-tariff restrictions that will help to strengthen and streamline trade flows between the parties, in a manner compatible with their respective economic policies, and that will contribute to the consolidation of the Latin American integration process.

To this end a trade liberalization programme has been established, together with provisions on the origin regime and safeguard clauses.
"
135,Latin American Integration Association (LAIA)," Costa Rica, Venezuela, Bolivarian Republic of",Goods,2020-03-20,1986-03-21,1986-07-09,"AAP.A25TM 26 (Article 25 of the TM80)

Partial Scope Agreement No. 26 (AAP.A25TM 26) has as its purpose the granting of tariff preferences and the elimination or reduction of non-tariff restrictions that will help to strengthen and streamline trade flows between the parties, in a manner compatible with their respective economic policies, and that will contribute to the consolidation of the Latin American integration process.

To this end a trade liberalization programme has been established, together with provisions on the origin regime and safeguard clauses.
"
135,Latin American Integration Association (LAIA)," El Salvador, Venezuela, Bolivarian Republic of",Goods,2020-03-20,1986-03-10,1986-07-09,"AAP.A25TM 27 (Article 25 of the TM80)

Partial Scope Agreement No. 27 (AAP.A25TM 27) has as its purpose the granting of tariff preferences and the elimination or reduction of non-tariff restrictions that will help to strengthen and streamline trade flows between the parties, in a manner compatible with their respective economic policies, and that will contribute to the consolidation of the Latin American integration process.

To this end a trade liberalization programme has been established, together with provisions on the origin regime and safeguard clauses.
"
135,Latin American Integration Association (LAIA)," Cuba, Venezuela, Bolivarian Republic of",Goods,2020-03-20,1989-01-12,,"AAP.A25TM 28 (Article 25 of the TM80)

Partial Scope Agreement No. 28 (AAP.A25TM 28) has as its purpose the granting of tariff preferences and the elimination or reduction of non-tariff restrictions that will help to strengthen and streamline trade flows between the parties, in a manner compatible with their respective economic policies, and that will contribute to the consolidation of the Latin American integration process.

To this end a trade liberalization programme has been established, together with provisions on the origin regime and safeguard clauses.
 
The Agreement ceased to have effect upon the entry into force of AAP.A25TM 35 and, following that, AAP.CE 40.
"
135,Latin American Integration Association (LAIA)," Colombia, Panama",Goods,2020-03-20,1993-07-09,1995-01-01,"AAP.A25TM 29 (Article 25 of the TM80)

Partial Scope Agreement No. 29 (AAP.A25TM 29) has as its purpose the granting of tariff preferences and the elimination or reduction of non-tariff restrictions that will help to strengthen and streamline trade flows between the parties, in a manner compatible with their respective economic policies, and that will contribute to the consolidation of the Latin American integration process.

To this end a trade liberalization programme has been established (Annexes II and III), together with provisions on origin rules (Annex I), safeguard clauses, unfair foreign trade practices, trade cooperation, banks and finances, transport, technical standards, public sector procurement, and others.
"
135,Latin American Integration Association (LAIA)," Cuba, Peru",Goods,2020-03-20,1994-08-25,1996-03-28,"AAP.A25TM 30 (Article 25 of the TM80)

Partial Scope Agreement No. 30 (AAP.A25TM 30) has among its purposes to facilitate, expand, diversify and promote trade between the parties and all operations associated with such trade, to ensure that bilateral foreign trade flows are balanced and harmonious, and to boost and diversify trade through the granting of tariff and non-tariff preferences between the parties. 

To this end a trade liberalization programme has been established (Annexes II and III), together with provisions on origin rules (Annex I), safeguard clauses, unfair foreign trade practices, trade in services, transport, technical standards, investments, and others.

The Agreement ceased to have effect upon the entry into force of AAP.CE 50.
"
135,Latin American Integration Association (LAIA)," Colombia, Caribbean Community and Common Market (CARICOM)",Goods,2020-03-20,1994-07-24,1995-01-01,"AAP.A25TM 31 (Article 25 of the TM80)

Partial Scope Agreement No. 31 (AAP.A25TM 31) has as its essential purpose the strengthening of economic and trade relations and technical cooperation between the parties. To this end, it is agreed to promote a trade liberalization programme, taking due account of the difference in levels of development between Colombia and CARICOM, in general, and between Colombia and those countries designated as less developed countries of CARICOM.
 
In general terms, Colombia shall grant free access to its market to goods originating from CARICOM member States, through the elimination of non-tariff barriers and the implementation of a tariff reduction programme as provided for in Annexes I and II of this Agreement. For its part, CARICOM will grant most-favoured-nation (MFN) treatment to all imports of goods from Colombia, and undertakes not to apply to imports of goods from Colombia, without prior consultation between the Parties, any non-tariff barriers in addition to those currently in force, or those authorized in the Treaty establishing the Caribbean Community
"
135,Latin American Integration Association (LAIA)," Cuba, Ecuador",Goods,2020-03-20,1995-08-01,,"AAP.A25TM 32 (Article 25 of the TM80)

Partial Scope Agreement No. 32 (AAP.A25TM 32) has among its purposes to facilitate, expand, diversify and promote trade between the parties and all operations associated with such trade, to ensure that bilateral foreign trade flows are balanced and harmonious, and to boost trade through the granting of tariff and non-tariff preferences between Cuba and Ecuador. 

To this end the parties agree to grant each other tariff preferences for a list of negotiated products (Annexes I and II), and also adopt an origin regime (Annex III) and provisions on safeguards. In addition, AAP.A25TM 32 includes chapters on unfair trade practices, technical standards, trade cooperation and other matters.

The Agreement ceased to have effect upon the entry into force of AAP.CE 46.
"
135,Latin American Integration Association (LAIA)," Colombia, Cuba",Goods,2020-03-20,1994-07-08,1995-09-08,"AAP.A25TM 33 (Article 25 of the TM80)

Partial Scope Agreement No. 33 (AAP.A25TM 33) has among its purposes to facilitate, expand, diversify and promote trade between the parties and all operations associated with such trade, to ensure that bilateral foreign trade flows are balanced and harmonious, and to boost trade through the granting of tariff and non-tariff preferences between Colombia and Cuba. 

To this end the parties agree to grant each other tariff preferences for a list of negotiated products (Annexes I and II), and also adopt an origin regime (Annex III) and provisions on safeguards. In addition, AAP.A25TM 33 includes chapters on unfair trade practices, technical standards, trade cooperation and other matters.

The Agreement ceased to have effect upon the entry into force of AAP.CE 49.
"
135,Latin American Integration Association (LAIA)," Bolivia, Plurinational State of, Cuba",Goods,2020-03-20,1995-05-06,,"AAP.A25TM 34 (Article 25 of the TM80)

Partial Scope Agreement No. 34 (AAP.A25TM 34) has among its purposes to facilitate, expand, diversify and promote trade between the parties and all operations associated with such trade, to ensure that bilateral foreign trade flows are balanced and harmonious, and to boost trade through the granting of tariff and non-tariff preferences between Bolivia and Cuba. 

To this end the parties agree to grant each other tariff preferences for a list of negotiated products (Annexes I and II), and decide to adopt the LAIA origin regime (Resolution 78 of the Committee of Representatives). In addition, AAP.A25TM 34 includes provisions on safeguards, unfair trade practices, trade cooperation and other matters.

The Agreement ceased to have effect upon the entry into force of AAP.CE 47.
"
135,Latin American Integration Association (LAIA)," Cuba, Venezuela, Bolivarian Republic of",Goods,2020-03-20,1995-11-14,,"AAP.A25TM 35 (Article 25 of the TM80)

Partial Scope Agreement No. 35 (AAP.A25TM 35) has among its purposes to facilitate, expand, diversify and promote trade between the parties and all operations associated with such trade, to ensure that bilateral foreign trade flows are balanced and harmonious, and to boost trade through the granting of tariff and non-tariff preferences between Cuba and Venezuela. 

To this end the parties agree to grant each other tariff preferences for a list of negotiated products (Annexes I and II), and also to adopt an origin regime (Annex III) and provisions on safeguards. In addition, AAP.A25TM 35 includes chapters on unfair trade practices (dumping and subsidies), technical standards, trade cooperation and other matters.

The Agreement ceased to have effect upon the entry into force of AAP.CE 40.
"
135,Latin American Integration Association (LAIA)," Cuba, Guatemala",Goods,2020-03-20,1999-01-29,2000-04-12,"AAP.A25TM 36 (Article 25 of the TM80)

Partial Scope Agreement No. 36 (AAP.A25TM 36) has among its purposes to facilitate, expand, diversify and promote trade between the parties and all operations associated with such trade, to ensure that bilateral foreign trade flows are balanced and harmonious, and to boost trade through the granting of tariff and non-tariff preferences between Colombia and Cuba.

To this end the parties agree to grant each other tariff preferences for a list of negotiated products (Annexes I and II), and also to adopt an origin regime (Annex III) and provisions on safeguards. In addition, AAP.A25TM 36 includes chapters on unfair trade practices, technical standards, trade cooperation and other matters.
"
135,Latin American Integration Association (LAIA)," Guatemala, Mexico",Goods,2020-03-20,1999-12-07,2000-12-05,"AAP.A25TM 37 (Article 25 of the TM80)

Partial Scope Agreement No. 37 (AAP.A25TM 37) provides that the parties shall encourage and promote, within the context of their respective regulatory frameworks, the free participation of individuals or legal entities in the transport, distribution, marketing, storage, export and import of natural gas between Mexico and Guatemala. 

In addition, they shall be obliged to ensure that, two years after the entry into force of AAP.A25TM 37, the definitive imports of natural gas originating in either of the parties, covered by their tariff items (Mexico 27112101 and Guatemala 27112100) and delivered through pipeline systems in the framework of this Agreement, shall be exempt from the payment of tariffs or tariff duties. 
"
135,Latin American Integration Association (LAIA)," Brazil, Guyana",Goods,2020-03-20,2001-06-27,2004-05-31,"AAP.A25TM 38 (Article 25 of the TM80)

Partial Scope Agreement No. 38 (AAP.A25TM 38) has as its objective the boosting of bilateral trade flows by means of the exchange of tariff preferences between the parties, cooperation in the area of trade and the increased participation of the private sector.

To this end, the parties shall grant each other tariff preferences, consisting of percentage reductions of the duties payable on imports from third countries at the time of customs clearance.

In addition, AAP.A25TM 38 includes provisions on rules of origin (Annex III), safeguards and the settlement of disputes.
"
135,Latin American Integration Association (LAIA)," Cuba, Caribbean Community and Common Market (CARICOM)",Goods,2020-03-20,2000-07-05,2001-01-01,"AAP.A25TM 40 (Article 25 of the TM80)

Partial Scope Agreement No. 40 (AAP.A25TM 40) has the objective of strengthening economic and trade relations between the parties, for which purpose they have agreed on a trade liberalization programme (Annexes I, II and III), with due account for the differences in development levels between Cuba and the CARICOM least developed countries.

In addition, AAP.A25TM 40 includes provisions on origin rules (Annex IV), technical standards, economic cooperation, trade promotion, facilitation and financing, and other matters.
"
135,Latin American Integration Association (LAIA)," Brazil, Suriname",Goods,2020-03-20,2005-04-21,2006-07-26,"AAP.A25TM 41 (Article 25 of the TM80)

Partial Scope Agreement No. 41 (AAP.A25TM 41) has as its purpose the granting of tariff preferences in the trade of rice between the parties, for the tariff items classified under the MERCOSUR Common Nomenclature as NCM 1006.10.92 (non-parboiled paddy rice), NCM 1006.20.20 (non-parboiled husked rice) and NCM 1006.30.21 (non-parboiled, polished husked rice).

Brazilian imports from Suriname, within the annual quota of 10,000 tonnes, shall be free of import charges, customs duties and any other charge of equivalent effect, whether of a fiscal, monetary, foreign-exchange or other nature, imposed on imports.

AAP.A25TM 41 also contains provisions on origin and phytosanitary cooperation.
"
135,Latin American Integration Association (LAIA)," Ecuador, Guatemala",Goods,2020-03-20,2011-04-15,2013-02-19,"AAP.A25TM 42 (Article 25 of the TM80)

Partial Scope Agreement No. 42 (AAP.A25TM 42) has as its objectives the expansion and diversification of trade through the granting of tariff preferences, the elimination of non-tariff barriers, customs facilitation and measures to stimulate the growth of investments and the bilateral exchange of value added goods, while safeguarding their natural heritage and use of clean technologies.

Where market access is concerned, Ecuador shall grant Guatemala tariff preferences for 677 items, 598 of which shall enter the Ecuadorian market free of any duty from the moment of the entry into force of the Agreement while the duties on 79 others shall be gradually phased out over a period of between three and seven years. 

For its part, Guatemala shall grant access to Ecuador for 614 items, of which 533 shall have immediate access free of duty and the duties on 81 shall be phased out over a period of between three and seven years. 

In addition, AAP.A25TM 42 shall include provisions on the following matters: rules of origin; customs procedures and trade facilitation; sanitary and phytosanitary measures; technical barriers to trade; trade protection, such as safeguard clauses, antidumping and countervailing duties, trade cooperation; and the settlement of disputes.
"
135,Latin American Integration Association (LAIA)," Cuba, El Salvador",Goods,2020-03-20,2011-09-19,2012-07-19,"AAP.A25TM 43 (Article 25 of the TM80)

Partial Scope Agreement No. 43 (AAP.A25TM 43) has as its objective the strengthening of existing trade relations between the parties. It includes commitments relating to market access, rules of origin, sanitary and phytosanitary measures, standards, technical regulations and conformity assessment, trade protection, settlement of disputes and cooperation.

Where tariffs are concerned, El Salvador shall grant Cuba tariff reductions for 618 items, while Cuba shall grant tariff reductions for 433. This is an Agreement of fixed preferences and of a selective nature.

The Agreement also includes a chapter on trade cooperation, including a commitment to promote the training of specialists, the exchange of information and experience relating to scientific research and mutual assistance in technological development and productivity, and the forging of strategic public-private alliances for the implementation of the Agreement. 
"
135,Latin American Integration Association (LAIA)," Argentina, Brazil, Chile, Mexico, Uruguay",Goods,2020-03-23,1982-11-29,1982-11-29,"AAP.C 1 (Articles 7 and 10 of the TM80)

Partial Scope Trade Agreement No. 1 (AAP.C 1) has as its objective the promotion of trade among the signatory countries in the industrial sector of statistical and analogous machines, electronic data processing systems, components, spare parts and accessories.

To this end, the Agreement establishes the treatment to be accorded to trade in the products relating to that sector, as detailed in an annex, among the signatory countries.

AAP.C 1 ceased to have effect for the countries on the following dates:
Brazil-Mexico: 29 October 1992
Chile: 28 November 1991
Uruguay: 22 December 1989
"
135,Latin American Integration Association (LAIA)," Argentina, Brazil, Mexico",Goods,2020-03-23,1982-11-29,1982-11-29,"AAP.C 2 (Articles 7 and 10 of the TM80)

Partial Scope Trade Agreement No. 2 (AAP.C 2) has as its objective the promotion of trade among the signatory countries in the electronic valve sector.

To this end, the Agreement establishes the treatment to be accorded to trade in the products relating to that sector, as detailed in an annex, among the signatory countries.

AAP.C 2 ceased to have effect from 28 November 1991.
"
135,Latin American Integration Association (LAIA)," Argentina, Brazil, Chile, Mexico, Peru, Uruguay, Venezuela, Bolivarian Republic of",Goods,2020-03-23,1982-12-20,1982-12-20,"AAP.C 5 (Articles 7 and 10 of the TM80)

Partial Scope Trade Agreement No. 5 (AAP.C 5) has as its objective the promotion of trade among the signatory countries in the chemical industry sector.

To this end, the Agreement establishes the treatment to be accorded to trade in the products relating to that sector, as detailed in an annex, among the signatory countries.
"
135,Latin American Integration Association (LAIA)," Argentina, Uruguay",Goods,2020-03-23,1982-12-24,1982-12-24,"AAP.C 7 (Articles 7 and 10 of the TM80)

Partial Scope Trade Agreement No. 7 (AAP.C 7) has as its objective the promotion of trade among the signatory countries in the refrigeration and air conditioning sector (Agreement A) and the household electrical appliances sector (Agreement B).

To this end, Agreements A and B establish the treatment to be accorded to trade in the products relating to those sectors, as detailed in annexes, among the signatory countries.

The Agreement ceased to have effect from 30 September 2007.
"
135,Latin American Integration Association (LAIA)," Argentina, Mexico",Goods,2020-03-23,1982-12-29,1982-12-29,"AAP.C 8 (Articles 7 and 10 of the TM80)

Partial Scope Trade Agreement No. 8 (AAP.C 8) has as its objective the promotion of trade among the signatory countries in the glass industry sector.

AAP.C 8 ceased to have effect from 31 March 1985.
"
135,Latin American Integration Association (LAIA)," Brazil, Mexico",Goods,2020-03-23,1982-11-29,1982-11-29,"AAP.C 9 (Articles 7 and 10 of the TM80)

Partial Scope Trade Agreement No. 9 (AAP.C 9) has as its objective the promotion of trade among the signatory countries in the areas of the generation, transmission and distribution of electricity.

AAP.C 9 ceased to have effect from 31 December 1997.
"
135,Latin American Integration Association (LAIA)," Argentina, Brazil, Mexico",Goods,2020-03-23,1982-11-29,1982-11-29,"AAP.C 10 (Articles 7 and 10 of the TM80)

Partial Scope Trade Agreement No. 10 (AAP.C 10) has as its objective the promotion of trade among the signatory countries in the office machines sector.

AAP.C 10 ceased to have effect for the countries on the following dates:
Argentina and Mexico: 30 December 1994
Argentina and Brazil: 30 September 1997
Brazil and Mexico: 31 December 1997
"
135,Latin American Integration Association (LAIA)," Brazil, Mexico",Goods,2020-03-23,1982-11-29,1982-11-29,"AAP.C 12 (Articles 7 and 10 of the TM80)

Partial Scope Trade Agreement No. 12 (AAP.C 12) has as its objective the promotion of trade among the signatory countries in the electronics and electronic communications sector.

AAP.C 12 ceased to have effect from 31 December 1997.
"
135,Latin American Integration Association (LAIA)," Argentina, Brazil, Mexico, Uruguay, Venezuela, Bolivarian Republic of",Goods,2020-03-23,1982-12-02,1982-12-02,"AAP.C 13 (Articles 7 and 10 of the TM80)

Partial Scope Trade Agreement No. 13 (AAP.C 8) has as its objective the promotion of trade among the signatory countries in the phonographic industry.

AAP.C 13 ceased to have effect for the countries on the following dates:

Argentina–Brazil: 31 December 1996
Argentina–Uruguay: 31 December 1996
Brazil–Mexico: 31 December 1997
Brazil–Uruguay: 31 December 1996
Mexico–Uruguay: 31 March 2001
"
135,Latin American Integration Association (LAIA)," Brazil, Mexico",Goods,2020-03-23,1982-11-29,1982-11-29,"AAP.C 14 (Articles 7 and 10 of the TM80)

Partial Scope Trade Agreement No. 14 (AAP.C 14) has as its objective the promotion of trade among the signatory countries in the household electrical, mechanical and thermal appliances sector.

AAP.C 14 ceased to have effect from 28 November 1991.
"
135,Latin American Integration Association (LAIA)," Argentina, Brazil, Mexico",Goods,2020-03-23,1981-12-10,1982-01-01,"AAP.C 15 (Articles 7 and 10 of the TM80)

Partial Scope Trade Agreement No. 15 (AAP.C 15) has as its objective the promotion of trade among the signatory countries in the chemical and pharmaceutical industry.

AAP.C 15 ceased to have effect for the countries on the following dates:
Argentina and Brazil: 30 September 1997
Argentina and Mexico: 30 December 1994 
Brazil and Mexico: 31 December 1997
"
135,Latin American Integration Association (LAIA)," Argentina, Brazil, Chile, Mexico, Uruguay, Venezuela, Bolivarian Republic of",Goods,2020-03-23,1982-12-06,1983-01-01,"AAP.C 16 (Articles 7 and 10 of the TM80)

Partial Scope Trade Agreement No. 16 (AAP.C 16) has as its objective the promotion of trade among the signatory countries in the petrochemical industry.

AAP.C 16 ceased to have effect for the countries on the following dates:

Argentina–Mexico: 30 December 1994
Brazil–Venezuela: 31 January 1995
Argentina–Brazil: 30 September 1997
Brazil–Mexico: 31 December 1997
Argentina, Brazil, Uruguay–Chile: 1 October 1996
Chile–Mexico: 23 July 1992
Chile–Venezuela: 1 January 1998
"
135,Latin American Integration Association (LAIA)," Argentina, Brazil",Goods,2020-03-23,1982-11-15,1982-11-15,"AAP.C 17 (Articles 7 and 10 of the TM80)

Partial Scope Trade Agreement No. 17 (AAP.C 17) has as its objective the promotion of trade among the signatory countries in the refrigeration and air conditioning sector (Agreement A) and the household electrical, mechanical and thermal appliances sector (Agreement B).

To this end, Agreements A and B establish the treatment to be accorded to trade in the products relating to those sectors, as detailed in annexes, among the signatory countries.

The Agreement ceased to have effect from 31 December 1996.
"
135,Latin American Integration Association (LAIA)," Argentina, Brazil, Mexico, Uruguay, Venezuela, Bolivarian Republic of",Goods,2020-03-23,1982-12-24,1982-12-24,"AAP.C 18 (Articles 7 and 10 of the TM80)

Partial Scope Trade Agreement No. 18 (AAP.C 18) has as its objective the promotion of trade among the signatory countries in the photographic industry.

AAP.C 18 ceased to have effect for the countries on the following dates:

Argentina–Brazil: 30 September 1997
Argentina–Mexico: 30 December 1994
Argentina–Uruguay: 30 September 1997
Argentina–Venezuela: 7 October 1993
Brazil–Mexico: 31 December 1997
Brazil–Uruguay: 30 September 1997
Mexico–Uruguay: 31 March 2001
Mexico–Venezuela: 1 January 1995
Uruguay–Venezuela: 31 January 2005
"
135,Latin American Integration Association (LAIA)," Argentina, Brazil, Mexico, Uruguay",Goods,2020-03-23,1982-11-29,1982-11-29,"AAP.C 19 (Articles 7 and 10 of the TM80)

Partial Scope Trade Agreement No. 19 (AAP.C 19) has as its objective the promotion of trade among the signatory countries in the electronics and electronic communications sector.

AAP.C 19 ceased to have effect for the countries on the following dates:

Argentina–Brazil: 30 September 1997
Argentina–Mexico: 30 December 1994
Argentina–Uruguay: 30 September 1997
Brazil–Mexico: 31 December 1997
Brazil–Uruguay: 30 September 1997
Mexico–Uruguay: 31 March 2001
"
135,Latin American Integration Association (LAIA)," Argentina, Brazil, Chile, Mexico",Goods,2020-03-23,1981-12-10,1982-01-01,"AAP.C 20 (Articles 7 and 10 of the TM80)

Partial Scope Trade Agreement No. 20 (AAP.C 20) has as its objective the promotion of trade among the signatory countries in the dyes and pigments industry.

AAP.C 20 ceased to have effect for the countries on the following dates:

Argentina-Brazil: 31 December 1989
Argentina-Chile: 1 October 1996
Argentina-Mexico: 31 December 1989
Brazil-Chile: 1 October 1996
Brazil-Mexico: 31 December 1997
"
135,Latin American Integration Association (LAIA)," Argentina, Brazil, Chile, Mexico, Uruguay",Goods,2020-03-23,1981-12-10,1982-01-01,"AAP.C 21 (Articles 7 and 10 of the TM80)

Partial Scope Trade Agreement No. 21 (AAP.C 21) has as its objective the promotion of trade among the signatory countries in the chemical industry (surpluses and deficits).

AAP.C 21 ceased to have effect for the countries on the following dates:

Argentina-Brazil: 30 September 1997
Argentina-Chile: 31 December 1991
Argentina-Mexico: 30 December 1994
Argentina-Uruguay: 30 June 1995
Brazil-Chile: 31 December 1990
Brazil-Mexico: 31 December 1997
Brazil-Uruguay: 30 September 1997
Chile-Mexico: 31 December 1991
Chile-Uruguay: 31 December 1991
Mexico-Uruguay: 31 December 1989
"
135,Latin American Integration Association (LAIA)," Argentina, Mexico",Goods,2020-03-23,1982-11-29,1983-01-01,"AAP.C 22 (Articles 7 and 10 of the TM80)

Partial Scope Trade Agreement No. 22 (AAP.C 22) has as its objective the promotion of trade among the signatory countries in the essential oils, chemical aromatic oils, aromas and flavours industry.

AAP.C 22 ceased to have effect from 31 December 1997.
"
135,Latin American Integration Association (LAIA)," Argentina, Mexico",Goods,2020-03-23,1982-11-29,1983-01-01,"AAP.C 23 (Articles 7 and 10 of the TM80)

Partial Scope Trade Agreement No. 23 (AAP.C 23) has as its objective the promotion of trade among the signatory countries in the areas of electricity generation, transmission and distribution.

AAP.C 23 ceased to have effect from 28 November 1991.
"
135,Latin American Integration Association (LAIA)," Argentina, Mexico",Goods,2020-03-23,1982-11-29,1983-01-01,"AAP.C 24 (Articles 7 and 10 of the TM80)

Partial Scope Trade Agreement No. 24 (AAP.C 24) has as its objective the promotion of trade among the signatory countries in the electronics and electronic communications industry. 

AAP.C 24 ceased to have effect from 30 December 1994.
"
135,Latin American Integration Association (LAIA)," Argentina, Mexico",Goods,2020-03-23,1982-11-29,1983-01-01,"AAP.C 25 (Articles 7 and 10 of the TM80)

Partial Scope Trade Agreement No. 25 (AAP.C 27) has as its objective the promotion of trade among the signatory countries in the light bulbs and lighting units sector. 

AAP.C 25 ceased to have effect from 28 November 1991.
"
135,Latin American Integration Association (LAIA)," Argentina, Brazil, Mexico",Goods,2020-03-23,1984-11-28,1985-01-01,"AAP.C 26 (Articles 7 and 10 of the TM80)

Partial Scope Trade Agreement No. 26 (AAP.C 26) has as its objective the promotion of trade among the signatory countries in articles and apparatus for hospital, medical, dental, veterinary and associated uses.

AAP.C 26 ceased to have effect for the countries on the following dates:

Argentina-Brazil: 30 September 1997
Argentina-Mexico: 30 December 1994
Brazil-Mexico: 31 December 1997
"
135,Latin American Integration Association (LAIA)," Brazil, Mexico, Venezuela, Bolivarian Republic of",Goods,2020-03-23,1984-11-28,1984-11-28,"AAP.C 27 (Articles 7 and 10 of the TM80)

Partial Scope Trade Agreement No. 27 (AAP.C 27) has as its objective the promotion of trade among the signatory countries in the glass industry. 

AAP.C 27 ceased to have effect for the countries on the following dates:

Brazil-Mexico: 31 December 1997
Mexico-Venezuela: 1 January 1995
"
135,Latin American Integration Association (LAIA)," Colombia, Venezuela, Bolivarian Republic of",Goods,2020-03-23,2011-11-28,2012-10-19,"AAP.C 28 (Articles 7 and 8 of the TM80)

Partial Scope Trade Agreement No. 28 (AAP.C 28) has as its objective to stipulate the preferential treatment applicable to imports originating from the parties, with the aim of promoting the productive economic development of both countries through the strengthening of fair, balanced and transparent bilateral trade.

This Agreement includes provisions on preferential treatment, through which the two countries shall grant preferences based on the existing historical trade flows between them over the period 2006-2010, and therefore covers all goods in which there was registered trade over that period.

In addition, under the Agreement the parties have their own regime origin, dispute settlement arrangements and specific chapters on mandatory compliance rules, technical regulations, conformity assessment and metrology; human, animal and plant health measures; and trade protection measures.
"
135,Latin American Integration Association (LAIA)," Argentina, Brazil",Goods,2020-03-24,1983-04-30,1983-04-30,"AAP.R 1 (Res. 1 of the Council of Ministers)

Partial Scope Historical Heritage Renegotiation Agreement No. 1 (AAP.R 1) has as its objective the incorporation in the new integration arrangements set in place under the Montevideo Treaty of the tariff and trade preferences granted over the period 1962 1980 (Annexes I and II), and also those resulting from the renegotiation, revision and updating of these preferences, based on the lists set out in the aforementioned annexes. 

To that end, the parties agree to grant each other tariff preferences, in respect of their duties payable to third countries, for products originating in and coming from their respective territories listed in the annex.

The Agreement ceased to have effect upon the entry into force of AAP.CE 14, on 20 December 1990.
"
135,Latin American Integration Association (LAIA)," Argentina, Bolivia, Plurinational State of",Goods,2020-03-24,1983-04-30,1983-05-01,"AAP.R 2 (Res. 1 of the Council of Ministers)

Partial Scope Historical Heritage Renegotiation Agreement No. 2 (AAP.R 2) has as its objective the incorporation in the new integration arrangements set in place under the Montevideo Treaty of the tariff and trade preferences resulting from the renegotiation, revision and updating of the benefits granted in the national lists of the parties to the Agreement. 

To that end, the parties agree to grant each other tariff preferences, in respect of their duties payable to third countries, for products originating in and coming from their respective territories listed in the annex.

The Agreement ceased to have effect upon the entry into force of AAP.CE 19, on 28 April 1992, which was then superseded by AAP.CE 36.
"
135,Latin American Integration Association (LAIA)," Brazil, Chile",Goods,2020-03-24,1983-04-30,1983-05-01,"AAP.R 3 (Res. 1 of the Council of Ministers)

Partial Scope Historical Heritage Renegotiation Agreement No. 3 (AAP.R 3) has as its objective the incorporation in the new integration arrangements set in place under the Montevideo Treaty of the tariff and trade preferences resulting from the renegotiation, revision and updating of the benefits granted in the national lists of the parties to the Agreement. 

To that end, the parties agree to grant each other tariff preferences, in respect of their duties payable to third countries, for products originating in and coming from their respective territories listed in the annex.

The Agreement ceased to have effect upon the entry into force of AAP.CE 35, on 1 October 1996.
"
135,Latin American Integration Association (LAIA)," Argentina, Colombia",Goods,2020-03-24,1983-04-30,1983-05-01,"AAP.R 4 (Res. 1 of the Council of Ministers)

Partial Scope Historical Heritage Renegotiation Agreement No. 4 (AAP.R 4) has as its objective the incorporation in the new integration arrangements set in place under the Montevideo Treaty of the tariff and trade preferences resulting from the renegotiation, revision and updating of the benefits granted in the national lists of the parties to the Agreement. 

To that end, the parties agree to grant each other tariff preferences, in respect of their duties payable to third countries, for products originating in and coming from their respective territories listed in the annex.

The Agreement ceased to have effect upon the entry into force of AAP.CE 11, which was then superseded by AAP.CE 48.
"
135,Latin American Integration Association (LAIA)," Argentina, Ecuador",Goods,2020-03-24,1983-04-30,1983-05-01,"AAP.R 5 (Res. 1 of the Council of Ministers)

Partial Scope Historical Heritage Renegotiation Agreement No. 5 (AAP.R 5) has as its objective the incorporation in the new integration arrangements set in place under the Montevideo Treaty of the tariff and trade preferences resulting from the renegotiation, revision and updating of the benefits granted in the national lists of the parties to the Agreement. 

To that end, the parties agree to grant each other tariff preferences, in respect of their duties payable to third countries, for products originating in and coming from their respective territories listed in the annex.

The Agreement ceased to have effect upon the entry into force of AAP.CE 21, which was then superseded by AAP.CE 48, AAP.CE 58 and AAP.CE 59.
"
135,Latin American Integration Association (LAIA)," Argentina, Peru",Goods,2020-03-24,1983-04-30,1983-05-01,"AAP.R 6 (Res. 1 of the Council of Ministers)

Partial Scope Historical Heritage Renegotiation Agreement No. 6 (AAP.R 6) has as its objective the incorporation in the new integration arrangements set in place under the Montevideo Treaty of the tariff and trade preferences resulting from the renegotiation, revision and updating of the benefits granted in the national lists of the parties to the Agreement.

To that end, the parties agree to grant each other tariff preferences, in respect of their duties payable to third countries, for products originating in and coming from their respective territories listed in the annex.

The Agreement ceased to have effect for Argentina on 1 April 1988, upon the entry into force of AAP.CE 9, which was then superseded by AAP.CE 48 and, following that, by AAP.CE 58 and AAP.CE 59.

For Peru, the Agreement ceased to have effect on 1 April 1988, upon the entry into force of AAP.CE 9, which was then superseded by AAP.CE 48 and, following that, by AAP.CE 58.
"
135,Latin American Integration Association (LAIA)," Argentina, Venezuela, Bolivarian Republic of",Goods,2020-03-24,1983-04-30,1983-05-01,"AAP.R 7 (Res. 1 of the Council of Ministers)

Partial Scope Historical Heritage Renegotiation Agreement No. 7 (AAP.R 7) has as its objective the incorporation in the new integration arrangements set in place under the Montevideo Treaty of the tariff and trade preferences granted in the national lists of the parties in the Agreement (Annexes I and II), and also those resulting from the renegotiation, revision and updating of those preferences, based on the lists set out in the aforementioned annexes. 

To that end, the parties agree to grant each other tariff preferences, in respect of their duties payable to third countries, for products originating in and coming from their respective territories listed in the annex.

The Agreement ceased to have effect upon the entry into force of AAP.CE 10, which was superseded by AAP.CE 20, AAP.CE 48 and AAP.CE 59.
"
135,Latin American Integration Association (LAIA)," Bolivia, Plurinational State of, Brazil",Goods,2020-03-24,1983-04-30,1983-05-01,"AAP.R 8 (Res. 1 of the Council of Ministers)

Partial Scope Historical Heritage Renegotiation Agreement No. 8 (AAP.R 8) has as its objective the incorporation in the new integration arrangements set in place under the Montevideo Treaty of the tariff and trade preferences resulting from the renegotiation, revision and updating of the benefits granted in the national lists of the parties to the Agreement.

To that end, the parties agree to grant each other tariff preferences, in respect of their duties payable to third countries, for products originating in and coming from their respective territories listed in the annex.

The Agreement ceased to have effect upon the entry into force of AAP.CE 26 and, following that, of AAP.CE 36.
"
135,Latin American Integration Association (LAIA)," Brazil, Mexico",Goods,2020-03-24,1983-04-30,1984-01-01,"AAP.R 9 (Res. 1 of the Council of Ministers)

Partial Scope Historical Heritage Renegotiation Agreement No. 9 (AAP.R 9) has as its objective the incorporation in the new integration arrangements set in place under the Montevideo Treaty of the tariff and trade preferences resulting from the renegotiation, revision and updating of the benefits granted in the national lists of the parties to the Agreement.

To that end, the parties agree to grant each other tariff preferences, in respect of their duties payable to third countries, for products originating in and coming from their respective territories listed in the annex.

AAP.R 9 ceased to have effect on 2 May 2003, upon the entry into force of AAP.CE 53.
"
135,Latin American Integration Association (LAIA)," Brazil, Colombia",Goods,2020-03-24,1983-04-30,1983-05-01,"AAP.R 10 (Res. 1 of the Council of Ministers)

Partial Scope Historical Heritage Renegotiation Agreement No. 10 (AAP.R 10) has as its objective the incorporation in the new integration arrangements set in place under the Montevideo Treaty of the tariff and trade preferences resulting from the renegotiation, revision and updating of the benefits granted in the national lists of the parties to the Agreement.

To that end, the parties agree to grant each other tariff preferences, in respect of their duties payable to third countries, for products originating in and coming from their respective territories listed in the annex.

The Agreement ceased to have effect upon the entry into force of AAP.CE 39 and, following that, of AAP.CE 59.
"
135,Latin American Integration Association (LAIA)," Brazil, Ecuador",Goods,2020-03-24,1983-04-30,1983-05-01,"AAP.R 11 (Res. 1 of the Council of Ministers)

Partial Scope Historical Heritage Renegotiation Agreement No. 11 (AAP.R 11) has as its objective the incorporation in the new integration arrangements set in place under the Montevideo Treaty of the tariff and trade preferences resulting from the renegotiation, revision and updating of the benefits granted in the national lists of the parties to the Agreement.

To that end, the parties agree to grant each other tariff preferences, in respect of their duties payable to third countries, for products originating in and coming from their respective territories listed in the annex.

AAP.R 9 ceased to have effect upon the entry into force of AAP.CE 39 and, following that, of AAP.CE 59.
"
135,Latin American Integration Association (LAIA)," Brazil, Peru",Goods,2020-03-24,1983-04-30,1983-05-01,"AAP.R 12 (Res. 1 of the Council of Ministers)

Partial Scope Historical Heritage Renegotiation Agreement No. 12 (AAP.R 12) has as its objective the incorporation in the new integration arrangements set in place under the Montevideo Treaty of the tariff and trade preferences resulting from the renegotiation, revision and updating of the benefits granted in the national lists of the parties to the Agreement.

To that end, the parties agree to grant each other tariff preferences, in respect of their duties payable to third countries, for products originating in and coming from their respective territories listed in the annex.

This Agreement ceased to have effect upon the entry into force of AAP.CE 25 and, following that, of AAP.CE 39 and AAP.CE 58.
"
135,Latin American Integration Association (LAIA)," Brazil, Venezuela, Bolivarian Republic of",Goods,2020-03-24,1981-12-31,1983-05-01,"AAP.R 13 (Res. 1 of the Council of Ministers)

Partial Scope Historical Heritage Renegotiation Agreement No. 13 (AAP.R 13) has as its objective the incorporation in the new integration arrangements set in place under the Montevideo Treaty of the tariff and trade preferences resulting from the renegotiation, revision and updating of the benefits granted in the national lists of the parties to the Agreement.

To that end, the parties agree to grant each other tariff preferences, in respect of their duties payable to third countries, for products originating in and coming from their respective territories listed in the annex.

This Agreement ceased to have effect upon the entry into force of AAP.CE 27 and, following that, of AAP.CE 39 and AAP.CE 59.
"
135,Latin American Integration Association (LAIA)," Chile, Colombia",Goods,2020-03-24,1983-04-30,1983-05-01,"AAP.R 14 (Res. 1 of the Council of Ministers)

Partial Scope Historical Heritage Renegotiation Agreement No. 14 (AAP.R 14) has as its objective the incorporation in the new integration arrangements set in place under the Montevideo Treaty of the tariff and trade preferences resulting from the renegotiation, revision and updating of the benefits granted in the national lists of the parties to the Agreement.

To that end, the parties agree to grant each other tariff preferences, in respect of their duties payable to third countries, for products originating in and coming from their respective territories listed in the annex.

This Agreement ceased to have effect upon the entry into force of AAP.CE 24.
"
135,Latin American Integration Association (LAIA)," Chile, Ecuador",Goods,2020-03-24,1983-04-30,1983-04-30,"AAP.R 15 (Res. 1 of the Council of Ministers)

Partial Scope Historical Heritage Renegotiation Agreement No. 15 (AAP.R 15) has as its objective the incorporation in the new integration arrangements set in place under the Montevideo Treaty of the tariff and trade preferences resulting from the renegotiation, revision and updating of the benefits granted in the national lists of the parties to the Agreement. 

To that end, the parties agree to grant each other tariff preferences, in respect of their duties payable to third countries, for products originating in and coming from their respective territories listed in the annex.

This Agreement ceased to have effect upon the entry into force of AAP.CE 32.
"
135,Latin American Integration Association (LAIA)," Chile, Venezuela, Bolivarian Republic of",Goods,2020-03-24,1983-04-30,1983-05-01,"AAP.R 16 (Res. 1 of the Council of Ministers)

Partial Scope Historical Heritage Renegotiation Agreement No. 16 (AAP.R 16) has as its objective the incorporation in the new integration arrangements set in place under the Montevideo Treaty of the tariff and trade preferences resulting from the renegotiation, revision and updating of the benefits granted in the national lists of the parties to the Agreement. 

To that end, the parties agree to grant each other tariff preferences, in respect of their duties payable to third countries, for products originating in and coming from their respective territories listed in the annex.

The Agreement ceased to have effect upon the entry into force of AAP.CE 23.
"
135,Latin American Integration Association (LAIA)," Bolivia, Plurinational State of, Paraguay",Goods,2020-03-24,1983-04-30,1983-05-01,"AAP.R 17 (Res. 1 of the Council of Ministers)

Partial Scope Historical Heritage Renegotiation Agreement No. 17 (AAP.R 17) has as its objective the incorporation in the new integration arrangements set in place under the Montevideo Treaty of the tariff and trade preferences resulting from the renegotiation, revision and updating of the benefits granted in the national lists of the parties to the Agreement. 

To that end, the parties agree to grant each other tariff preferences, in respect of their duties payable to third countries, for products originating in and coming from their respective territories listed in the annex.

This Agreement ceased to have effect upon the entry into force of AAP.CE 29 and, following that, of AAP.CE 36. 
"
135,Latin American Integration Association (LAIA)," Colombia, Paraguay",Goods,2020-03-25,1983-04-30,1983-05-01,"AAP.R 18 (Res. 1 of the Council of Ministers)

Partial Scope Historical Heritage Renegotiation Agreement No. 18 (AAP.R 18) has as its objective the incorporation in the new integration arrangements set in place under the Montevideo Treaty of the tariff and trade preferences resulting from the renegotiation, revision and updating of the benefits granted in the national lists of the parties to the Agreement.

To that end, the parties agree to grant each other tariff preferences, in respect of their duties payable to third countries, for products originating in and coming from their respective territories listed in the annex.

This Agreement ceased to have effect upon the entry into force of AAP.CE 59.
"
135,Latin American Integration Association (LAIA)," Ecuador, Paraguay",Goods,2020-03-25,1983-04-30,1983-05-01,"AAP.R 19 (Res. 1 of the Council of Ministers)

Partial Scope Historical Heritage Renegotiation Agreement No. 19 (AAP.R 19) has as its objective the incorporation in the new integration arrangements set in place under the Montevideo Treaty of the tariff and trade preferences resulting from the renegotiation, revision and updating of the benefits granted in the national lists of the parties to the Agreement. 

To that end, the parties agree to grant each other tariff preferences, in respect of their duties payable to third countries, for products originating in and coming from their respective territories listed in the annex.

This Agreement ceased to have effect upon the entry into force of AAP.CE 30 and, following that, of AAP.CE 59.
"
135,Latin American Integration Association (LAIA)," Paraguay, Peru",Goods,2020-03-25,1983-04-30,1983-05-01,"AAP.R 20 (Res. 1 of the Council of Ministers)

Partial Scope Historical Heritage Renegotiation Agreement No. 20 (AAP.R 20) has as its objective the incorporation in the new integration arrangements set in place under the Montevideo Treaty of the tariff and trade preferences resulting from the renegotiation, revision and updating of the benefits granted in the national lists of the parties to the Agreement.

To that end, the parties agree to grant each other tariff preferences, in respect of their duties payable to third countries, for products originating in and coming from their respective territories listed in the annex.

This Agreement ceased to have effect upon the entry into force of AAP.CE 58.
"
135,Latin American Integration Association (LAIA)," Paraguay, Venezuela, Bolivarian Republic of",Goods,2020-03-25,1983-04-30,1983-05-01,"AAP.R 21 (Res. 1 of the Council of Ministers)

Partial Scope Historical Heritage Renegotiation Agreement No. 21 (AAP.R 21) has as its objective the incorporation in the new integration arrangements set in place under the Montevideo Treaty of the tariff and trade preferences resulting from the renegotiation, revision and updating of the benefits granted in the national lists of the parties to the Agreement. 

To that end, the parties agree to grant each other tariff preferences, in respect of their duties payable to third countries, for products originating in and coming from their respective territories listed in the annex.

This Agreement ceased to have effect upon the entry into force of AAP.CE 59."
135,Latin American Integration Association (LAIA)," Bolivia, Plurinational State of, Uruguay",Goods,2020-03-25,1983-04-30,1983-05-01,"AAP.R 22 (Res. 1 of the Council of Ministers)

Partial Scope Historical Heritage Renegotiation Agreement No. 22 (AAP.R 22) has as its objective the incorporation in the new integration arrangements set in place under the Montevideo Treaty of the tariff and trade preferences resulting from the renegotiation, revision and updating of the benefits granted in the national lists of the parties to the Agreement. 

To that end, the parties agree to grant each other tariff preferences, in respect of their duties payable to third countries, for products originating in and coming from their respective territories listed in the annex.

This Agreement ceased to have effect on 30 April 1989.
"
135,Latin American Integration Association (LAIA)," Colombia, Uruguay",Goods,2020-03-25,1983-04-30,1983-05-01,"AAP.R 23 (Res. 1 of the Council of Ministers)

Partial Scope Historical Heritage Renegotiation Agreement No. 23 (AAP.R 23) has as its objective the incorporation in the new integration arrangements set in place under the Montevideo Treaty of the tariff and trade preferences resulting from the renegotiation, revision and updating of the benefits granted in the national lists of the parties to the Agreement. 

To that end, the parties agree to grant each other tariff preferences, in respect of their duties payable to third countries, for products originating in and coming from their respective territories listed in the annex.

This Agreement ceased to have effect upon the entry into force of AAP.CE 59.
"
135,Latin American Integration Association (LAIA)," Ecuador, Uruguay",Goods,2020-03-25,1983-04-30,1983-05-01,"AAP.R 24 (Res. 1 of the Council of Ministers)

Partial Scope Historical Heritage Renegotiation Agreement No. 24 (AAP.R 24) has as its objective the incorporation in the new integration arrangements set in place under the Montevideo Treaty of the tariff and trade preferences resulting from the renegotiation, revision and updating of the benefits granted in the national lists of the parties to the Agreement. 

To that end, the parties agree to grant each other tariff preferences, in respect of their duties payable to third countries, for products originating in and coming from their respective territories listed in the annex.

This Agreement ceased to have effect upon the entry into force of AAP.CE 28 and, following that, AAP.CE 59.
"
135,Latin American Integration Association (LAIA)," Uruguay, Venezuela, Bolivarian Republic of",Goods,2020-03-25,1983-04-30,1983-05-01,"AAP.R 25 (Res. 1 of the Council of Ministers)

Partial Scope Historical Heritage Renegotiation Agreement No. 25 (AAP.R 25) has as its objective the incorporation in the new integration arrangements set in place under the Montevideo Treaty of the tariff and trade preferences resulting from the renegotiation, revision and updating of the benefits granted in the national lists of the parties to the Agreement. 

To that end, the parties agree to grant each other tariff preferences, in respect of their duties payable to third countries, for products originating in and coming from their respective territories listed in the annex.

This Agreement ceased to have effect upon the entry into force of AAP.CE 59.
"
135,Latin American Integration Association (LAIA)," Argentina, Chile, Paraguay, Uruguay",Goods,2020-03-25,1983-04-30,1983-04-30,"AAP.R 26 (Res. 1 of the Council of Ministers)

Partial Scope Historical Heritage Renegotiation Agreement No. 26 (AAP.R 26) has as its objective the incorporation in the new integration arrangements set in place under the Montevideo Treaty of the tariff and trade preferences resulting from the renegotiation, revision and updating of the benefits granted in the national lists of the parties to the Agreement. 

To that end, the parties agree to grant each other tariff preferences, in respect of their duties payable to third countries, for products originating in and coming from their respective territories listed in the annex.

In accordance with the provisions of Article 48 of AAP.CE 35, from the date of the entry into force of aforementioned Agreement (1 October 1996), the negotiated tariff preferences and the regulatory aspects associated with those preferences, as set out in AAP.R 26, ceased to have effect. However, provisions of that Agreement that are not incompatible with AAP.CE 35 or those which relate to matters not covered by the Agreement remain in force. 
"
135,Latin American Integration Association (LAIA)," Bolivia, Plurinational State of, Chile",Goods,2020-03-25,1983-04-30,1983-05-01,"AAP.R 27 (Res. 1 of the Council of Ministers)

Partial Scope Historical Heritage Renegotiation Agreement No. 27 (AAP.R 27) has as its objective the incorporation in the new integration arrangements set in place under the Montevideo Treaty of the tariff and trade preferences resulting from the renegotiation, revision and updating of the benefits granted in the national lists of the parties to the Agreement.

To that end, the parties agree to grant each other tariff preferences, in respect of their duties payable to third countries, for products originating in and coming from their respective territories listed in the annex.

This Agreement ceased to have effect upon the entry into force of AAP.CE 22.
"
135,Latin American Integration Association (LAIA)," Chile, Peru",Goods,2020-03-25,1983-04-30,1983-05-01,"AAP.R 28 (Res. 1 of the Council of Ministers)

Partial Scope Historical Heritage Renegotiation Agreement No. 28 (AAP.R 28) has as its objective the incorporation in the new integration arrangements set in place under the Montevideo Treaty of the tariff and trade preferences resulting from the renegotiation, revision and updating of the benefits granted in the national lists of the parties to the Agreement.

To that end, the parties agree to grant each other tariff preferences, in respect of their duties payable to third countries, for products originating in and coming from their respective territories listed in the annex.

This Agreement ceased to have effect upon the entry into force of AAP.CE 38.
"
135,Latin American Integration Association (LAIA)," Ecuador, Mexico",Goods,2020-03-25,1983-04-30,1983-05-01,"AAP.R 29 (Res. 1 of the Council of Ministers)

Partial Scope Historical Heritage Renegotiation Agreement No. 29 (AAP.R 29) has as its objective the incorporation in the new integration arrangements set in place under the Montevideo Treaty of the tariff and trade preferences resulting from the renegotiation, revision and updating of the benefits granted in the national lists of the parties to the Agreement.

To that end, the parties agree to grant each other tariff preferences, in respect of their duties payable to third countries, for products originating in and coming from their respective territories listed in the annex.
"
135,Latin American Integration Association (LAIA)," Mexico, Venezuela, Bolivarian Republic of",Goods,2020-03-25,1983-04-30,1983-05-01,"AAP.R 30 (Res. 1 of the Council of Ministers)

Partial Scope Historical Heritage Renegotiation Agreement No. 30 (AAP.R 30) has as its objective the incorporation in the new integration arrangements set in place under the Montevideo Treaty of the tariff and trade preferences resulting from the renegotiation, revision and updating of the benefits granted in the national lists of the parties to the Agreement. 

To that end, the parties agree to grant each other tariff preferences, in respect of their duties payable to third countries, for products originating in and coming from their respective territories listed in the annex.

AAP.R 30 ceased to have effect on 1 January 1995 upon the entry into force of AAP.CE 33.
"
135,Latin American Integration Association (LAIA)," Bolivia, Plurinational State of, Mexico",Goods,2020-03-25,1983-04-30,1983-05-01,"AAP.R 31 (Res. 1 of the Council of Ministers)

Partial Scope Historical Heritage Renegotiation Agreement No. 31 (AAP.R 31) has as its objective the incorporation in the new integration arrangements set in place under the Montevideo Treaty of the tariff and trade preferences resulting from the renegotiation, revision and updating of the benefits granted in the national lists of the parties to the Agreement. 

To that end, the parties agree to grant each other tariff preferences, in respect of their duties payable to third countries, for products originating in and coming from their respective territories listed in the annex.

AAP.R 31 ceased to have effect on 1 January 1995 upon the entry into force of AAP.CE 31.
"
135,Latin American Integration Association (LAIA)," Mexico, Peru",Goods,2020-03-25,1983-04-30,1983-05-01,"AAP.R 32 (Res. 1 of the Council of Ministers)

Partial Scope Historical Heritage Renegotiation Agreement No. 32 (AAP.R 32) has as its objective the incorporation in the new integration arrangements set in place under the Montevideo Treaty of the tariff and trade preferences resulting from the renegotiation, revision and updating of the benefits granted in the national lists of the parties to the Agreement. 

To that end, the parties agree to grant each other tariff preferences, in respect of their duties payable to third countries, for products originating in and coming from their respective territories listed in the annex.

AAP.R 32 ceased to have effect on 25 March 1987 upon the entry into force of AAP.CE 8.
"
135,Latin American Integration Association (LAIA)," Peru, Uruguay",Goods,2020-03-27,1983-04-30,1983-05-01,"AAP.R 33 (Res. 1 of the Council of Ministers)

Partial Scope Historical Heritage Renegotiation Agreement No. 33 (AAP.R 33) has as its objective the incorporation in the new integration arrangements set in place under the Montevideo Treaty of the tariff and trade preferences resulting from the renegotiation, revision and updating of the benefits granted in the national lists of the parties to the Agreement.

To that end, the parties agree to grant each other tariff preferences, in respect of their duties payable to third countries, for products originating in and coming from their respective territories listed in the annex.

This Agreement ceased to have effect upon the entry into force of AAP.CE 58.
"
135,Latin American Integration Association (LAIA)," Brazil, Paraguay",Goods,2020-03-27,1983-04-30,1983-04-30,"AAP.R 34 (Res. 1 of the Council of Ministers)

Partial Scope Historical Heritage Renegotiation Agreement No.34 (AAP.R 34) has as its objective the incorporation in the new integration arrangements set in place under the Montevideo Treaty of the tariff and trade preferences resulting from the renegotiation, revision and updating of the benefits granted in the national lists of the parties to the Agreement. 

To that end, the parties agree to grant each other tariff preferences, in respect of their duties payable to third countries, for products originating in and coming from their respective territories listed in the annex.

The Agreement ceased to have effect from 30 June 1995.

"
135,Latin American Integration Association (LAIA)," Brazil, Uruguay",Goods,2020-03-27,1983-04-30,1983-05-01,"AAP.R 35 (Res. 1 of the Council of Ministers)

Partial Scope Historical Heritage Renegotiation Agreement No. 35 (AAP.R 35) has as its objective the incorporation in the new integration arrangements set in place under the Montevideo Treaty of the tariff and trade preferences resulting from the renegotiation, revision and updating of the benefits granted in the national lists of the parties to the Agreement.

To that end, the parties agree to grant each other tariff preferences, in respect of their duties payable to third countries, for products originating in and coming from their respective territories listed in the annex.

This Agreement ceased to have effect from 30 June 1995.
"
135,Latin American Integration Association (LAIA)," Argentina, Mexico",Goods,2020-03-27,1983-04-30,1984-01-01,"AAP.R 36 (Res. 1 of the Council of Ministers)

Partial Scope Historical Heritage Renegotiation Agreement No. 36 (AAP.R 36) has as its objective the incorporation in the new integration arrangements set in place under the Montevideo Treaty of the tariff and trade preferences resulting from the renegotiation, revision and updating of the benefits granted in the national lists of the parties to the Agreement.

To that end, the parties agree to grant each other tariff preferences, in respect of their duties payable to third countries, for products originating in and coming from their respective territories listed in the annex.

AAP.R 36 ceased to have effect from 1 July 1989.
"
135,Latin American Integration Association (LAIA)," Chile, Mexico",Goods,2020-03-27,1983-04-30,1984-01-01,"AAP.R 37 (Res. 1 of the Council of Ministers)

Partial Scope Historical Heritage Renegotiation Agreement No. 37 (AAP.R 37) has as its objective the incorporation in the new integration arrangements set in place under the Montevideo Treaty of the tariff and trade preferences resulting from the renegotiation, revision and updating of the benefits granted in the national lists of the parties to the Agreement. 

To that end, the parties agree to grant each other tariff preferences, in respect of their duties payable to third countries, for products originating in and coming from their respective territories listed in the annex.

AAP.R 37 ceased to have effect on 22 September 1991 with the entry into force of AAP.CE 17 and, following that, on 1 August 1999 with the entry into force of AAP.CE 41.
"
135,Latin American Integration Association (LAIA)," Mexico, Paraguay",Goods,2020-03-27,1983-04-30,1984-01-01,"AAP.R 38 (Res. 1 of the Council of Ministers)

Partial Scope Historical Heritage Renegotiation Agreement No. 38 (AAP.R 38) has as its objective the incorporation in the new integration arrangements set in place under the Montevideo Treaty of the tariff and trade preferences resulting from the renegotiation, revision and updating of the benefits granted in the national lists of the parties to the Agreement. 

To that end, the parties agree to grant each other tariff preferences, in respect of their duties payable to third countries, for products originating in and coming from their respective territories listed in the annex.
"
135,Latin American Integration Association (LAIA)," Mexico, Uruguay",Goods,2020-03-27,1983-04-30,1984-01-01,"AAP.R 39 (Res. 1 of the Council of Ministers)

Partial Scope Historical Heritage Renegotiation Agreement No. 39 (AAP.R 39) has as its objective the incorporation in the new integration arrangements set in place under the Montevideo Treaty of the tariff and trade preferences resulting from the renegotiation, revision and updating of the benefits granted in the national lists of the parties to the Agreement. 

To that end, the parties agree to grant each other tariff preferences, in respect of their duties payable to third countries, for products originating in and coming from their respective territories listed in the annex.

AAP.R 39 ceased to have effect on 1 July 1986 with the entry into force of AAP.CE 5 and, following that, on 15 July 2004 with the entry into force of AAP.CE 60.
"
135,Latin American Integration Association (LAIA)," Colombia, Mexico",Goods,2020-03-27,1983-08-26,1983-08-26,"AAP.R 40 (Res. 1 of the Council of Ministers)

Partial Scope Historical Heritage Renegotiation Agreement No. 40 (AAP.R 40) has as its objective the incorporation in the new integration arrangements set in place under the Montevideo Treaty of the tariff and trade preferences resulting from the renegotiation, revision and updating of the benefits granted in the national lists of the parties to the Agreement. 

To that end, the parties agree to grant each other tariff preferences, in respect of their duties payable to third countries, for products originating in and coming from their respective territories listed in the annex.

AAP.R 40 ceased to have effect on 1 January 1995 with the entry into force of AAP.CE 33.
"
148,EU – Overseas Countries and Territories (OCT)," Bermuda, British Indian Ocean Territory, Virgin Islands, British, Cayman Islands, Falkland Islands (Islas Malvinas), South Georgia and the South Sandwich Islands, French Polynesia, French Southern Territories, Greenland, Montserrat, Netherlands Antilles, Netherlands, Kingdom of, with respect to Aruba, New Caledonia, Pitcairn, British Overseas Territory of Saint Helena, Ascension and Tristan da Cunha, Anguilla, Saint Pierre and Miquelon, Turks and Caicos Islands, Wallis and Futuna Islands, European Union",Goods,2017-10-10,,,"Three changes to the Association of the Overseas Countries and Territories (OCT) with the European Union (original notification L/3467 of 14 December 1970 and subsequent reports) have taken place in these last years.

First, the current legal basis of the Association of the Overseas Countries and Territories (OCTs) with the European Union is the European Council Decision 2013/755/EU on the association of the overseas countries and territories with the European Union (OJ L 344, 19.12.2013). It has replaced the Council Decision 2001/822/EC of 27 November 2001 on the association of the overseas countries and territories with the European Community (OJ L 314, 30.11.2001, p. 1) as of 1 January 2014.

Second, some changes occurred also in the territorial scope of this Association, as a consequence of the amendments to the list of the OCTs contained in Annex II of the Treaty on the Functioning of the European Union (TFEU).

1. On 1 January 2014 Mayotte ceased to be an overseas country and became an outermost region of the Union within the meaning of Article 349 TFEU. Therefore, Mayotte is not anymore listed in Annex II of TFEU and it is not covered by the legal provisions of Council Decision 2013/755/EU applicable to OCTs. This means that Mayotte falls outside the territorial scope of this Association agreement and it is part of the EU internal market.

The legal basis of this amendment is the European Council Decision 2012/419/EU of 11 July 2012 amending the status of Mayotte with regard to the European Union (OJ L 204, 31.7.2012, p. 131)

2. On 1 January 2012 Saint-Bartélemy ceased to be an outermost region and became an overseas country listed in Annex II of the TFEU. Therefore, Saint-Bartélemy is now subject to the legal provisions of Council Decision 2013/755/EU. This means that Saint-Bartélemy is covered by this Association agreement and it is not anymore part of the EU internal market.

The legal basis of this amendment is the European Council Decision 2010/718/EU of 29 October 2010 amending the status with regard to the European Union of the island of Saint-Barthélemy (OJ L 325, 9.12.2010, p. 4.).

Third, on 1 January 2014, Bermuda started being covered by the provision of the Association Agreement, on the basis of the legal provisions of the European Council Decision 2013/755/EU. To be recalled, Bermuda was already listed as an OCT in Annex II of TFEU, but it was not covered by the 2001 EU-OCT decision."
153,Pakistan - China," China, Pakistan",Goods,2022-03-15,2019-04-28,2019-12-01,"The Protocol amends the following chapters of the original FTA: National Treatment and Market Access for goods, Rules of Origin, Trade Remedies including safeguards, and Investment. A new chapter on Customs Cooperation was added. The amendments were aimed at the substantial reduction and elimination of trade restrictive measures."
183,"Korea, Republic of - United States"," Korea, Republic of, United States of America",Goods & Services,2019-03-06,2018-09-24,2019-01-01,"The Government of the United States of America and the Republic of Korea, parties to the Free Trade Agreement between the United States of America and the Republic of Korea (notified to the Committee on Regional Trade Agreements on March 15, 2012), acting in accordance with Article 24.2 of the Agreement, on September 24, 2018 agreed to amend certain provisions of the Agreement. The modifications and clarifications relate to tariff elimination schedules, non-tariff measures in the automotive sector, and provisions regarding investment and trade remedies."
573,Ukraine - North Macedonia," Ukraine, North Macedonia",Goods,2023-07-18,2022-10-06,2023-07-06,"The Free Trade Agreement between the Republic of Macedonia and Ukraine, concluded on 18 January 2001, is amended by signing two decisions:
Decision No. 1/2022 established by the Agreement on Free Trade, for replacing Protocol B to the Agreement, with new Protocol B and Annexes to it which are an integral part of this Decision. Protocol B applies to products referred to in Chapter II of the Agreement and provides further liberalization of trade in agricultural and food-processing products in import to both countries. New Protocol B covers separate Annex I (a), (b), (c) and Annex II (a), (b) and (c) for further abolishment of custom duties to zero applicable duty or within tariff rate quotas, partially or gradual reduction of customs duties, and all duties having equivalent effect. 
Decision No. 2/2022 established by the Agreement on Free Trade, for replacing Protocol C to the Agreement, with new Protocol C, where to the existing bilateral system of rules of origin is replaced with pan-Euro-Mediterranean model protocol on preferential rules of origin, with aim to allow diagonal cumulation among the countries of the pan-Euro-Mediterranean cumulation comprising North Macedonia and the participants in the European Union’s Stabilisation and Association process, and  the European Union,  EFTA States, Faroe Islands, the Republic of Türkiye, Republic of Moldova, Georgia and Ukraine."
600,EFTA - Albania," Albania, European Free Trade Association (EFTA)",Goods,2025-02-04,2015-09-18,2017-06-01,"Notification of the entry into force of the Protocol Amending the Free Trade Agreement between the EFTA States and Albania.

The EFTA States and the Republic of Albania agreed to amend the Free Trade Agreement to include new provisions that align with sustainable development objectives. The Protocol amends the preamble and key articles to emphasize commitments to democracy, human rights, environmental protection, and the promotion of sustainable trade practices. A new chapter on Trade and Sustainable Development has been added, covering areas such as environmental and labour standards, corporate social responsibility, and sustainable goods and services. These changes aim to enhance economic relations while ensuring that trade and investment support environmental and social goals.
"
600,EFTA - Albania," Albania, European Free Trade Association (EFTA)",Goods,2025-02-04,2021-06-24,2022-01-01,"Notification of the entry into force of Decision No.1 of 2021 of the EFTA-Albania Joint Committee concerning amendments to Protocol B concerning the definition of the concept of originating products and methods of administrative cooperation.

Taking into account that the EFTA States and the Republic of Albania have adopted the Regional Convention on Pan-Euro-Mediterranean Preferential Rules of Origin, the Decision updates Protocol B to align with the revised Convention's framework and its subsequent amendments. This incorporation ensures that products originating in the EFTA States and Albania benefit from the same rules of origin, including cumulation rules, as other participants to the Convention.
"
603,EFTA - Serbia," Serbia, European Free Trade Association (EFTA)",Goods,2024-09-11,2015-05-20,2017-02-01,"The EFTA States and the Republic of Serbia agreed to amend the Free Trade Agreement to include new provisions that align with sustainable development objectives. The Protocol amends the preamble and key articles to emphasize commitments to democracy, human rights, environmental protection, and the promotion of sustainable trade practices. A new chapter on Trade and Sustainable Development has been added, covering areas such as environmental and labour standards, corporate social responsibility, and sustainable goods and services. These changes aim to enhance economic relations while ensuring that trade and investment support environmental and social goals."
603,EFTA - Serbia," Serbia, European Free Trade Association (EFTA)",Goods,2024-09-11,2018-06-19,2020-01-01,"Taking into account that the EFTA States and the Republic of Serbia have adopted the Regional Convention on Pan-Euro-Mediterranean preferential rules of origin, the Decision updates Protocol B to align with the Convention's framework. This incorporation ensures that products originating in the EFTA States and Serbia benefit from the same preferential treatment and cumulation rules as other Convention participants."
603,EFTA - Serbia," Serbia, European Free Trade Association (EFTA)",Goods,2024-09-11,2018-06-19,2021-07-01,"The EFTA States and the Republic of Serbia agreed to amend the Free Trade Agreement to enhance trade facilitation measures. The Decision updates Annex IV to align with the WTO Trade Facilitation Agreement and introduces new principles for efficiency, simplification, and harmonisation of trade procedures. The update includes provisions such as transparency, advance rulings, and risk management."
603,EFTA - Serbia," Serbia, European Free Trade Association (EFTA)",Goods,2024-09-11,2021-05-28,2022-01-01,"The EFTA States and the Republic of Serbia agreed to implement transitional provisions pending the revision of the Regional Convention on Pan-Euro-Mediterranean preferential rules of origin. The Decision updates Protocol B to include alternative applicable rules of origin and provides detailed rules for issuing electronically issued movement certificates EUR.1. This ensures continued preferential treatment and cumulation benefits. Additionally, the Decision includes provisions for the prohibition of drawback of customs duties, dispute settlement mechanisms, and procedures for handling withdrawal from the Convention."
627,Türkiye - Serbia," Türkiye, Serbia",Goods,2022-01-10,2018-01-30,2019-06-01,The revised Protocol I of the FTA consists of five Articles which envisage to provide additional liberalisation on agricultural goods.
636,Türkiye - Georgia," Georgia, Türkiye",Goods,2023-10-10,2007-11-21,2021-04-29,"The Free Trade Agreement between Georgia and Türkiye was signed on 21 November 2007, and entered into force on 1 November 2008. 
Rules of origin of the Free Trade Agreement were regulated under Protocol II of the Agreement. 

• The Decision (No 1/2016) of the Joint Committee established by the Free Trade Agreement between the Government of the Republic of Türkiye and Georgia replacing Protocol II to the Free Trade Agreement between the Republic of Türkiye and Georgia concerning the definition of the concept of ""originating products"" and methods of administrative cooperation signed on 28 October 2016 in Ankara. The Decision has entered into force on 29 April 2021; and is applicable as of this date. The Decision makes reference to the rules of origin contained in the Regional Convention of the Pan-Euro-Mediterranean Preferential Rules of Origin, and enables diagonal cumulation between Georgia, Türkiye and the European Union.
"
649,Colombia - Mexico," Colombia, Mexico",Goods,2011-12-12,2010-06-11,2011-08-02,"The notified Amending Protocol expands market access for certain products, amends certain specific rules of origin, confers new powers and duties on the Administrative Commission and changes the name of the Agreement. "
651,Mexico - Uruguay," Mexico, Uruguay",Goods,2014-07-24,2012-10-01,2013-03-01,"Notification of the entry into force of the Protocol Amending the Free Trade Agreement between the United Mexican States and the Eastern Republic of Uruguay. 

The Amending Protocol establishes annual quotas with 100% preference for powdered milk; it modifies the specific requirement of origin for products of heading 1505; and it provides for the possibility of using expanded cumulation of origin under specific conditions to be determined within the ambit of the Administrative Commission. "
689,"EFTA - Hong Kong, China"," Hong Kong, China, European Free Trade Association (EFTA)",Goods,2024-10-15,2017-10-31,2022-04-01,"Notification of the entry into force of Decision No. 5 of 2017 of the Joint EFTA-Hong Kong, China Committee concerning amendments to Annex II concerning Processed Agricultural Products.

Update of Annex II of the Agreement (Processed Agricultural Products) to reflect changes to the Nomenclature appended to the International Convention on the Harmonized Commodity Description and Coding System (HS), which entered into force on 1 January 2017."
689,"EFTA - Hong Kong, China"," Hong Kong, China, European Free Trade Association (EFTA)",Goods,2024-10-15,2017-10-31,2022-04-01,"Notification of the entry into force of Decision No. 6 of 2017 of the Joint EFTA-Hong Kong, China Committee concerning amendments to Annex III concerning Fish and Other Marine Products.

Update of Annex III of the Agreement (Fish and Other Marine Products) to reflect changes to the Nomenclature appended to the International Convention on the Harmonized Commodity Description and Coding System (HS), which entered into force on 1 January 2017."
689,"EFTA - Hong Kong, China"," Hong Kong, China, European Free Trade Association (EFTA)",Services,2024-10-15,2017-10-31,2017-10-31,"Notification of the entry into force of Decision No. 7 of 2017 of the Joint EFTA-Hong Kong, China Committee concerning amendments to Appendix 1 and 5 to Annex X concerning List of Reservations and Commitments.

Updates of Appendix 1 (first list of reservations of Hong Kong, China) and 5 (list of reservations of Switzerland) to Annex X of the Agreement (Lists of Reservations and Commitments for trade in services) to accurately reflect the description and measures (legal sources) elements of the reservation list entries."
689,"EFTA - Hong Kong, China"," Hong Kong, China, European Free Trade Association (EFTA)",Services,2024-10-15,2017-10-31,2021-05-01,"Notification of the entry into force of Decision No. 4 of 2017 of the Joint EFTA-Hong Kong, China Committee concerning amendments to Annex VII concerning Disciplines on Domestic Regulation.

The original Annex VII of the Agreement provides that Hong Kong, China, Iceland, Liechtenstein and Switzerland shall continue to develop and conclude a set of comprehensive disciplines on domestic regulation for incorporation into the Agreement. Said disciplines have been agreed and replaced the text of Annex VII, with the new text applying to Hong Kong, China and Switzerland. The disciplines cover among others licensing and qualification requirements as well as procedures, technical standards, and transparency."
708,Türkiye - Montenegro," Türkiye, Montenegro",Goods,2023-07-11,2019-07-17,2022-07-01,"Protocol I provides for additional concessions on agricultural products such as meat, fruits, vegetables, chocolates, pasta, cheese, wheat, and mushrooms within the FTA."
740,EFTA - Bosnia and Herzegovina," Bosnia and Herzegovina, European Free Trade Association (EFTA)",Goods,2025-04-11,2022-07-07,2023-09-01,"Notification of the entry into force of the Protocol amending the Free Trade Agreement between the EFTA States and Bosnia and Herzegovina by integrating the new Annex IX in the Free Trade Agreement.

Taking into account the adoption of a new Annex IX in the Free Trade Agreement between the EFTA States and Bosnia and Herzegovina, the Parties simultaneously amended their bilateral Agreements on Agriculture to reflect the change in the FTA and ensure clarity on rules of origin and administrative cooperation to be applied under the bilateral Agreements on Agriculture."
740,EFTA - Bosnia and Herzegovina," Bosnia and Herzegovina, European Free Trade Association (EFTA)",Goods,2025-04-11,2022-07-07,2023-09-01,"Notification of the entry into force of the Protocols amending the Agreements on Agriculture  between the EFTA States and Bosnia and Herzegovina by integrating the new Annex IX in the Free Trade Agreement.

Taking into account the adoption of a new Annex IX in the Free Trade Agreement between the EFTA States and Bosnia and Herzegovina, the Parties simultaneously amended their bilateral Agreements on Agriculture to reflect the change in the FTA and ensure clarity on rules of origin and administrative cooperation to be applied under the bilateral Agreements on Agriculture."
746,"Hong Kong, China - Chile"," Chile, Hong Kong, China",Services,2023-04-06,2022-01-18,2023-04-06,"In accordance with paragraph 1 of Article 19.2 (Amendments) of the Free Trade Agreement between Hong Kong, China and Chile (the “Agreement”), the Parties have updated their respective Schedules of Specific Commitments on Trade in Services in respect of commitments undertaken by the Parties under the Article 11.3 (National Treatment) and Article 11.4 (Market Access) of Chapter 11 (Trade in Services) of the Agreement.  Under the updated Schedules, both Parties have undertaken more favourable services commitments on market access and national treatment in a range of services sectors."
765,EFTA - Montenegro," Montenegro, European Free Trade Association (EFTA)",Goods,2025-02-18,2021-07-14,2022-04-01,"Notification of the entry into force of the Protocol Amending the Free Trade Agreement between the EFTA States and Montenegro.

Taking into account that the EFTA States and Montenegro have adopted the Regional Convention on Pan-Euro-Mediterranean Preferential Rules of Origin, this Protocol set out a new Annex VIII to their Free Trade Agreement, covering rules of origin and methods of cooperation. The updated Annex VIII ensures Parties apply the same revised rules of the Convention and its subsequent amendments assuring that products originating in the EFTA States and Montenegro adhere to the same rules of origin, including cumulation, as other Convention participants."
1170,ASEAN Free Trade Area (AFTA)," Brunei Darussalam, Myanmar, Cambodia, Indonesia, Lao People's Democratic Republic, Malaysia, Philippines, Singapore, Viet Nam, Thailand",Goods,2021-08-31,2019-01-22,2020-09-20,"The Protocol provides amendments to the text of Chapter 3 (Rules of Origin), specifically Article 38 (Certificate of Origin) which is now titled ""Proof of Origin"". The amendment of this Article allows the implementation of the ASEAN-wide Self Certification (AWSC)."
1173,"United Kingdom - Iceland, Liechtenstein and Norway"," Iceland, Liechtenstein, Norway, United Kingdom",Goods & Services,2023-04-11,2023-01-30,2023-02-01,"The Free Trade Agreement between Iceland, the Principality of Liechtenstein, and the Kingdom of Norway and the United Kingdom of Great Britain and Northern Ireland (the ""Agreement"") establishes a free trade area for trade in goods within the meaning of Article XXIV of the GATT 1994 and trade in services within the meaning of Article V of the GATS. The Agreement was originally notified in WT/REG459/N/2. The Agreement was provisionally applied between United Kingdom and Iceland.
This notification relates to a change to entry into force of the Agreement only as between the United Kingdom and Iceland, in relation to all provisions of the Agreement.
"
1173,"United Kingdom - Iceland, Liechtenstein and Norway"," Iceland, Liechtenstein, Norway, United Kingdom",Goods & Services,2022-11-17,2022-08-31,2022-09-01,"The Free Trade Agreement between Iceland, the Principality of Liechtenstein, and the Kingdom of Norway and the United Kingdom of Great Britain and Northern Ireland (the ""Agreement"") establishes a free trade area for trade in goods within the meaning of Article XXIV of the GATT 1994 and trade in services within the meaning of Article V of the GATS. The Agreement was originally notified in WT/REG459/N/1. The Agreement was provisionally applied between the United Kingdom, Liechtenstein and Norway in relation to all provisions of the Agreement, except those which concern government procurement.
This notification relates to a change to entry into force of the Agreement only as between the United Kingdom, Liechtenstein, and Norway in relation to all provisions of the Agreement, so as to include government procurement. 
"
